les Escaldes,Andorra,42.50729,1.53414,1035.0
Andorra la Vella,Andorra,42.50779,1.52109,1031.3
Umm al Qaywayn,United Arab Emirates,25.56473,55.55517,2.8
Ras al-Khaimah,United Arab Emirates,25.78953,55.9432,3.7
Khawr Fakkān,United Arab Emirates,25.33132,56.34199,20.5
Dubai,United Arab Emirates,25.0657,55.17128,8.6
Dibba Al-Fujairah,United Arab Emirates,25.59246,56.26176,19.8
Dibba Al-Hisn,United Arab Emirates,25.61955,56.27291,6.1
Sharjah,United Arab Emirates,25.33737,55.41206,5.8
Ar Ruways,United Arab Emirates,24.11028,52.73056,11.0
Al Fujayrah,United Arab Emirates,25.11641,56.34141,14.4
Al Ain,United Arab Emirates,24.19167,55.76056,283.2
Ajman,United Arab Emirates,25.41111,55.43504,5.0
Adh Dhayd,United Arab Emirates,25.28812,55.88157,116.3
Abu Dhabi,United Arab Emirates,24.46667,54.36667,4.7
Zaranj,Afghanistan,30.95962,61.86037,489.2
Taloqan,Afghanistan,36.73605,69.53451,805.7
Shīnḏanḏ,Afghanistan,33.30294,62.1474,1069.6
Shibirghān,Afghanistan,36.66757,65.7529,360.2
Shahrak,Afghanistan,34.10737,64.3052,2358.0
Sar-e Pul,Afghanistan,36.21544,65.93249,637.2
Sang-e Chārak,Afghanistan,35.84972,66.43694,1471.4
Aībak,Afghanistan,36.26468,68.01551,966.8
Rustāq,Afghanistan,37.12604,69.83045,1314.5
Qarqīn,Afghanistan,37.41853,66.04358,266.2
Qarāwul,Afghanistan,37.21959,68.7802,338.8
Pul-e Khumrī,Afghanistan,35.94458,68.71512,640.5
Paghmān,Afghanistan,34.58787,68.95091,2327.2
Nahrīn,Afghanistan,36.0649,69.13343,1136.5
Maymana,Afghanistan,35.92139,64.78361,869.1
Mehtar Lām,Afghanistan,34.67139,70.20944,789.6
Mazār-e Sharīf,Afghanistan,36.70904,67.11087,365.1
Lashkar Gāh,Afghanistan,31.59382,64.37161,787.4
Kushk,Afghanistan,33.29565,61.95221,1114.1
Kunduz,Afghanistan,36.72895,68.857,407.0
Khōst,Afghanistan,33.33951,69.92041,1184.1
Khulm,Afghanistan,36.69736,67.69826,450.7
Khāsh,Afghanistan,31.52919,62.79055,579.0
Khanabad,Afghanistan,36.6825,69.11556,504.0
Karukh,Afghanistan,34.48108,62.5863,1338.5
Kandahār,Afghanistan,31.61332,65.71013,1012.7
Kabul,Afghanistan,34.52813,69.17233,1798.9
Jalālābād,Afghanistan,34.42647,70.45153,577.7
Jabal os Saraj,Afghanistan,35.11833,69.23778,1609.8
Herāt,Afghanistan,34.34817,62.19967,925.6
Ghormach,Afghanistan,35.73062,63.78264,661.6
Ghazni,Afghanistan,33.55391,68.42096,2178.3
Gereshk,Afghanistan,31.82089,64.57005,833.1
Gardēz,Afghanistan,33.59744,69.22592,2304.6
Fayzabad,Afghanistan,37.11664,70.58002,1212.2
Farah,Afghanistan,32.37451,62.11638,659.9
Kafir Qala,Afghanistan,34.66667,61.06667,723.1
Charikar,Afghanistan,35.01361,69.17139,1555.9
Barakī Barak,Afghanistan,33.96744,68.9492,1940.8
Bāmyān,Afghanistan,34.82156,67.82734,2549.2
Balkh,Afghanistan,36.75635,66.8972,346.8
Baghlān,Afghanistan,36.13068,68.70829,534.5
Ārt Khwājah,Afghanistan,37.08571,69.47958,481.8
Āsmār,Afghanistan,35.03333,71.35809,917.5
Asadābād,Afghanistan,34.87311,71.14697,837.1
Andkhōy,Afghanistan,36.95293,65.12376,308.0
Bāzārak,Afghanistan,35.31292,69.51519,1962.6
Markaz-e Woluswalī-ye Āchīn,Afghanistan,34.12583,70.70778,975.9
Cool űrhajó,Afghanistan,34.26545,67.34516,2886.8
Saint John’s,Antigua and Barbuda,17.11717,-61.84573,2.4
The Valley,Anguilla,18.21704,-63.05783,17.9
Sarandë,Albania,39.87556,20.00528,27.2
Kukës,Albania,42.07694,20.42194,353.0
Korçë,Albania,40.61861,20.78083,869.9
Gjirokastër,Albania,40.07583,20.13889,292.6
Elbasan,Albania,41.1125,20.08222,127.1
Burrel,Albania,41.61028,20.00889,316.5
Vlorë,Albania,40.46667,19.48972,5.7
Tirana,Albania,41.3275,19.81889,111.7
Shkodër,Albania,42.06828,19.51258,14.1
Patos Fshat,Albania,40.64278,19.65083,156.4
Lushnjë,Albania,40.94194,19.705,20.9
Lezhë,Albania,41.78361,19.64361,11.9
Laç,Albania,41.63556,19.71306,34.3
Kuçovë,Albania,40.80028,19.91667,58.5
Krujë,Albania,41.50917,19.79278,515.6
Kavajë,Albania,41.18556,19.55694,20.3
Fier-Çifçi,Albania,40.71667,19.56667,15.4
Fier,Albania,40.72389,19.55611,22.3
Durrës,Albania,41.32306,19.44139,15.1
Berat,Albania,40.70583,19.95222,63.3
Kapan,Armenia,39.20755,46.40576,780.6
Goris,Armenia,39.51288,46.33816,1376.7
Hats’avan,Armenia,39.46405,45.97047,1760.5
Artashat,Armenia,39.96144,44.54447,835.0
Ararat,Armenia,39.83166,44.70489,822.8
Yerevan,Armenia,40.18111,44.51361,1011.3
Ejmiatsin,Armenia,40.16557,44.29462,877.7
Spitak,Armenia,40.83221,44.26731,1556.0
Sevan,Armenia,40.5484,44.94868,1919.2
Masis,Armenia,40.06762,44.43591,838.3
Vanadzor,Armenia,40.80456,44.4939,1348.6
Gavarr,Armenia,40.35398,45.12386,1955.2
Hrazdan,Armenia,40.49748,44.7662,1763.7
Armavir,Armenia,40.15446,44.03815,873.7
Gyumri,Armenia,40.7942,43.84528,1552.7
Ashtarak,Armenia,40.2991,44.36204,1144.7
Abovyan,Armenia,40.26741,44.62656,1411.0
Saurimo,Angola,-9.66078,20.39155,1067.2
Lucapa,Angola,-8.41915,20.74466,948.6
Luau,Angola,-10.70727,22.22466,1102.1
Uíge,Angola,-7.60874,15.06131,820.2
Soio,Angola,-6.1349,12.36894,5.6
Nzeto,Angola,-7.23116,12.8666,17.8
N’dalatando,Angola,-9.29782,14.91162,790.7
Mbanza Congo,Angola,-6.26703,14.2401,546.6
Malanje,Angola,-9.54015,16.34096,1127.8
Luanda,Angola,-8.83682,13.23432,73.1
Caxito,Angola,-8.57848,13.66425,17.8
Cabinda,Angola,-5.55,12.2,0.0
Sumbe,Angola,-11.20605,13.84371,7.7
Namibe,Angola,-15.19611,12.15222,11.4
Menongue,Angola,-14.6585,17.69099,1345.8
Luena,Angola,-11.78333,19.91667,1333.4
Lubango,Angola,-14.91717,13.4925,1759.0
Longonjo,Angola,-12.90667,15.25333,1423.9
Lobito,Angola,-12.3644,13.53601,1.6
Cuito,Angola,-12.38333,16.93333,1698.0
Huambo,Angola,-12.77611,15.73917,1714.4
Catumbela,Angola,-12.43002,13.54677,10.9
Catabola,Angola,-12.15,17.28333,1525.1
Camacupa,Angola,-12.01667,17.48333,1469.7
Caluquembe,Angola,-13.78333,14.68333,1695.3
Caála,Angola,-12.8525,15.56056,1739.0
Benguela,Angola,-12.57626,13.40547,6.8
Zárate,Argentina,-34.09814,-59.02858,26.5
Villa Ocampo,Argentina,-28.48752,-59.35515,55.5
Villa Lugano,Argentina,-34.67907,-58.47263,18.2
Villaguay,Argentina,-31.8653,-59.02689,50.6
Villa Gesell,Argentina,-37.26394,-56.97304,8.7
Tigre,Argentina,-34.42603,-58.57962,5.0
Tandil,Argentina,-37.32167,-59.13316,188.5
San Vicente,Argentina,-26.61667,-54.13333,593.6
Santo Tomé,Argentina,-28.54939,-56.04077,80.5
Santa Elena,Argentina,-30.94768,-59.78696,65.8
San Pedro,Argentina,-26.62207,-54.10842,548.4
San Luis del Palmar,Argentina,-27.5079,-58.55454,62.8
San Lorenzo,Argentina,-28.13306,-58.76733,61.7
San Javier,Argentina,-30.57781,-59.9317,24.7
San Isidro,Argentina,-34.47145,-58.50776,25.7
Saladas,Argentina,-28.25384,-58.62591,72.6
Retiro,Argentina,-34.58333,-58.38333,7.8
Resistencia,Argentina,-27.46056,-58.98389,54.4
Reconquista,Argentina,-29.15,-59.65,45.9
Quilmes,Argentina,-34.72418,-58.25265,19.9
Puerto Rico,Argentina,-26.79598,-55.02402,147.2
Puerto Iguazú,Argentina,-25.59912,-54.57355,177.3
Puerto Esperanza,Argentina,-26.01517,-54.67306,153.8
Puerto Eldorado,Argentina,-26.40843,-54.69463,115.7
Posadas,Argentina,-27.36708,-55.89608,123.8
Pontevedra,Argentina,-34.74974,-58.68697,22.4
Pirané,Argentina,-25.73239,-59.10879,82.9
Paso de los Libres,Argentina,-29.71251,-57.08771,72.6
Oberá,Argentina,-27.48706,-55.11994,340.3
Necochea,Argentina,-38.54726,-58.73675,17.7
Morón,Argentina,-34.65344,-58.61975,28.9
Monte Caseros,Argentina,-30.25359,-57.63626,53.0
Montecarlo,Argentina,-26.5662,-54.757,206.9
Mercedes,Argentina,-34.65145,-59.43068,42.9
Mercedes,Argentina,-29.18416,-58.07519,94.4
Mar del Plata,Argentina,-38.00228,-57.55754,14.2
Luján,Argentina,-34.57028,-59.105,25.4
La Plata,Argentina,-34.92145,-57.95453,16.5
La Paz,Argentina,-30.74485,-59.64566,54.3
Jardín América,Argentina,-27.04346,-55.22698,222.8
Gualeguaychú,Argentina,-33.00937,-58.51722,15.3
Gualeguay,Argentina,-33.14156,-59.30966,13.4
Goya,Argentina,-29.14395,-59.2651,37.0
Gobernador Ingeniero Valentín Virasoro,Argentina,-28.05,-56.03333,129.1
General José de San Martín,Argentina,-26.53743,-59.34158,77.6
Garupá,Argentina,-27.48171,-55.82921,104.6
Formosa,Argentina,-26.17753,-58.17814,65.0
Fontana,Argentina,-27.41813,-59.02392,52.5
Federal,Argentina,-30.95465,-58.78326,66.1
Esquina,Argentina,-30.01444,-59.52719,41.4
El Soberbio,Argentina,-27.29847,-54.19877,150.4
Dolores,Argentina,-36.31321,-57.67918,11.6
Curuzú Cuatiá,Argentina,-29.79171,-58.0546,75.7
Corrientes,Argentina,-27.4806,-58.8341,61.7
Concordia,Argentina,-31.39296,-58.02089,31.7
Concepción del Uruguay,Argentina,-32.48249,-58.23722,20.4
Colegiales,Argentina,-34.57365,-58.44924,24.3
Chajarí,Argentina,-30.75048,-57.97962,56.8
Campana,Argentina,-34.16874,-58.95914,11.9
Buenos Aires,Argentina,-34.61315,-58.37723,15.8
Barranqueras,Argentina,-27.48132,-58.93925,50.4
Azul,Argentina,-36.77698,-59.85854,135.9
Avellaneda,Argentina,-29.11761,-59.65834,49.4
Aristóbulo del Valle,Argentina,-27.09625,-54.89626,492.7
Zapala,Argentina,-38.89916,-70.05442,1013.0
Yerba Buena,Argentina,-26.81667,-65.31667,509.5
Villa Regina,Argentina,-39.1,-67.06667,200.2
Villa Paula de Sarmiento,Argentina,-31.4933,-68.53838,644.4
Villa Nueva,Argentina,-32.43293,-63.24763,200.7
Villa María,Argentina,-32.40751,-63.24016,201.7
Villa Dolores,Argentina,-31.94585,-65.18958,524.9
Villa Constitución,Argentina,-33.22778,-60.3297,30.3
Villa Carlos Paz,Argentina,-31.42414,-64.49778,663.7
Villa Ángela,Argentina,-27.57383,-60.71526,77.2
Villa Allende,Argentina,-31.29458,-64.29538,504.3
Viedma,Argentina,-40.81345,-62.99668,6.6
Victoria,Argentina,-32.61841,-60.15478,48.0
Vera,Argentina,-29.4593,-60.21261,60.0
Venado Tuerto,Argentina,-33.74556,-61.96885,114.6
Veinticinco de Mayo,Argentina,-35.4323,-60.17271,54.8
Ushuaia,Argentina,-54.8,-68.3,50.4
Unquillo,Argentina,-31.23073,-64.31615,630.1
Tres Isletas,Argentina,-26.34067,-60.43207,100.6
Tres Arroyos,Argentina,-38.37394,-60.27978,111.9
Trelew,Argentina,-43.24895,-65.30505,10.7
Termas de Río Hondo,Argentina,-27.49362,-64.85972,256.4
Tartagal,Argentina,-22.51637,-63.80131,495.7
Tafí Viejo,Argentina,-26.73201,-65.25921,622.2
Sunchales,Argentina,-30.94404,-61.56148,97.9
Santo Tomé,Argentina,-31.66274,-60.7653,17.9
Santiago del Estero,Argentina,-27.79511,-64.26149,185.4
Santa Rosa,Argentina,-36.61667,-64.28333,178.4
Santa Lucía,Argentina,-31.53987,-68.49503,618.1
Santa Fe de la Vera Cruz,Argentina,-31.63333,-60.7,20.2
San Salvador de Jujuy,Argentina,-24.19457,-65.29712,1254.6
San Ramón de la Nueva Orán,Argentina,-23.13705,-64.32426,357.1
San Rafael,Argentina,-34.61772,-68.33007,695.6
San Pedro,Argentina,-24.23127,-64.86614,584.7
San Nicolás de los Arroyos,Argentina,-33.33578,-60.22523,24.4
San Miguel de Tucumán,Argentina,-26.82414,-65.2226,447.9
San Martín de los Andes,Argentina,-40.15789,-71.35337,648.1
San Martín,Argentina,-33.08103,-68.46814,658.9
San Luis,Argentina,-33.29501,-66.33563,728.9
San Justo,Argentina,-30.78913,-60.59189,56.0
San Juan,Argentina,-31.5375,-68.53639,643.1
San José de Jáchal,Argentina,-30.24057,-68.74693,1174.1
San Jorge,Argentina,-31.89618,-61.85984,105.9
San Francisco,Argentina,-31.42797,-62.08266,115.1
San Fernando del Valle de Catamarca,Argentina,-28.46957,-65.78524,542.3
San Antonio Oeste,Argentina,-40.73193,-64.94769,9.7
Salta,Argentina,-24.7859,-65.41166,1180.1
Rufino,Argentina,-34.26827,-62.71262,117.4
Rosario,Argentina,-32.94682,-60.63932,33.4
Río Tercero,Argentina,-32.17301,-64.11405,385.2
Río Segundo,Argentina,-31.6526,-63.9099,344.1
Río Gallegos,Argentina,-51.62261,-69.21813,15.1
Río Cuarto,Argentina,-33.13067,-64.34992,440.0
Río Ceballos,Argentina,-31.16486,-64.32241,705.2
Rawson,Argentina,-43.30016,-65.10228,9.7
Rafaela,Argentina,-31.25033,-61.4867,101.4
Quitilipi,Argentina,-26.86913,-60.21683,86.7
Punta Alta,Argentina,-38.87588,-62.07359,7.7
Puerto Madryn,Argentina,-42.7692,-65.03851,8.8
Presidencia Roque Sáenz Peña,Argentina,-26.78522,-60.43876,95.1
Pocito,Argentina,-31.68333,-68.58333,609.0
Plottier,Argentina,-38.96667,-68.23333,270.5
Pergamino,Argentina,-33.88995,-60.57357,67.7
Pérez,Argentina,-32.99835,-60.76791,36.6
Paraná,Argentina,-31.73197,-60.5238,61.5
Palpalá,Argentina,-24.25647,-65.21163,1122.2
Olavarría,Argentina,-36.89272,-60.32254,168.3
Nueve de Julio,Argentina,-35.44437,-60.88313,77.3
Neuquén,Argentina,-38.95161,-68.0591,279.4
Morteros,Argentina,-30.71164,-61.99862,98.8
Monteros,Argentina,-27.16741,-65.49832,357.5
Mendoza,Argentina,-32.89084,-68.82717,742.6
Marcos Juárez,Argentina,-32.6978,-62.10672,114.8
Machagai,Argentina,-26.92614,-60.04955,86.7
Lincoln,Argentina,-34.86649,-61.5302,89.2
Libertador General San Martín,Argentina,-23.80644,-64.78757,480.3
Las Breñas,Argentina,-27.08966,-61.08161,102.0
La Rioja,Argentina,-29.41105,-66.85067,498.6
La Falda,Argentina,-31.08841,-64.48987,947.5
La Calera,Argentina,-31.34377,-64.33529,497.3
Laboulaye,Argentina,-34.12662,-63.39119,140.8
Junín,Argentina,-34.58382,-60.94332,82.8
Joaquín V. González,Argentina,-25.08333,-64.18333,393.0
Jesús María,Argentina,-30.98153,-64.09424,533.7
Granadero Baigorria,Argentina,-32.85683,-60.71754,31.3
Gobernador Gálvez,Argentina,-33.03016,-60.64045,25.8
General Roca,Argentina,-39.03333,-67.58333,235.7
General Pinedo,Argentina,-27.31667,-61.28333,92.7
General Pico,Argentina,-35.65662,-63.75682,143.7
General Enrique Mosconi,Argentina,-22.59588,-63.81255,479.0
Gálvez,Argentina,-32.02927,-61.22103,54.5
Firmat,Argentina,-33.45937,-61.4832,106.1
Famaillá,Argentina,-27.05413,-65.40329,364.5
Esquel,Argentina,-42.91147,-71.31947,574.6
Esperanza,Argentina,-31.4488,-60.93173,39.9
Embarcación,Argentina,-23.21003,-64.09965,288.3
Embalse,Argentina,-32.18,-64.41809,561.9
El Bolsón,Argentina,-41.96051,-71.53336,315.8
Diamante,Argentina,-32.06641,-60.63837,71.1
Deán Funes,Argentina,-30.42036,-64.34984,691.9
Cutral-Có,Argentina,-38.93424,-69.23052,614.2
Cruz del Eje,Argentina,-30.72644,-64.80387,467.0
Crespo,Argentina,-32.02873,-60.30658,110.4
Cosquín,Argentina,-31.24508,-64.46563,704.1
Coronel Suárez,Argentina,-37.45467,-61.93343,239.2
Coronda,Argentina,-31.97263,-60.91983,17.8
Córdoba,Argentina,-31.4135,-64.18105,398.5
Comodoro Rivadavia,Argentina,-45.86413,-67.49656,61.0
Cipolletti,Argentina,-38.93392,-67.99032,264.6
Cinco Saltos,Argentina,-38.82225,-68.06293,286.1
Chivilcoy,Argentina,-34.89566,-60.01667,58.0
Chimbas,Argentina,-31.48333,-68.53333,639.0
Chilecito,Argentina,-29.16195,-67.4974,1121.6
Charata,Argentina,-27.21438,-61.18795,98.1
Chacabuco,Argentina,-34.64167,-60.47389,71.6
Centenario,Argentina,-38.82955,-68.1318,289.2
Caucete,Argentina,-31.65179,-68.28105,576.0
Catriel,Argentina,-37.87907,-67.7956,320.8
Castelli,Argentina,-25.94679,-60.61947,109.9
Casilda,Argentina,-33.04417,-61.16806,75.7
Carcarañá,Argentina,-32.85679,-61.15331,56.8
Capitán Bermúdez,Argentina,-32.82262,-60.71852,31.7
Cañada de Gómez,Argentina,-32.81636,-61.39493,90.0
Caleta Olivia,Argentina,-46.43929,-67.52814,11.6
Bell Ville,Argentina,-32.62591,-62.68873,130.1
Bella Vista,Argentina,-27.03424,-65.30196,361.2
Bahía Blanca,Argentina,-38.71959,-62.27243,24.7
Arroyo Seco,Argentina,-33.15489,-60.50863,26.7
Arroyito,Argentina,-31.42022,-63.05002,154.0
Añatuya,Argentina,-28.46064,-62.83472,110.5
Alta Gracia,Argentina,-31.65292,-64.42826,556.2
Allen,Argentina,-38.97736,-67.82714,255.3
Alderetes,Argentina,-26.81667,-65.13333,449.7
Albardón,Argentina,-31.43722,-68.52556,639.2
Aguilares,Argentina,-27.4338,-65.61427,371.2
Villa Santa Rita,Argentina,-34.61082,-58.481,22.4
Villa Mercedes,Argentina,-33.67571,-65.45783,513.7
San Carlos de Bariloche,Argentina,-41.14557,-71.30822,838.2
Adrogué,Argentina,-34.80041,-58.38384,26.9
Pago Pago,American Samoa,-14.27806,-170.7025,129.1
Wolfsberg,Austria,46.84056,14.84417,465.7
Wiener Neustadt,Austria,47.8,16.25,269.3
Vienna,Austria,48.20849,16.37208,193.2
Wels,Austria,48.16667,14.03333,318.2
Weinzierl bei Krems,Austria,48.4,15.6,206.2
Villach,Austria,46.61028,13.85583,492.2
Traun,Austria,48.22656,14.23459,274.3
Traiskirchen,Austria,48.01485,16.29324,204.3
Ternitz,Austria,47.71565,16.03575,393.6
Steyr,Austria,48.04274,14.42127,286.2
Spittal an der Drau,Austria,46.8,13.5,552.4
Schwechat,Austria,48.13333,16.46667,161.7
Sankt Pölten,Austria,48.2,15.63333,270.3
Salzburg,Austria,47.79941,13.04399,436.8
Saalfelden am Steinernen Meer,Austria,47.42681,12.848,745.8
Mödling,Austria,48.08605,16.28921,223.8
Lustenau,Austria,47.42642,9.65851,407.6
Linz,Austria,48.30639,14.28611,260.9
Leonding,Austria,48.27965,14.2533,286.0
Leoben,Austria,47.3765,15.09144,542.0
Kufstein,Austria,47.58333,12.16667,479.2
Krems an der Donau,Austria,48.40921,15.61415,195.9
Klosterneuburg,Austria,48.30521,16.32522,191.3
Klagenfurt am Wörthersee,Austria,46.62472,14.30528,445.1
Kapfenberg,Austria,47.44458,15.29331,504.4
Innsbruck,Austria,47.26266,11.39454,581.5
Hallein,Austria,47.68333,13.1,445.2
Graz,Austria,47.06667,15.45,358.5
Feldkirch,Austria,47.23306,9.6,464.4
Dornbirn,Austria,47.41427,9.74195,441.9
Bregenz,Austria,47.50311,9.7471,406.1
Braunau am Inn,Austria,48.25628,13.04343,353.8
Baden,Austria,48.00543,16.23264,231.6
Amstetten,Austria,48.1229,14.87206,278.2
Ansfelden,Austria,47.965,13.04944,616.9
Whyalla,Australia,-33.03268,137.56483,15.7
Rockingham,Australia,-32.27682,115.72978,6.3
Prospect,Australia,-34.88241,138.5933,38.1
Port Hedland,Australia,-20.31215,118.61059,4.1
Perth,Australia,-31.95224,115.8614,13.9
Murray Bridge,Australia,-35.11986,139.27345,30.2
Mount Isa,Australia,-20.72523,139.49727,359.4
Morphett Vale,Australia,-35.13333,138.51667,89.7
Mandurah,Australia,-32.5269,115.7217,3.0
Kwinana,Australia,-32.23013,115.78128,7.8
Kalgoorlie,Australia,-30.74614,121.4742,385.9
Gosnells,Australia,-32.081,116.0054,22.4
Geraldton,Australia,-28.77897,114.61459,12.4
Gawler,Australia,-34.60251,138.74902,49.4
Fremantle,Australia,-32.05,115.76667,23.7
Darwin,Australia,-12.46113,130.84185,27.8
Busselton,Australia,-33.65249,115.3455,6.1
Bunbury,Australia,-33.32711,115.64137,4.5
Armadale,Australia,-32.14607,116.0093,49.9
Alice Springs,Australia,-23.69748,133.88362,579.6
Albany,Australia,-35.0031,117.86595,45.4
Adelaide,Australia,-34.92866,138.59863,46.7
Woodridge,Australia,-27.63333,153.1,37.0
Wodonga,Australia,-36.12179,146.88809,167.3
Werribee,Australia,-37.9,144.66667,24.9
Warrnambool,Australia,-38.38176,142.48799,17.4
Wantirna South,Australia,-37.88333,145.21667,69.0
Wangaratta,Australia,-36.35846,146.32056,152.0
Wagga Wagga,Australia,-35.12577,147.35375,197.5
Traralgon,Australia,-38.19528,146.5415,38.4
Townsville,Australia,-19.26639,146.80569,11.5
Toowoomba,Australia,-27.56056,151.95386,599.4
Thornbury,Australia,-37.75,145,62.4
Thomastown,Australia,-37.68333,145.01667,104.3
Tarneit,Australia,-37.86667,144.66667,28.3
Taree,Australia,-31.91099,152.45387,29.2
Tamworth,Australia,-31.09048,150.92905,383.4
Sydney,Australia,-33.86785,151.20732,45.9
Surfers Paradise,Australia,-28.00274,153.42999,12.8
Sunnybank,Australia,-27.58333,153.05,39.2
Sunbury,Australia,-37.57742,144.72607,216.5
Port Stephens,Australia,-32.71314,152.06623,23.3
Springvale,Australia,-37.94853,145.15274,51.3
Southport,Australia,-27.96724,153.39796,5.8
South Grafton,Australia,-29.7076,152.92627,2.9
Shepparton,Australia,-36.38047,145.39867,114.7
Seaford,Australia,-38.1,145.13333,2.8
Saint Kilda,Australia,-37.8676,144.98099,8.3
Saint Albans,Australia,-37.73333,144.8,78.7
Rowville,Australia,-37.93333,145.23333,66.7
Rockhampton,Australia,-23.38032,150.50595,12.2
Richmond,Australia,-37.81819,145.00176,20.5
Reservoir,Australia,-37.71667,145,85.6
Queanbeyan,Australia,-35.35493,149.232,579.0
Quakers Hill,Australia,-33.73333,150.88333,37.6
Preston,Australia,-37.75,145.01667,57.6
Port Macquarie,Australia,-31.43084,152.90894,11.7
Point Cook,Australia,-37.91482,144.75088,6.5
Pakenham South,Australia,-38.13333,145.51667,7.8
Orange,Australia,-33.28397,149.10018,866.0
Nowra,Australia,-34.88422,150.60036,29.1
Northcote,Australia,-37.76667,145,48.7
Noble Park,Australia,-37.96667,145.16667,41.8
Newcastle,Australia,-32.92715,151.77647,12.6
Nerang,Australia,-27.98941,153.33633,12.6
Narre Warren,Australia,-38.03333,145.3,16.8
Narangba,Australia,-27.20338,152.95923,43.7
Mulgrave,Australia,-37.91667,145.2,69.9
Mount Martha,Australia,-38.26667,145.01667,7.6
Mount Gambier,Australia,-37.8318,140.77919,39.2
Mount Eliza,Australia,-38.18333,145.08333,52.8
Mosman,Australia,-33.83902,151.23956,27.6
Mornington,Australia,-38.21792,145.03876,22.9
Morayfield,Australia,-27.10876,152.94907,7.2
Moe,Australia,-38.17828,146.26099,74.5
Mill Park,Australia,-37.66667,145.06667,130.5
Mildura,Australia,-34.18551,142.16251,55.8
Melton,Australia,-37.68339,144.58543,134.3
Melbourne,Australia,-37.814,144.96332,20.0
Maryborough,Australia,-25.54073,152.70493,10.6
Marrickville,Australia,-33.90318,151.15176,13.7
Maroubra,Australia,-33.95,151.23333,19.5
Maitland,Australia,-32.73308,151.5574,12.7
Mackay,Australia,-21.15345,149.16554,7.8
Liverpool,Australia,-33.9,150.93333,9.8
Lismore,Australia,-28.81354,153.2773,10.7
Lilydale,Australia,-37.75,145.35,97.8
Launceston,Australia,-41.43876,147.13467,11.1
Lara,Australia,-38.02388,144.40617,10.5
Langwarrin,Australia,-38.16667,145.16667,99.6
Lalor,Australia,-37.66667,145.01667,118.1
Keysborough,Australia,-37.99116,145.17385,19.9
Kew,Australia,-37.80639,145.03086,59.0
Katoomba,Australia,-33.71977,150.30739,988.1
Hornsby,Australia,-33.70244,151.09931,177.0
Hobart,Australia,-42.87936,147.32941,16.0
Hawthorn South,Australia,-37.83333,145.05,48.9
Hampton Park,Australia,-38.03333,145.25,22.9
Griffith,Australia,-34.28853,146.05093,127.5
Greensborough,Australia,-37.70462,145.10302,69.9
Granville,Australia,-33.83333,151.01667,8.2
Goulburn,Australia,-34.75155,149.72086,637.3
Gold Coast,Australia,-28.00029,153.43088,3.0
Glenroy,Australia,-37.7,144.93333,99.1
Glenferrie,Australia,-37.83333,145.05,48.9
Gladstone,Australia,-23.84852,151.25775,18.9
Geelong,Australia,-38.14711,144.36069,17.6
Frankston East,Australia,-38.13333,145.13333,5.1
Frankston,Australia,-38.14458,145.12291,9.1
Forster,Australia,-32.18136,152.51715,5.1
Essendon,Australia,-37.76667,144.91667,41.3
Epping,Australia,-37.65,145.03333,126.9
Epping,Australia,-33.77271,151.08184,99.5
Engadine,Australia,-34.06564,151.01266,187.7
Eltham,Australia,-37.73333,145.15,63.2
Echuca,Australia,-36.14057,144.75185,97.6
Earlwood,Australia,-33.95,151.1,40.8
Dubbo,Australia,-32.24295,148.60484,264.3
Doncaster East,Australia,-37.78761,145.14888,116.0
Doncaster,Australia,-37.78828,145.12373,106.1
Devonport,Australia,-41.17695,146.35152,25.7
Deer Park,Australia,-37.76667,144.78333,51.2
Deception Bay,Australia,-27.19354,153.02631,9.1
Dandenong,Australia,-37.98333,145.2,29.5
Cronulla,Australia,-34.06251,151.14961,30.7
Cranbourne,Australia,-38.1,145.28333,48.5
Cranbourne,Australia,-38.11342,145.28326,62.5
Craigieburn,Australia,-37.6,144.95,183.9
Coffs Harbour,Australia,-30.29626,153.11351,6.3
Coburg,Australia,-37.75,144.96667,56.5
Clayton,Australia,-37.91667,145.11667,65.5
Wollongong,Australia,-34.424,150.89345,27.2
Cessnock,Australia,-32.83211,151.35623,68.7
Castle Hill,Australia,-33.73333,151,126.3
Carrum Downs,Australia,-38.09968,145.17248,26.7
Carnegie,Australia,-37.88333,145.06667,48.9
Carlingford,Australia,-33.78269,151.04888,104.1
Caringbah,Australia,-34.04726,151.12051,53.9
Canberra,Australia,-35.28346,149.12807,571.0
Camberwell,Australia,-37.84205,145.0694,45.8
Caloundra,Australia,-26.80346,153.12195,8.1
Cairns,Australia,-16.92304,145.76625,7.7
Caboolture,Australia,-27.08465,152.9511,22.9
Burnie,Australia,-41.05584,145.90375,22.3
Bundaberg,Australia,-24.86621,152.3479,15.8
Buderim,Australia,-26.68443,153.05705,144.6
Brunswick,Australia,-37.76667,144.96667,46.7
Broken Hill,Australia,-31.96173,141.45998,309.0
Brisbane,Australia,-27.46794,153.02809,26.2
Boronia,Australia,-37.86667,145.28333,103.3
Blacktown,Australia,-33.76667,150.91667,62.9
Berwick,Australia,-38.03333,145.35,83.1
Bendigo,Australia,-36.75818,144.28024,219.2
Baulkham Hills,Australia,-33.75881,150.99292,103.5
Bathurst,Australia,-33.41665,149.5806,671.9
Banora Point,Australia,-28.21298,153.53634,4.8
Bankstown,Australia,-33.91667,151.03333,30.4
Ballarat,Australia,-37.56622,143.84957,438.9
Auburn,Australia,-33.85,151.03333,22.1
Ashfield,Australia,-33.88834,151.12274,26.5
Armidale,Australia,-30.50828,151.67123,978.0
Albury,Australia,-36.07494,146.92394,163.5
South Brisbane,Australia,-27.48034,153.02049,16.4
Cheltenham,Australia,-37.96944,145.04806,37.6
Randwick,Australia,-33.91439,151.24895,34.6
Dee Why,Australia,-33.75,151.3,0.0
Umina,Australia,-33.52314,151.31325,6.2
Palmerston,Australia,-12.48602,130.9833,33.7
Bracken Ridge,Australia,-27.3171,153.03097,26.6
North Ryde,Australia,-33.79677,151.12436,77.8
Hoppers Crossing,Australia,-37.88264,144.7003,23.4
Logan City,Australia,-27.63917,153.10944,37.7
Carindale,Australia,-27.50578,153.10236,9.8
Paramatta,Australia,-33.8178,151.00348,19.0
Ferntree Gully,Australia,-37.88461,145.29539,123.6
City of Parramatta,Australia,-33.81667,151,31.6
Adelaide Hills,Australia,-34.91119,138.70735,421.4
Canning Vale,Australia,-32.05799,115.91814,21.5
Glenmore Park,Australia,-33.79068,150.6693,45.3
Glen Iris,Australia,-37.85995,145.05489,42.9
Balwyn North,Australia,-37.79086,145.09386,54.7
Carnegie,Australia,-37.88867,145.05713,48.4
Malvern East,Australia,-37.87397,145.04253,58.2
Brighton East,Australia,-37.90232,145.01734,20.7
Booval,Australia,-27.61328,152.78944,31.9
St Albans,Australia,-37.74496,144.80049,66.3
Endeavour Hills,Australia,-37.97695,145.25866,90.6
Clayton,Australia,-37.91731,145.13041,86.4
Taylors Lakes,Australia,-37.69863,144.78631,94.7
Roxburgh Park,Australia,-37.62581,144.92555,184.5
Wyndham Vale,Australia,-37.8415,144.54101,84.7
Willetton,Australia,-32.05251,115.88782,21.4
Thornbury,Australia,-37.75829,145.00514,62.2
Thornlie,Australia,-32.06003,115.955,13.5
Hillside,Australia,-37.69047,144.74172,132.7
Bundoora,Australia,-37.69825,145.05967,95.4
Forest Lake,Australia,-27.62563,152.96883,55.4
Sunnybank Hills,Australia,-27.61025,153.05388,89.2
Narre Warren South,Australia,-38.04369,145.2923,44.9
Dandenong North,Australia,-37.96649,145.2081,50.8
Frankston South,Australia,-38.16604,145.13643,84.9
Sunshine West,Australia,-37.79117,144.81637,36.8
Altona Meadows,Australia,-37.88413,144.78367,5.1
West Pennant,Australia,-33.7457,151.04764,161.7
Oranjestad,Aruba,12.52398,-70.02703,14.2
Babijn,Aruba,12.53333,-69.98333,23.3
Angochi,Aruba,12.51667,-69.95,77.1
Mariehamn,Aland Islands,60.09726,19.93481,8.8
Xankandi,Azerbaijan,39.8177,46.7528,846.4
Əhmədbəyli,Azerbaijan,39.87867,48.39901,-12.9
Shushi,Azerbaijan,39.76006,46.74989,1347.5
Salyan,Azerbaijan,39.59621,48.98479,-18.6
Saatlı,Azerbaijan,39.93214,48.36892,-8.9
Neftçala,Azerbaijan,39.3768,49.247,-23.2
Nakhchivan,Azerbaijan,39.20889,45.41222,891.9
Lankaran,Azerbaijan,38.75428,48.85062,-18.3
Imishli,Azerbaijan,39.87095,48.05995,1.8
Fizuli,Azerbaijan,39.60094,47.14529,423.3
Dzhalilabad,Azerbaijan,39.20963,48.49186,38.1
Pushkino,Azerbaijan,39.45833,48.545,4.6
Beylagan,Azerbaijan,39.77556,47.61861,60.8
Astara,Azerbaijan,38.45598,48.87498,-20.4
Şirvan,Azerbaijan,39.93778,48.929,-10.9
Ağdam,Azerbaijan,39.99096,46.92736,376.5
Zaqatala,Azerbaijan,41.6316,46.64479,504.0
Zabrat,Azerbaijan,40.47746,49.94174,25.0
Yevlakh,Azerbaijan,40.61832,47.15014,20.1
Yelenendorf,Azerbaijan,40.58584,46.3189,687.8
Xaçmaz,Azerbaijan,41.46426,48.80565,43.1
Ujar,Azerbaijan,40.51902,47.65423,18.8
Terter,Azerbaijan,40.34179,46.93242,257.8
Sumqayıt,Azerbaijan,40.58972,49.66861,-8.1
Qaraçuxur,Azerbaijan,40.39667,49.97361,50.4
Shamkhor,Azerbaijan,40.82975,46.0178,465.3
Shamakhi,Azerbaijan,40.63141,48.64137,686.0
Sheki,Azerbaijan,41.19194,47.17056,551.5
Sabunçu,Azerbaijan,40.4425,49.94806,28.5
Sabirabad,Azerbaijan,40.00869,48.47701,-9.2
Qusar,Azerbaijan,41.4275,48.4302,677.8
Quba,Azerbaijan,41.36108,48.51341,596.8
Hacıqabul,Azerbaijan,40.03874,48.94286,3.5
Qazax,Azerbaijan,41.09246,45.36561,380.8
Hacı Zeynalabdin,Azerbaijan,40.62333,49.55861,-15.2
Mingelchaur,Azerbaijan,40.76395,47.05953,30.8
Maştağa,Azerbaijan,40.52983,50.00616,18.9
Mardakyany,Azerbaijan,40.49182,50.14292,-4.0
Lökbatan,Azerbaijan,40.3256,49.73376,3.5
Kyurdarmir,Azerbaijan,40.34532,48.15085,9.1
Khirdalan,Azerbaijan,40.44808,49.75502,79.0
Yeni Suraxanı,Azerbaijan,40.43026,50.03598,10.1
Geoktschai,Azerbaijan,40.65055,47.74219,116.1
Hövsan,Azerbaijan,40.37444,50.08528,-21.0
Ganja,Azerbaijan,40.68278,46.36056,418.2
Divichibazar,Azerbaijan,41.20117,48.98712,45.4
Buzovna,Azerbaijan,40.51903,50.11438,-16.0
Biny Selo,Azerbaijan,40.45076,50.08686,2.9
Barda,Azerbaijan,40.37577,47.12619,79.8
Bilajari,Azerbaijan,40.4444,49.80566,30.9
Baku,Azerbaijan,40.37767,49.89201,-20.5
Amirdzhan,Azerbaijan,40.42639,49.98361,17.1
Aghsu,Azerbaijan,40.57028,48.40087,178.1
Ağdaş,Azerbaijan,40.64699,47.4738,41.9
Agdzhabedy,Azerbaijan,40.05015,47.45937,17.1
Bakıxanov,Azerbaijan,40.41894,49.96693,32.9
Zenica,Bosnia and Herzegovina,44.20169,17.90397,328.4
Visoko,Bosnia and Herzegovina,43.98889,18.17806,422.3
Velika Kladuša,Bosnia and Herzegovina,45.18497,15.80579,160.6
Tuzla,Bosnia and Herzegovina,44.53842,18.66709,228.2
Trebinje,Bosnia and Herzegovina,42.71197,18.34362,281.5
Travnik,Bosnia and Herzegovina,44.22637,17.66583,509.0
Sarajevo,Bosnia and Herzegovina,43.84864,18.35644,506.7
Prijedor,Bosnia and Herzegovina,44.97991,16.71401,141.8
Mostar,Bosnia and Herzegovina,43.34333,17.80806,69.1
Gradačac,Bosnia and Herzegovina,44.87851,18.42764,144.3
Gračanica,Bosnia and Herzegovina,44.70307,18.3101,188.6
Goražde,Bosnia and Herzegovina,43.66795,18.97564,342.5
Doboj,Bosnia and Herzegovina,44.73179,18.08698,144.5
Cazin,Bosnia and Herzegovina,44.96694,15.94306,322.3
Bugojno,Bosnia and Herzegovina,44.05722,17.45083,564.8
Brčko,Bosnia and Herzegovina,44.87278,18.80833,97.5
Bosanska Krupa,Bosnia and Herzegovina,44.8825,16.15139,155.5
Bijeljina,Bosnia and Herzegovina,44.75874,19.21437,93.1
Bihać,Bosnia and Herzegovina,44.81694,15.87083,220.3
Banja Luka,Bosnia and Herzegovina,44.77583,17.18556,164.6
Konjic,Bosnia and Herzegovina,43.65126,17.96082,283.7
Bridgetown,Barbados,13.1,-59.61667,4.3
Thākurgaon,Bangladesh,26.03097,88.46989,56.5
Teknāf,Bangladesh,20.86382,92.30153,7.5
Tungi,Bangladesh,23.89154,90.40232,8.9
Sylhet,Bangladesh,24.89904,91.87198,23.7
Dohār,Bangladesh,23.59311,90.14251,5.7
Jamālpur,Bangladesh,24.91965,89.94812,19.3
Shibganj,Bangladesh,24.68501,88.15638,28.5
Sātkhira,Bangladesh,22.70817,89.07185,10.0
Sirājganj,Bangladesh,24.45771,89.70802,17.4
Netrakona,Bangladesh,24.88352,90.72898,10.7
Narsingdi,Bangladesh,23.92298,90.71768,8.9
Sandwīp,Bangladesh,22.51409,91.45491,4.4
Shāhzādpur,Bangladesh,24.17687,89.5988,13.6
Rāmganj,Bangladesh,23.1006,90.84989,4.2
Rājshāhi,Bangladesh,24.374,88.60114,23.5
Pirojpur,Bangladesh,22.57965,89.97521,5.6
Panchagarh,Bangladesh,26.33338,88.55777,77.2
Patiya,Bangladesh,22.29543,91.979,5.0
Parbatipur,Bangladesh,25.66369,88.93093,36.7
Nārāyanganj,Bangladesh,23.61352,90.50298,14.3
Nālchiti,Bangladesh,22.63696,90.27195,4.3
Nāgarpur,Bangladesh,24.05783,89.87696,13.8
Nageswari,Bangladesh,25.96817,89.69153,28.9
Mymensingh,Bangladesh,24.75636,90.40646,17.3
Muktāgācha,Bangladesh,24.76484,90.25698,16.8
Mirzāpur,Bangladesh,24.10287,90.09841,12.7
Maulavi Bāzār,Bangladesh,24.48888,91.77075,16.7
Morrelgonj,Bangladesh,22.45566,89.85584,7.0
Mehendiganj,Bangladesh,22.82257,90.52859,4.7
Mathba,Bangladesh,22.28616,89.95883,5.8
Lalmanirhat,Bangladesh,25.91719,89.44595,35.4
Lākshām,Bangladesh,23.24018,91.12143,5.6
Comilla,Bangladesh,23.46186,91.18503,14.5
Rangpur,Bangladesh,25.74664,89.25166,35.9
Kushtia,Bangladesh,23.9028,89.11943,15.1
Kālīganj,Bangladesh,23.40964,89.13801,16.5
Jhingergācha,Bangladesh,23.11134,89.09061,8.9
Joypur Hāt,Bangladesh,25.10147,89.02734,24.4
Ishurdi,Bangladesh,24.12858,89.06573,16.3
Habiganj,Bangladesh,24.38044,91.41299,10.9
Gaurnadi,Bangladesh,22.97372,90.22376,6.2
Gafargaon,Bangladesh,24.432,90.5585,11.6
Feni,Bangladesh,23.0144,91.3966,13.0
Rāipur,Bangladesh,23.0391,90.76808,7.1
Sarankhola,Bangladesh,22.31006,89.79113,4.0
Dhaka,Bangladesh,23.7104,90.40744,20.6
Chilmāri,Bangladesh,25.55613,89.67097,26.0
Chhāgalnāiya,Bangladesh,23.02475,91.51091,9.0
Lālmohan,Bangladesh,22.33774,90.73708,3.4
Khagrachhari,Bangladesh,23.10787,91.97007,43.8
Chhātak,Bangladesh,25.03858,91.6815,8.5
Bhātpāra Abhaynagar,Bangladesh,23.01472,89.43936,10.3
Bherāmāra,Bangladesh,24.02452,88.99234,17.0
Bhairab Bāzār,Bangladesh,24.0524,90.9764,10.3
Bāndarban,Bangladesh,22.19534,92.21946,22.9
Kālia,Bangladesh,23.043,89.63094,6.6
Baniachang,Bangladesh,24.51863,91.35787,11.5
Bājitpur,Bangladesh,24.21623,90.95002,9.4
Badarganj,Bangladesh,25.67419,89.05377,40.1
Narail,Bangladesh,23.15509,89.49515,5.1
Tungipāra,Bangladesh,22.89983,89.90326,4.3
Sarishābāri,Bangladesh,24.75127,89.83126,18.4
Sakhipur,Bangladesh,24.31988,90.16943,24.6
Raojān,Bangladesh,22.53511,91.91919,7.0
Phultala,Bangladesh,22.71673,89.51194,4.6
Pālang,Bangladesh,23.21824,90.35076,3.6
Pār Naogaon,Bangladesh,24.80418,88.94875,16.8
Nabīnagar,Bangladesh,23.88791,90.96792,8.8
Lakshmīpur,Bangladesh,22.9443,90.83005,5.6
Kesabpur,Bangladesh,22.90725,89.21954,6.0
Hājīganj,Bangladesh,23.25191,90.85508,11.8
Farīdpur,Bangladesh,23.60612,89.84064,9.7
Dinājpur,Bangladesh,25.62745,88.63779,38.6
Uttar Char Fasson,Bangladesh,22.22647,90.71275,4.5
Chittagong,Bangladesh,22.3384,91.83168,14.7
Char Bhadrāsan,Bangladesh,23.30916,90.22698,3.9
Bera,Bangladesh,24.07821,89.63262,11.0
Burhānuddin,Bangladesh,22.49518,90.72391,6.3
Sātkania,Bangladesh,22.07639,92.04955,10.0
Cox’s Bāzār,Bangladesh,21.45388,91.96765,4.3
Khulna,Bangladesh,22.80979,89.56439,11.7
Bhola,Bangladesh,22.68759,90.64403,5.6
Barisāl,Bangladesh,22.70497,90.37013,8.2
Jessore,Bangladesh,23.16971,89.21371,8.7
Pābna,Bangladesh,24.00644,89.2372,19.8
Tāngāil,Bangladesh,24.24984,89.91655,16.9
Bogra,Bangladesh,24.85098,89.37108,23.3
Pīrgaaj,Bangladesh,25.85587,88.35943,47.2
Nawābganj,Bangladesh,24.59025,88.27444,23.5
Mādārīpur,Bangladesh,23.17097,90.20935,6.2
Sherpur,Bangladesh,25.01881,90.01751,20.0
Kishorganj,Bangladesh,24.43944,90.78291,11.1
Manikchari,Bangladesh,22.83957,91.84128,29.2
Bhāndāria,Bangladesh,22.48898,90.06273,5.3
Fatikchari,Bangladesh,22.68768,91.78123,11.4
Saidpur,Bangladesh,25.77769,88.89169,41.3
Azimpur,Bangladesh,23.7298,90.3854,16.1
Paltan,Bangladesh,23.73625,90.41426,17.4
Zwijndrecht,Belgium,51.21979,4.32664,5.1
Zwevegem,Belgium,50.81268,3.33848,30.0
Zottegem,Belgium,50.86955,3.81052,59.0
Zonhoven,Belgium,50.99064,5.36819,42.7
Zoersel,Belgium,51.26825,4.71296,16.4
Zemst,Belgium,50.98318,4.46079,11.3
Zele,Belgium,51.06566,4.0403,3.9
Zedelgem,Belgium,51.14236,3.1368,9.4
Zaventem,Belgium,50.88365,4.47298,44.5
Wuustwezel,Belgium,51.39214,4.59546,18.5
Willebroek,Belgium,51.06041,4.36019,3.9
Wevelgem,Belgium,50.8,3.16667,14.0
Wetteren,Belgium,51.00526,3.88341,16.2
Westerlo,Belgium,51.09049,4.91544,13.0
Wervik,Belgium,50.78069,3.03854,17.8
Wavre,Belgium,50.71717,4.60138,74.5
Waterloo,Belgium,50.71469,4.3991,116.8
Waregem,Belgium,50.88898,3.42756,16.2
Walcourt,Belgium,50.25401,4.43796,187.6
Visé,Belgium,50.7376,5.69907,82.4
Vilvoorde,Belgium,50.92814,4.42938,19.1
Verviers,Belgium,50.58907,5.86241,199.7
Turnhout,Belgium,51.32254,4.94471,29.3
Tubize,Belgium,50.69059,4.2009,38.7
Tournai,Belgium,50.60715,3.38932,19.0
Torhout,Belgium,51.0656,3.10085,24.6
Tongeren,Belgium,50.78054,5.46484,105.2
Tienen,Belgium,50.80745,4.9378,48.3
Tielt,Belgium,50.99931,3.32707,47.9
Tessenderlo,Belgium,51.06513,5.08856,25.6
Tervuren,Belgium,50.82372,4.51418,76.8
Temse,Belgium,51.12794,4.21372,15.3
Stekene,Belgium,51.2099,4.03651,7.2
Stabroek,Belgium,51.33189,4.37127,3.2
Soumagne,Belgium,50.61385,5.74679,195.6
Soignies,Belgium,50.57904,4.07129,85.6
Sint-Truiden,Belgium,50.81679,5.18647,52.1
Sint-Pieters-Leeuw,Belgium,50.77926,4.24355,48.3
Sint-Niklaas,Belgium,51.16509,4.1437,21.2
Sint-Kruis,Belgium,51.21399,3.24949,6.6
Sint-Katelijne-Waver,Belgium,51.06691,4.53469,6.9
Sint-Gillis-Waas,Belgium,51.21914,4.12374,2.8
Sint-Genesius-Rode,Belgium,50.74645,4.35754,80.7
Seraing,Belgium,50.58362,5.50115,180.6
Schoten,Belgium,51.25251,4.50268,9.8
Schilde,Belgium,51.24107,4.58336,10.0
Saint-Nicolas,Belgium,50.62837,5.53243,96.8
Saint-Ghislain,Belgium,50.44816,3.81886,26.8
Rotselaar,Belgium,50.95302,4.71665,11.6
Ronse,Belgium,50.74574,3.6005,39.2
Roeselare,Belgium,50.94653,3.12269,22.3
Rixensart,Belgium,50.71229,4.52529,96.3
Riemst,Belgium,50.80995,5.60131,104.9
Ranst,Belgium,51.18983,4.56533,11.0
Quaregnon,Belgium,50.44067,3.8653,33.4
Puurs,Belgium,51.07409,4.28844,3.4
Putte,Belgium,51.05337,4.63263,21.7
Poperinge,Belgium,50.85386,2.72659,19.8
Pont-à-Celles,Belgium,50.50518,4.36887,136.7
Péruwelz,Belgium,50.50819,3.59373,31.3
Peer,Belgium,51.1303,5.45952,62.3
Overijse,Belgium,50.77436,4.53461,85.9
Oupeye,Belgium,50.71184,5.6468,122.1
Oudenaarde,Belgium,50.85168,3.60891,9.1
Oostkamp,Belgium,51.15432,3.23128,9.8
Ostend,Belgium,51.21551,2.927,2.1
Nivelles,Belgium,50.59833,4.32848,99.0
Ninove,Belgium,50.82776,4.02657,15.7
Nijlen,Belgium,51.16096,4.67008,7.8
Neerpelt,Belgium,51.22807,5.4427,39.8
Namur,Belgium,50.4669,4.86746,87.3
Mouscron,Belgium,50.74497,3.20639,51.4
Mortsel,Belgium,51.16697,4.45127,17.0
Morlanwelz-Mariemont,Belgium,50.45502,4.24519,107.3
Mons,Belgium,50.45413,3.95229,51.0
Mol,Belgium,51.19188,5.11662,28.4
Middelkerke,Belgium,51.18532,2.82077,6.3
Merelbeke,Belgium,50.99447,3.74621,10.7
Menen,Belgium,50.79722,3.12245,15.3
Meise,Belgium,50.93934,4.32655,56.8
Mechelen,Belgium,51.02574,4.47762,5.7
Marche-en-Famenne,Belgium,50.22678,5.34416,214.6
Manage,Belgium,50.50312,4.23589,133.9
Maldegem,Belgium,51.20737,3.44511,5.4
Maasmechelen,Belgium,50.96545,5.69452,39.1
Maaseik,Belgium,51.09802,5.78379,32.5
Louvain-la-Neuve,Belgium,50.66829,4.61443,110.0
Londerzeel,Belgium,51.00468,4.30304,11.1
Lommel,Belgium,51.23074,5.31349,50.0
Lokeren,Belgium,51.10364,3.99339,5.1
Lochristi,Belgium,51.09644,3.83194,6.0
Lille,Belgium,51.24197,4.82313,14.5
Lier,Belgium,51.13128,4.57041,5.9
Liège,Belgium,50.63373,5.56749,66.9
Leuven,Belgium,50.87959,4.70093,34.5
Lessines,Belgium,50.71104,3.83579,21.2
Lede,Belgium,50.96626,3.98594,22.9
Lebbeke,Belgium,51.00464,4.13457,5.8
Lanaken,Belgium,50.89318,5.6468,61.1
La Louvière,Belgium,50.48657,4.18785,135.2
Kortrijk,Belgium,50.82803,3.26487,21.3
Kortenberg,Belgium,50.88982,4.54353,45.1
Kontich,Belgium,51.13213,4.44706,20.3
Koksijde,Belgium,51.11642,2.63772,10.8
Knokke-Heist,Belgium,51.35,3.26667,0.0
Kasterlee,Belgium,51.24118,4.96651,18.8
Kapellen,Belgium,51.31377,4.43539,10.1
Kalmthout,Belgium,51.38442,4.47556,18.7
Izegem,Belgium,50.91396,3.21378,19.9
Ieper,Belgium,50.85114,2.88569,16.8
Huy,Belgium,50.51894,5.23284,74.3
Houthalen,Belgium,51.03427,5.37429,63.8
Hoogstraten,Belgium,51.40029,4.76034,22.2
Hoboken,Belgium,51.17611,4.34844,10.0
Heusden,Belgium,51.03664,5.28013,36.5
Herzele,Belgium,50.88681,3.89014,54.6
Herve,Belgium,50.64083,5.79353,296.7
Herstal,Belgium,50.66415,5.62346,78.9
Herentals,Belgium,51.17655,4.83248,15.1
Herent,Belgium,50.90861,4.67056,26.8
Helchteren,Belgium,51.05591,5.38244,71.0
Heist-op-den-Berg,Belgium,51.07537,4.72827,39.1
Hasselt,Belgium,50.93106,5.33781,40.9
Harelbeke,Belgium,50.85343,3.30935,15.0
Hamme,Belgium,51.09822,4.13705,6.0
Halle,Belgium,50.73385,4.23454,35.9
Haaltert,Belgium,50.90634,4.00093,42.1
Grimbergen,Belgium,50.93409,4.37213,31.2
Geraardsbergen,Belgium,50.77343,3.88223,31.9
Gent,Belgium,51.05,3.71667,10.9
Genk,Belgium,50.965,5.50082,65.8
Gembloux,Belgium,50.56149,4.69889,158.3
Geel,Belgium,51.16557,4.98917,24.0
Frameries,Belgium,50.40578,3.89603,114.6
Fleurus,Belgium,50.48351,4.55006,164.6
Fléron,Belgium,50.61516,5.68062,258.6
Flémalle-Haute,Belgium,50.59994,5.44471,168.9
Evergem,Belgium,51.10529,3.704,4.9
Eupen,Belgium,50.6279,6.03647,295.4
Essen,Belgium,51.46791,4.46901,12.2
Eeklo,Belgium,51.18703,3.55654,6.3
Edegem,Belgium,51.15662,4.44504,17.9
Duffel,Belgium,51.09554,4.50903,4.1
Dour,Belgium,50.39583,3.77792,89.9
Dilbeek,Belgium,50.84799,4.25972,80.9
Diksmuide,Belgium,51.03248,2.86384,9.0
Diest,Belgium,50.98923,5.05062,20.9
Diepenbeek,Belgium,50.90769,5.41875,49.6
Destelbergen,Belgium,51.05952,3.79899,4.7
Dendermonde,Belgium,51.02869,4.10106,4.2
Denderleeuw,Belgium,50.88506,4.07601,18.2
Deinze,Belgium,50.98175,3.53096,6.9
Courcelles,Belgium,50.46379,4.3747,157.5
Colfontaine,Belgium,50.4141,3.85569,80.5
Chaudfontaine,Belgium,50.5828,5.6341,206.8
Châtelet,Belgium,50.40338,4.52826,120.0
Chasse Royale,Belgium,50.42842,3.95001,41.4
Charleroi,Belgium,50.41136,4.44448,137.2
Brussels,Belgium,50.85045,4.34878,28.0
Brugge,Belgium,51.20892,3.22424,5.0
Brecht,Belgium,51.35024,4.63829,22.8
Brasschaat,Belgium,51.2912,4.49182,10.3
Braine-le-Comte,Belgium,50.60979,4.14658,96.5
Braine-l'Alleud,Belgium,50.68363,4.36784,94.3
Boussu,Belgium,50.43417,3.7944,33.4
Bornem,Belgium,51.09716,4.24364,4.2
Boom,Belgium,51.09242,4.3717,12.5
Blankenberge,Belgium,51.31306,3.13227,2.2
Binche,Belgium,50.41155,4.16469,94.0
Bilzen,Belgium,50.87325,5.5184,51.3
Beveren,Belgium,51.21187,4.25633,11.5
Beringen,Belgium,51.04954,5.22606,34.1
Beersel,Belgium,50.76589,4.3002,36.2
Beerse,Belgium,51.31927,4.85304,25.7
Balen,Belgium,51.16837,5.17027,31.9
Ath,Belgium,50.62937,3.77801,31.1
Asse,Belgium,50.91011,4.19836,79.0
Arlon,Belgium,49.68333,5.81667,418.3
Antwerpen,Belgium,51.21989,4.40346,13.3
Ans,Belgium,50.6623,5.52029,181.5
Andenne,Belgium,50.48941,5.09513,77.7
Aarschot,Belgium,50.98715,4.83695,14.8
Aalter,Belgium,51.09017,3.44693,17.7
Aalst,Belgium,50.93604,4.0355,10.2
Zorgo,Burkina Faso,12.24922,-0.61527,306.6
Yako,Burkina Faso,12.9591,-2.26075,334.3
Tougan,Burkina Faso,13.0725,-3.0694,297.2
Titao,Burkina Faso,13.76667,-2.06667,321.2
Tenkodogo,Burkina Faso,11.78,-0.36972,296.7
Réo,Burkina Faso,12.31963,-2.47094,298.8
Pô,Burkina Faso,11.16972,-1.145,315.8
Ouahigouya,Burkina Faso,13.58278,-2.42158,324.3
Ouagadougou,Burkina Faso,12.36566,-1.53388,296.6
Nouna,Burkina Faso,12.72939,-3.86305,275.2
Manga,Burkina Faso,11.66361,-1.07306,283.4
Léo,Burkina Faso,11.10033,-2.10654,343.5
Koupéla,Burkina Faso,12.17864,-0.35103,302.0
Koudougou,Burkina Faso,12.25263,-2.36272,301.5
Kongoussi,Burkina Faso,13.32583,-1.53472,327.1
Kombissiri,Burkina Faso,12.06095,-1.33355,300.3
Kokologo,Burkina Faso,12.18972,-1.88556,319.1
Kaya,Burkina Faso,13.09167,-1.08444,339.0
Houndé,Burkina Faso,11.5,-3.51667,348.1
Gourcy,Burkina Faso,13.20776,-2.35893,331.1
Garango,Burkina Faso,11.8,-0.55056,301.4
Fada N'gourma,Burkina Faso,12.06157,0.35843,294.2
Dori,Burkina Faso,14.0354,-0.0345,278.7
Djibo,Burkina Faso,14.0994,-1.62554,298.9
Diapaga,Burkina Faso,12.07305,1.78838,269.4
Dédougou,Burkina Faso,12.46338,-3.46075,297.4
Boussé,Burkina Faso,12.6576,-1.89288,344.0
Boulsa,Burkina Faso,12.66664,-0.57469,311.9
Bobo-Dioulasso,Burkina Faso,11.17715,-4.2979,419.3
Banfora,Burkina Faso,10.63333,-4.76667,296.4
Gaoua,Burkina Faso,10.29917,-3.25083,331.6
Orodara,Burkina Faso,10.94917,-4.93417,577.1
Yambol,Bulgaria,42.48333,26.5,132.1
Vratsa,Bulgaria,43.21,23.5625,350.4
Vidin,Bulgaria,43.99,22.8725,35.1
Velingrad,Bulgaria,42.02754,23.99155,746.2
Veliko Tŭrnovo,Bulgaria,43.08124,25.62904,208.2
Varna,Bulgaria,43.21667,27.91667,58.2
Targovishte,Bulgaria,43.2512,26.57215,185.8
Troyan,Bulgaria,42.89427,24.71589,390.5
Dobrich,Bulgaria,43.56667,27.83333,215.4
Svishtov,Bulgaria,43.61959,25.35044,71.2
Svilengrad,Bulgaria,41.76667,26.2,58.5
Stara Zagora,Bulgaria,42.43278,25.64194,204.0
Dupnitsa,Bulgaria,42.26667,23.11667,512.4
Sofia,Bulgaria,42.69751,23.32415,547.3
Smolyan,Bulgaria,41.58528,24.69194,1133.0
Sliven,Bulgaria,42.68583,26.32917,271.3
Silistra,Bulgaria,44.11667,27.26667,25.9
Shumen,Bulgaria,43.27064,26.92286,239.0
Sevlievo,Bulgaria,43.02583,25.11361,194.9
Sandanski,Bulgaria,41.56667,23.28333,248.3
Samokov,Bulgaria,42.337,23.5528,942.2
Ruse,Bulgaria,43.85639,25.97083,48.0
Razgrad,Bulgaria,43.53333,26.51667,196.7
Rakovski,Bulgaria,42.3,24.96667,190.2
Popovo,Bulgaria,43.35,26.23333,191.1
Plovdiv,Bulgaria,42.15,24.75,167.0
Pleven,Bulgaria,43.41667,24.61667,95.3
Petrich,Bulgaria,41.4,23.21667,155.9
Peshtera,Bulgaria,42.03333,24.3,435.7
Pernik,Bulgaria,42.6,23.03333,711.5
Pazardzhik,Bulgaria,42.2,24.33333,207.3
Panagyurishte,Bulgaria,42.5,24.18333,523.9
Nova Zagora,Bulgaria,42.48333,26.01667,127.6
Montana,Bulgaria,43.4125,23.225,148.6
Lovech,Bulgaria,43.13333,24.71667,169.3
Lom,Bulgaria,43.81389,23.23611,59.5
Kyustendil,Bulgaria,42.28389,22.69111,517.3
Kŭrdzhali,Bulgaria,41.65,25.36667,271.4
Haskovo,Bulgaria,41.93415,25.55557,188.4
Kharmanli,Bulgaria,41.93333,25.9,74.5
Kazanlŭk,Bulgaria,42.61667,25.4,364.6
Karnobat,Bulgaria,42.65,26.98333,208.3
Karlovo,Bulgaria,42.63333,24.8,403.8
Gotse Delchev,Bulgaria,41.56667,23.73333,534.9
Gorna Oryakhovitsa,Bulgaria,43.12778,25.70167,147.9
Gabrovo,Bulgaria,42.87472,25.33417,545.1
Dimitrovgrad,Bulgaria,42.05,25.6,108.8
Chirpan,Bulgaria,42.2,25.33333,192.8
Cherven Bryag,Bulgaria,43.26667,24.1,196.2
Burgas,Bulgaria,42.50606,27.46781,34.1
Botevgrad,Bulgaria,42.9,23.78333,357.5
Blagoevgrad,Bulgaria,42.01667,23.1,391.7
Berkovitsa,Bulgaria,43.23611,23.12583,406.7
Aytos,Bulgaria,42.7,27.25,90.0
Asenovgrad,Bulgaria,42.01667,24.86667,228.2
Sitrah,Bahrain,26.15472,50.62056,4.0
Madīnat ‘Īsá,Bahrain,26.17361,50.54778,6.6
Jidd Ḩafş,Bahrain,26.21861,50.54778,6.1
Madīnat Ḩamad,Bahrain,26.11528,50.50694,36.1
Dār Kulayb,Bahrain,26.06861,50.50389,9.0
Al Muharraq,Bahrain,26.25722,50.61194,5.7
Manama,Bahrain,26.21536,50.5832,3.7
Ar Rifā‘,Bahrain,26.13,50.555,44.7
Makamba,Burundi,-4.1348,29.804,1473.9
Bururi,Burundi,-3.94877,29.62438,1850.7
Bujumbura,Burundi,-3.3822,29.3644,807.4
Muramvya,Burundi,-3.2682,29.6079,1890.8
Gitega,Burundi,-3.4264,29.9308,1709.8
Ruyigi,Burundi,-3.47639,30.24861,1596.5
Ngozi,Burundi,-2.9075,29.8306,1821.4
Kayanza,Burundi,-2.9221,29.6293,1914.8
Muyinga,Burundi,-2.8451,30.3414,1755.2
Rutana,Burundi,-3.9279,29.992,1790.0
Tchaourou,Benin,8.88649,2.59753,330.7
Tanguiéta,Benin,10.62118,1.26651,239.2
Savé,Benin,8.03424,2.4866,189.6
Savalou,Benin,7.92807,1.97558,179.7
Sakété,Benin,6.73618,2.65866,79.1
Porto-Novo,Benin,6.49646,2.60359,19.1
Pobé,Benin,6.98008,2.6649,136.8
Parakou,Benin,9.33716,2.63031,363.9
Ouidah,Benin,6.36307,2.08506,17.9
Nikki,Benin,9.94009,3.21075,399.7
Natitingou,Benin,10.30416,1.37962,448.7
Malanville,Benin,11.86819,3.38327,162.7
Lokossa,Benin,6.63869,1.71674,47.2
Kétou,Benin,7.36332,2.59978,103.2
Kandi,Benin,11.13417,2.93861,292.5
Dogbo,Benin,6.81667,1.78333,66.0
Djougou,Benin,9.70853,1.66598,442.8
Dassa-Zoumé,Benin,7.75,2.18333,154.8
Cové,Benin,7.22097,2.34017,114.5
Cotonou,Benin,6.36536,2.41833,5.2
Comé,Benin,6.40764,1.88198,28.9
Bohicon,Benin,7.17826,2.0667,165.7
Bembèrèkè,Benin,10.22827,2.66335,436.3
Bassila,Benin,9.00814,1.6654,387.4
Banikoara,Benin,11.29845,2.43856,308.8
Aplahoué,Benin,6.93333,1.68333,122.9
Allada,Benin,6.66547,2.15138,93.3
Abomey-Calavi,Benin,6.44852,2.35566,11.1
Abomey,Benin,7.18286,1.99119,225.9
Gustavia,Saint Barthelemy,17.89618,-62.84978,0.0
Hamilton,Bermuda,32.2949,-64.78303,19.6
Tutong,Brunei,4.8,114.65,3.1
Seria,Brunei,4.60637,114.32476,2.8
Kuala Belait,Brunei,4.58361,114.2312,3.9
Bandar Seri Begawan,Brunei,4.94029,114.94806,13.2
Yacuiba,Bolivia,-22.01643,-63.67753,623.7
Warnes,Bolivia,-17.5163,-63.16778,333.6
Villazón,Bolivia,-22.08659,-65.59422,3454.0
Villa Yapacaní,Bolivia,-17.4,-63.83333,286.8
Villamontes,Bolivia,-21.26235,-63.46903,383.7
Tupiza,Bolivia,-21.44345,-65.71875,2957.3
Trinidad,Bolivia,-14.83333,-64.9,155.5
Tarija,Bolivia,-21.53549,-64.72956,1867.3
Sucre,Bolivia,-19.03332,-65.26274,2786.9
Santiago del Torno,Bolivia,-17.98674,-63.38118,509.5
Santa Cruz de la Sierra,Bolivia,-17.78629,-63.18117,424.2
San Ignacio de Velasco,Bolivia,-16.36667,-60.95,385.0
San Borja,Bolivia,-14.81667,-66.85,189.9
Riberalta,Bolivia,-11.00654,-66.06312,147.7
Punata,Bolivia,-17.54234,-65.83472,2722.5
Potosí,Bolivia,-19.58361,-65.75306,3966.4
Oruro,Bolivia,-17.98333,-67.15,3917.9
Montero,Bolivia,-17.33866,-63.2505,294.8
Mizque,Bolivia,-17.94101,-65.34016,2005.7
Llallagua,Bolivia,-18.42426,-66.58388,3890.5
La Paz,Bolivia,-16.5,-68.15,3763.6
Huanuni,Bolivia,-18.289,-66.83583,3961.4
Guayaramerín,Bolivia,-10.83676,-65.36136,135.3
Cotoca,Bolivia,-17.81667,-63.05,380.5
Cochabamba,Bolivia,-17.3895,-66.1568,2565.4
Cobija,Bolivia,-11.02671,-68.76918,201.7
Camiri,Bolivia,-20.03849,-63.51833,798.6
Kralendijk,"Bonaire, Saint Eustatius and Saba",12.15,-68.26667,4.5
Vitória do Mearim,Brazil,-3.46222,-44.87056,15.4
Vitória de Santo Antão,Brazil,-8.11806,-35.29139,153.1
Viseu,Brazil,-1.19667,-46.14,7.7
Conde,Brazil,-7.25972,-34.9075,112.4
Vigia,Brazil,-0.85833,-48.14167,4.8
Viçosa do Ceará,Brazil,-3.56222,-41.09222,713.3
Viçosa,Brazil,-9.37139,-36.24083,229.5
Viana,Brazil,-3.22028,-45.00361,5.0
Várzea Alegre,Brazil,-5.35,-40.38333,315.8
Varjota,Brazil,-4.19444,-40.47667,186.8
Vargem Grande,Brazil,-3.54306,-43.91583,43.3
Valença do Piauí,Brazil,-6.4075,-41.74556,333.8
União dos Palmares,Brazil,-9.16278,-36.03194,150.9
União,Brazil,-4.58583,-42.86417,58.3
Tuntum,Brazil,-5.25806,-44.64889,105.8
Tucuruí,Brazil,-3.76585,-49.67923,57.7
Tucumã,Brazil,-0.18333,-50.05,3.9
Trindade,Brazil,-7.76194,-40.26778,520.7
Trairi,Brazil,-3.27778,-39.26889,7.8
Toritama,Brazil,-8.00667,-36.05667,355.5
Tomé Açu,Brazil,-2.41889,-48.15222,17.1
Timon,Brazil,-5.09417,-42.83667,73.0
Timbiras,Brazil,-4.25528,-43.94056,38.3
Timbaúba,Brazil,-7.50528,-35.31833,140.6
Tianguá,Brazil,-3.73222,-40.99167,771.1
Teresina,Brazil,-5.08917,-42.80194,84.6
São João dos Inhamuns,Brazil,-6,-40.28333,405.4
Tamandaré,Brazil,-8.75632,-35.09995,4.1
Tabira,Brazil,-7.59083,-37.53944,567.3
Surubim,Brazil,-7.83306,-35.75472,373.2
Sousa,Brazil,-6.75917,-38.22806,223.5
Soure,Brazil,-0.71667,-48.52333,14.5
Solânea,Brazil,-6.755,-35.54,189.0
Sobral,Brazil,-3.68611,-40.34972,76.6
Sirinhaém,Brazil,-8.59083,-35.11611,30.2
Sertânia,Brazil,-8.07361,-37.26444,554.6
Serra Talhada,Brazil,-7.99194,-38.29833,434.5
Senador Pompeu,Brazil,-5.58806,-39.37167,177.4
Satuba,Brazil,-9.56333,-35.82444,46.7
São Raimundo Nonato,Brazil,-9.01528,-42.69944,353.3
São Miguel dos Campos,Brazil,-9.78111,-36.09361,9.5
São Miguel do Guamá,Brazil,-1.62667,-47.48333,4.6
São Mateus do Maranhão,Brazil,-4.04167,-44.475,44.7
São Luís do Quitunde,Brazil,-9.31833,-35.56111,5.8
São Luís,Brazil,-2.52972,-44.30278,29.2
São Lourenço da Mata,Brazil,-8.00222,-35.01833,46.7
São José do Egito,Brazil,-7.47889,-37.27444,592.8
São José de Ribamar,Brazil,-2.56194,-44.05417,0.0
São José de Mipibu,Brazil,-6.07472,-35.23778,62.2
São João dos Patos,Brazil,-6.495,-43.70222,344.6
São Gonçalo do Amarante,Brazil,-3.60722,-38.96833,16.5
São Félix do Xingu,Brazil,-6.64472,-51.995,195.0
São Domingos do Maranhão,Brazil,-5.57583,-44.38528,178.1
São Bento,Brazil,-6.28333,-37.75,470.4
São Bento,Brazil,-2.69583,-44.82139,8.6
Santa Rita,Brazil,-7.11389,-34.97806,6.6
Santarém,Brazil,-2.44306,-54.70833,52.4
Santa Quitéria do Maranhão,Brazil,-3.51556,-42.54667,25.2
Santa Quitéria,Brazil,-4.33194,-40.15667,196.9
Santana do Ipanema,Brazil,-9.37833,-37.24528,236.4
Santa Luzia,Brazil,-7.64265,-47.21738,193.1
Santa Inês,Brazil,-3.66667,-45.38,28.9
Santa Helena,Brazil,-2.23111,-45.3,11.6
Santa Cruz do Capibaribe,Brazil,-7.9575,-36.20472,445.8
Santa Cruz,Brazil,-6.22944,-36.02278,228.6
Salinópolis,Brazil,-0.61361,-47.35611,11.8
Salgueiro,Brazil,-8.07417,-39.11917,419.1
Russas,Brazil,-4.94028,-37.97583,22.7
Rio Largo,Brazil,-9.47833,-35.85333,92.9
Rio Formoso,Brazil,-8.66877,-35.16277,85.9
Ribeirão,Brazil,-8.51444,-35.37778,132.9
Recife,Brazil,-8.05389,-34.88111,2.5
Quixeramobim,Brazil,-5.19917,-39.29278,197.8
Quixadá,Brazil,-4.97139,-39.01528,183.8
Presidente Dutra,Brazil,-5.29,-44.49,107.0
Santana,Brazil,-0.05833,-51.18167,1.2
Porto Calvo,Brazil,-9.045,-35.39833,12.5
Portel,Brazil,-1.93556,-50.82111,7.6
Pombos,Brazil,-8.14139,-35.39583,201.9
Pombal,Brazil,-6.77028,-37.80167,182.9
Piripiri,Brazil,-4.27333,-41.77694,161.8
Piracuruca,Brazil,-3.92806,-41.70917,72.9
Pinheiro,Brazil,-2.52139,-45.0825,11.1
Pindaré Mirim,Brazil,-3.60833,-45.34333,25.0
Pilar,Brazil,-9.59722,-35.95667,122.5
Picos,Brazil,-7.07694,-41.46694,200.1
Petrolina,Brazil,-9.39861,-40.50083,377.8
Jatobá,Brazil,-9.18306,-38.26889,282.0
Pesqueira,Brazil,-8.35778,-36.69639,652.7
Pentecoste,Brazil,-3.79278,-39.27028,56.3
Penalva,Brazil,-3.29417,-45.17361,15.4
Pedro II,Brazil,-4.42472,-41.45861,605.8
Pedra Branca,Brazil,-5.45417,-39.71722,503.1
Paulo Afonso,Brazil,-9.40611,-38.21472,240.2
Paulista,Brazil,-7.94083,-34.87306,14.7
Patos,Brazil,-7.02444,-37.28,237.3
Parnamirim,Brazil,-5.91556,-35.26278,54.6
Parnaíba,Brazil,-2.90472,-41.77667,7.1
Parintins,Brazil,-2.62833,-56.73583,21.4
Parelhas,Brazil,-6.68778,-36.6575,274.4
Paraipaba,Brazil,-3.43944,-39.14833,30.0
Paragominas,Brazil,-2.96667,-47.48333,118.0
Paracuru,Brazil,-3.41,-39.03056,22.4
Palmares,Brazil,-8.68333,-35.59167,112.3
Pacatuba,Brazil,-3.98417,-38.62028,68.6
Pacajus,Brazil,-4.1725,-38.46056,75.1
Ouricuri,Brazil,-7.8825,-40.08167,449.8
Orós,Brazil,-6.24444,-38.91361,193.5
Oriximiná,Brazil,-1.76556,-55.86611,34.3
Olinda,Brazil,-8.00889,-34.85528,32.1
Oeiras,Brazil,-7.02528,-42.13111,178.5
Ábidos,Brazil,-1.9175,-55.51806,37.1
Nova Russas,Brazil,-4.70667,-40.56306,235.1
Nova Cruz,Brazil,-6.47806,-35.43389,90.4
Nazaré da Mata,Brazil,-7.74167,-35.22778,92.4
Natal,Brazil,-5.795,-35.20944,29.7
Murici,Brazil,-9.30667,-35.94333,96.7
Moreno,Brazil,-8.11861,-35.09222,72.8
Morada Nova,Brazil,-5.10667,-38.3725,53.9
Monteiro,Brazil,-7.88944,-37.12,597.0
Monte Alegre,Brazil,-2.00082,-54.08102,57.4
Mombaça,Brazil,-5.74306,-39.6275,245.2
Moju,Brazil,-1.88389,-48.76889,7.7
Mossoró,Brazil,-5.1875,-37.34417,22.1
Mocajuba,Brazil,-2.58417,-49.50722,17.1
Maués,Brazil,-3.38361,-57.71861,21.5
Matriz de Camaragibe,Brazil,-9.15167,-35.53333,9.5
Mari,Brazil,-7.06,-35.31944,147.8
Marechal Deodoro,Brazil,-9.71028,-35.895,8.3
Maragogi,Brazil,-9.01222,-35.2225,26.2
Maracanaú,Brazil,-3.87667,-38.62556,48.0
Marabá,Brazil,-5.36861,-49.11778,98.1
Mamanguape,Brazil,-6.83861,-35.12611,38.1
Maceió,Brazil,-9.66583,-35.73528,8.0
Macau,Brazil,-5.115,-36.63444,5.1
Macapá,Brazil,0.03889,-51.06639,14.5
Macaíba,Brazil,-5.85833,-35.35389,10.8
Limoeiro do Norte,Brazil,-5.14556,-38.09806,31.2
Limoeiro,Brazil,-7.87472,-35.45028,138.9
Lavras da Mangabeira,Brazil,-6.75333,-38.96444,238.1
Lajedo,Brazil,-8.66361,-36.32,669.0
Lago da Pedra,Brazil,-4.28674,-45.23824,70.0
Lagoa do Itaenga,Brazil,-7.93611,-35.29028,185.2
Juazeiro do Norte,Brazil,-7.21306,-39.31528,409.5
José de Freitas,Brazil,-4.75639,-42.57556,130.2
João Pessoa,Brazil,-7.115,-34.86306,41.1
João Câmara,Brazil,-5.5375,-35.81972,152.3
Jaguaruana,Brazil,-4.83389,-37.78111,12.9
Jaguaribe,Brazil,-5.89056,-38.62194,124.2
Jaboatão,Brazil,-8.18028,-35.00139,88.2
Itupiranga,Brazil,-5.13472,-49.32667,88.7
Itacoatiara,Brazil,-3.14306,-58.44417,22.7
Itaporanga,Brazil,-7.30444,-38.15028,291.6
Itapissuma,Brazil,-7.77639,-34.89222,7.8
Itapipoca,Brazil,-3.49444,-39.57861,100.1
Itapecuru Mirim,Brazil,-3.3925,-44.35861,17.9
Itapagé,Brazil,-3.68667,-39.58611,269.9
Itaituba,Brazil,-4.27611,-55.98361,13.7
Itaitinga,Brazil,-3.96944,-38.52806,60.1
Itabaiana,Brazil,-7.32861,-35.3325,45.7
Ipueiras,Brazil,-7.03333,-40.45,556.0
Ipubi,Brazil,-7.65194,-40.14889,542.3
Ipu,Brazil,-4.32222,-40.71083,248.5
Ipojuca,Brazil,-8.39889,-35.06389,17.9
Imperatriz,Brazil,-5.52639,-47.49167,125.4
Iguatu,Brazil,-6.35944,-39.29861,218.4
Igarapé Miri,Brazil,-1.975,-48.95972,5.5
Igarapé Açu,Brazil,-1.12889,-47.62,38.6
Igarassu,Brazil,-7.83417,-34.90639,22.1
Icó,Brazil,-6.40111,-38.86222,157.1
Horizonte,Brazil,-4.1,-38.48333,69.0
Guaraciaba do Norte,Brazil,-4.16694,-40.7475,895.7
Guarabira,Brazil,-6.85472,-35.49,94.1
Guaiúba,Brazil,-4.03972,-38.63722,71.1
Gravatá,Brazil,-8.20111,-35.56472,456.7
Granja,Brazil,-3.12028,-40.82611,6.9
Grajaú,Brazil,-5.81944,-46.13861,157.8
Goiana,Brazil,-7.56056,-35.0025,17.4
Glória do Goitá,Brazil,-8.00167,-35.29278,153.7
Garanhuns,Brazil,-8.88202,-36.50216,942.2
Gameleira,Brazil,-8.58444,-35.38667,99.3
Fortaleza,Brazil,-3.71722,-38.54306,16.9
Floriano,Brazil,-6.76694,-43.0225,114.9
Floresta,Brazil,-8.60111,-38.56861,319.0
Eusébio,Brazil,-3.89,-38.45056,31.8
Extremoz,Brazil,-5.70556,-35.30722,45.0
Estreito,Brazil,-5.78333,-43.25,196.6
Esperantina,Brazil,-3.90167,-42.23361,60.9
Esperança,Brazil,-7.03306,-35.85722,596.5
Escada,Brazil,-8.35917,-35.22361,111.6
Dom Pedro,Brazil,-5.03749,-44.43857,136.8
Demerval Lobão,Brazil,-5.35833,-42.67639,113.2
Delmiro Gouveia,Brazil,-9.38861,-37.99917,246.9
Custódia,Brazil,-8.0875,-37.64306,542.0
Cururupu,Brazil,-1.82833,-44.86833,2.9
Currais Novos,Brazil,-6.26083,-36.51778,359.2
Cupira,Brazil,-8.61667,-35.95,431.2
Crato,Brazil,-7.23417,-39.40944,429.0
Crateús,Brazil,-5.17833,-40.6775,295.7
Coroatá,Brazil,-4.13,-44.12417,36.8
Condado,Brazil,-7.58583,-35.10583,130.9
Conceição do Araguaia,Brazil,-8.26441,-49.26982,174.0
Colinas,Brazil,-6.02583,-44.24917,140.0
Coelho Neto,Brazil,-4.25667,-43.01278,52.6
Codó,Brazil,-4.45528,-43.88556,44.4
Chapadinha,Brazil,-3.74167,-43.36028,106.9
Chã Grande,Brazil,-8.23833,-35.46167,470.3
Ceará Mirim,Brazil,-5.63444,-35.42556,32.6
Caxias,Brazil,-4.85889,-43.35611,80.6
Caucaia,Brazil,-3.73611,-38.65306,28.0
Catolé do Rocha,Brazil,-6.34389,-37.74667,291.0
Catende,Brazil,-8.66667,-35.71667,163.0
Castanhal,Brazil,-1.29389,-47.92639,42.6
Cascavel,Brazil,-4.13306,-38.24194,30.1
Caruaru,Brazil,-8.28333,-35.97611,566.5
Carpina,Brazil,-7.85083,-35.25472,182.7
Carolina,Brazil,-7.33561,-47.46218,176.1
Capitão Poço,Brazil,-1.74639,-47.05944,66.3
Capanema,Brazil,-1.19583,-47.18083,24.0
Canindé,Brazil,-4.35889,-39.31167,150.3
Canguaretama,Brazil,-6.38,-35.12889,4.5
Campos Sales,Brazil,-7.07444,-40.37611,565.5
Campo Maior,Brazil,-4.82778,-42.16861,128.8
Campo Alegre,Brazil,-9.78194,-36.35083,177.6
Campina Grande,Brazil,-7.23056,-35.88111,508.5
Camocim,Brazil,-2.90222,-40.84111,3.7
Cametá,Brazil,-2.24444,-49.49583,4.8
Cajueiro,Brazil,-9.71667,-36.45,214.3
Cajazeiras,Brazil,-6.89028,-38.55528,303.9
Caicó,Brazil,-6.45833,-37.09778,157.9
Cabrobó,Brazil,-8.51417,-39.31,327.0
Cabo,Brazil,-8.28333,-35.03333,12.0
Cabedelo,Brazil,-6.98111,-34.83389,4.7
Buriti Bravo,Brazil,-5.83722,-43.83361,223.8
Buíque,Brazil,-8.62306,-37.15583,799.9
Breves,Brazil,-1.68222,-50.48028,3.9
Brejo Santo,Brazil,-7.49333,-38.98722,383.7
Brejo da Madre de Deus,Brazil,-8.14583,-36.37111,651.4
Bragança,Brazil,-1.05361,-46.76556,12.3
Bom Conselho,Brazil,-9.16972,-36.67972,658.4
Boa Viagem,Brazil,-5.1275,-39.73222,281.8
Bezerros,Brazil,-8.23333,-35.79694,502.6
Benevides,Brazil,-1.36139,-48.24472,26.5
Belo Jardim,Brazil,-8.33556,-36.42417,619.3
Belém,Brazil,-6.69167,-35.53333,136.7
Belém,Brazil,-1.45583,-48.50444,13.2
Beberibe,Brazil,-4.17972,-38.13056,12.0
Bayeux,Brazil,-7.125,-34.93222,13.3
Baturité,Brazil,-4.32861,-38.88472,167.1
Barreiros,Brazil,-8.81833,-35.18639,21.2
Barreirinhas,Brazil,-2.75556,-42.82591,3.7
Barras,Brazil,-4.24444,-42.29444,88.7
Barra do Corda,Brazil,-5.50308,-45.23693,150.7
Barcarena,Brazil,-1.50583,-48.62583,5.5
Barbalha,Brazil,-7.31111,-39.30417,420.7
Balsas,Brazil,-7.5325,-46.03556,251.5
Bacabal,Brazil,-4.29167,-44.79167,27.9
Augusto Corrêa,Brazil,-1.02167,-46.635,6.6
Atalaia,Brazil,-9.50194,-36.02278,56.1
Areia Branca,Brazil,-4.95611,-37.13694,4.6
Arcoverde,Brazil,-8.41889,-37.05389,669.3
Araripina,Brazil,-7.57611,-40.49833,624.1
Arari,Brazil,-3.45361,-44.78,8.0
Arapiraca,Brazil,-9.7525,-36.66111,273.3
Araguaína,Brazil,-7.19111,-48.20722,240.4
Aracati,Brazil,-4.56167,-37.76972,6.3
Aquiraz,Brazil,-3.90139,-38.39111,14.9
Apodi,Brazil,-5.66417,-37.79889,69.3
Ananindeua,Brazil,-1.36556,-48.37222,18.2
Amaraji,Brazil,-8.38306,-35.4525,259.6
Altos,Brazil,-5.03806,-42.46,188.2
Altamira,Brazil,-3.20333,-52.20639,101.6
Almeirim,Brazil,-1.52333,-52.58167,8.5
Alenquer,Brazil,-1.94167,-54.73833,32.8
Alagoa Grande,Brazil,-7.15833,-35.63,343.3
Águas Belas,Brazil,-9.11139,-37.12306,378.2
Água Preta,Brazil,-8.7075,-35.53056,121.6
Afogados da Ingazeira,Brazil,-7.75083,-37.63917,513.8
Açu,Brazil,-5.57667,-36.90861,34.1
Acopiara,Brazil,-6.09528,-39.4525,319.2
Acaraú,Brazil,-2.88556,-40.12,14.8
Abreu e Lima,Brazil,-7.91167,-34.90278,26.8
Abaetetuba,Brazil,-1.71806,-48.8825,7.3
Xique Xique,Brazil,-10.82294,-42.72815,406.8
Xanxerê,Brazil,-26.87694,-52.40417,797.0
Votuporanga,Brazil,-20.42278,-49.97278,527.3
Votorantim,Brazil,-23.54667,-47.43778,568.8
Volta Redonda,Brazil,-22.52306,-44.10417,395.5
Vitória da Conquista,Brazil,-14.86611,-40.83944,875.8
Vitória,Brazil,-20.31944,-40.33778,25.7
Visconde do Rio Branco,Brazil,-21.01028,-42.84056,340.1
Viradouro,Brazil,-20.87306,-48.29694,541.2
Vinhedo,Brazil,-23.02972,-46.97528,726.8
Vila Velha,Brazil,-20.32972,-40.2925,5.1
Videira,Brazil,-27.00833,-51.15167,747.1
Viçosa,Brazil,-20.75389,-42.88194,651.8
Viana,Brazil,-20.39028,-40.49611,35.3
Viamão,Brazil,-30.08111,-51.02333,106.4
Vespasiano,Brazil,-19.69194,-43.92333,685.0
Veranópolis,Brazil,-28.93611,-51.54944,670.6
Vera Cruz,Brazil,-12.63333,-41.03333,531.2
Wenceslau Braz,Brazil,-23.87389,-49.80278,831.7
Venâncio Aires,Brazil,-29.60639,-52.19194,40.6
Vazante,Brazil,-17.98694,-46.90778,664.5
Vassouras,Brazil,-22.40389,-43.6625,423.1
Várzea Paulista,Brazil,-23.21139,-46.82833,747.5
Várzea Grande,Brazil,-15.64667,-56.1325,190.2
Várzea da Palma,Brazil,-17.5976,-44.73367,518.3
Varginha,Brazil,-21.55139,-45.43028,886.1
Vargem Grande do Sul,Brazil,-21.83222,-46.89361,724.5
Valparaíso,Brazil,-21.22778,-50.86833,441.7
Valinhos,Brazil,-22.97056,-46.99583,674.7
Valença,Brazil,-22.24556,-43.70028,558.3
Valença,Brazil,-13.37028,-39.07306,11.6
Vacaria,Brazil,-28.51222,-50.93389,964.0
Uruguaiana,Brazil,-29.75472,-57.08833,76.6
Uruçuca,Brazil,-14.59306,-39.28444,94.5
Uruaçu,Brazil,-14.52472,-49.14083,523.1
União da Vitória,Brazil,-26.23,-51.08639,761.2
Unaí,Brazil,-16.3575,-46.90611,578.0
Una,Brazil,-15.29333,-39.07528,15.8
Umuarama,Brazil,-23.76639,-53.325,442.8
Uberlândia,Brazil,-18.91861,-48.27722,863.1
Uberaba,Brazil,-19.74833,-47.93194,769.4
Ubatuba,Brazil,-23.43389,-45.07111,6.1
Ubatã,Brazil,-14.20906,-39.52641,109.5
Ubaitaba,Brazil,-14.3125,-39.32333,45.8
Ubá,Brazil,-21.12,-42.94278,341.5
Tupanciretã,Brazil,-29.08056,-53.83583,461.8
Tupaciguara,Brazil,-18.59222,-48.705,865.3
Tupã,Brazil,-21.93472,-50.51361,523.2
Tucano,Brazil,-10.95817,-38.79084,222.9
Tubarão,Brazil,-28.46667,-49.00694,7.4
Trindade,Brazil,-16.64944,-49.48889,765.1
Três Rios,Brazil,-22.11667,-43.20917,269.8
Três Pontas,Brazil,-21.36667,-45.5125,886.4
Três Passos,Brazil,-27.45556,-53.93194,444.3
Três Lagoas,Brazil,-20.78765,-51.70338,321.5
Três de Maio,Brazil,-27.77333,-54.24,348.4
Três Coroas,Brazil,-29.51694,-50.77778,52.7
Três Corações,Brazil,-21.69694,-45.25333,878.3
Tremembé,Brazil,-22.95833,-45.54944,551.9
Tramandaí,Brazil,-29.98472,-50.13361,6.9
Torres,Brazil,-29.33528,-49.72694,5.3
Toledo,Brazil,-24.71361,-53.74306,559.7
Tobias Barreto,Brazil,-11.18389,-37.99833,161.0
Timóteo,Brazil,-19.58106,-42.64953,341.7
Timbó,Brazil,-26.82333,-49.27167,68.2
Tijucas,Brazil,-27.24139,-48.63361,4.5
Tietê,Brazil,-23.10194,-47.71472,511.8
Teutônia,Brazil,-29.44806,-51.80639,90.7
Teresópolis,Brazil,-22.4167,-42.97822,925.8
Teófilo Otoni,Brazil,-17.8575,-41.50528,332.6
Teodoro Sampaio,Brazil,-22.5325,-52.1675,337.4
Telêmaco Borba,Brazil,-24.32389,-50.61556,724.9
Taubaté,Brazil,-23.02639,-45.55528,582.7
Tatuí,Brazil,-23.35556,-47.85694,640.4
Taquarituba,Brazil,-23.53306,-49.24444,621.1
Taquaritinga,Brazil,-21.40611,-48.50472,567.4
Taquari,Brazil,-29.79972,-51.86444,51.7
Taquara,Brazil,-29.65056,-50.78056,30.5
Tapiramutá,Brazil,-11.84722,-40.79139,825.5
Tapes,Brazil,-30.67333,-51.39583,6.6
Tanguá,Brazil,-22.73028,-42.71417,29.0
Tanabi,Brazil,-20.62639,-49.64917,518.5
Tambaú,Brazil,-21.705,-47.27444,699.2
Taiobeiras,Brazil,-15.80778,-42.23306,832.5
Taboão da Serra,Brazil,-23.62611,-46.79167,798.2
Suzano,Brazil,-23.5425,-46.31083,744.6
Sumaré,Brazil,-22.82194,-47.26694,570.5
Sorocaba,Brazil,-23.50167,-47.45806,592.2
Soledade,Brazil,-28.81833,-52.51028,715.8
Socorro,Brazil,-22.59139,-46.52889,761.0
Sobradinho,Brazil,-12.83333,-39.1,166.7
Simão Dias,Brazil,-10.73833,-37.81111,265.0
Silva Jardim,Brazil,-22.65083,-42.39167,21.3
Sidrolândia,Brazil,-20.93194,-54.96139,489.2
Sete Lagoas,Brazil,-19.46583,-44.24667,759.2
Sertãozinho,Brazil,-21.13778,-47.99028,548.6
Serrinha,Brazil,-11.66417,-39.0075,364.8
Serra Negra,Brazil,-22.61222,-46.70056,933.7
Serrana,Brazil,-21.21139,-47.59556,555.4
Serra,Brazil,-20.12861,-40.30778,58.9
Seropédica,Brazil,-22.74389,-43.7075,38.8
Senhor do Bonfim,Brazil,-10.46139,-40.18944,545.8
Senador Canedo,Brazil,-16.70806,-49.09306,798.2
Seabra,Brazil,-12.41713,-41.77049,820.0
Schroeder,Brazil,-26.4125,-49.07306,36.4
Saubara,Brazil,-12.7375,-38.76861,18.0
Sarzedo,Brazil,-20.03528,-44.14472,799.3
Sarandi,Brazil,-27.94389,-52.92306,505.8
Sarandi,Brazil,-23.44361,-51.87389,584.1
Saquarema,Brazil,-22.92,-42.51028,1.0
Sapucaia,Brazil,-29.83333,-51.15,35.0
Sapiranga,Brazil,-29.63806,-51.00694,32.9
São Vicente,Brazil,-23.96306,-46.39194,5.2
São Sepé,Brazil,-30.16056,-53.56528,95.6
São Sebastião do Passé,Brazil,-12.5125,-38.49528,50.8
São Sebastião do Paraíso,Brazil,-20.91694,-46.99139,972.4
São Sebastião do Caí,Brazil,-29.58667,-51.37556,20.0
São Sebastião,Brazil,-23.76,-45.40972,1.4
São Roque,Brazil,-23.52917,-47.13528,770.0
São Pedro da Aldeia,Brazil,-22.83917,-42.10278,19.3
São Pedro,Brazil,-22.54861,-47.91389,559.3
São Paulo,Brazil,-23.5475,-46.63611,761.0
São Miguel do Iguaçu,Brazil,-25.34806,-54.23778,327.4
São Miguel do Araguaia,Brazil,-13.275,-50.16278,336.1
São Mateus do Sul,Brazil,-25.87417,-50.38278,787.4
São Mateus,Brazil,-18.72011,-39.85891,33.8
São Marcos,Brazil,-28.97111,-51.06806,739.9
São Manuel,Brazil,-22.73111,-48.57056,699.9
São Luiz Gonzaga,Brazil,-28.40833,-54.96083,258.0
São Luís de Montes Belos,Brazil,-16.525,-50.37222,576.2
São Lourenço do Sul,Brazil,-31.36528,-51.97833,11.6
São Lourenço,Brazil,-22.11639,-45.05444,877.6
São Leopoldo,Brazil,-29.76028,-51.14722,7.5
São José dos Pinhais,Brazil,-25.5302,-49.20836,880.6
São José dos Campos,Brazil,-23.17944,-45.88694,594.9
São José do Rio Preto,Brazil,-20.81972,-49.37944,505.9
São José do Rio Pardo,Brazil,-21.59556,-46.88861,716.5
São José,Brazil,-28.21171,-49.1632,74.2
São Joaquim da Barra,Brazil,-20.58139,-47.85472,611.6
São Joaquim,Brazil,-28.29389,-49.93167,1348.0
São João Nepomuceno,Brazil,-21.54,-43.01056,375.8
São João de Meriti,Brazil,-22.80389,-43.37222,9.4
São João del Rei,Brazil,-21.13556,-44.26167,906.8
São João da Boa Vista,Brazil,-21.96917,-46.79806,771.6
São João da Barra,Brazil,-21.64028,-41.05111,4.9
São Jerônimo,Brazil,-29.95917,-51.72222,15.6
São Gotardo,Brazil,-19.31111,-46.04889,1063.9
São Gonçalo do Sapucaí,Brazil,-21.89222,-45.59528,861.2
São Gabriel,Brazil,-30.33639,-54.32,116.1
São Francisco do Sul,Brazil,-26.24333,-48.63806,16.3
São Francisco do Conde,Brazil,-12.6275,-38.68,23.4
São Francisco,Brazil,-15.94861,-44.86444,463.7
São Fidélis,Brazil,-21.64611,-41.74694,21.7
São Cristóvão,Brazil,-11.01472,-37.20639,36.5
São Carlos,Brazil,-22.0175,-47.89083,834.5
São Caetano do Sul,Brazil,-23.62306,-46.55111,768.1
São Borja,Brazil,-28.66056,-56.00444,93.9
São Bernardo do Campo,Brazil,-23.69389,-46.565,793.2
São Bento do Sul,Brazil,-26.25028,-49.37861,875.6
Santos Dumont,Brazil,-21.45667,-43.5525,843.4
Santos,Brazil,-23.96083,-46.33361,5.2
Santo Estêvão,Brazil,-12.43028,-39.25139,242.5
Santo Antônio do Monte,Brazil,-20.08722,-45.29361,937.3
Santo Antônio do Amparo,Brazil,-20.94639,-44.91889,1015.1
Santo Antônio de Posse,Brazil,-22.60611,-46.91944,664.5
Santo Antônio de Pádua,Brazil,-21.53944,-42.18028,90.1
Santo Antônio de Jesus,Brazil,-12.96889,-39.26139,212.8
Santo Antônio da Platina,Brazil,-23.295,-50.07722,502.9
Santo Ângelo,Brazil,-28.29917,-54.26306,290.7
Santo André,Brazil,-23.66389,-46.53833,796.9
Santo Anastácio,Brazil,-21.83833,-51.61028,393.0
Santo Amaro da Imperatriz,Brazil,-27.68806,-48.77861,30.1
Santo Amaro,Brazil,-12.54667,-38.71194,10.1
Santiago,Brazil,-29.19167,-54.86722,423.2
Santa Vitória do Palmar,Brazil,-33.51889,-53.36806,18.8
Santa Rosa de Viterbo,Brazil,-21.47278,-47.36306,679.7
Santa Rosa,Brazil,-27.87083,-54.48139,282.8
Santa Rita do Sapucaí,Brazil,-22.25222,-45.70333,822.6
Santa Rita do Passa Quatro,Brazil,-21.71028,-47.47806,750.2
Santana do Paraíso,Brazil,-19.36361,-42.56861,582.9
Santana do Livramento,Brazil,-30.89083,-55.53278,215.8
Santana de Parnaíba,Brazil,-23.44417,-46.91778,704.7
Santa Maria da Vitória,Brazil,-13.39472,-44.18861,434.4
Santa Maria,Brazil,-29.68417,-53.80694,148.2
Santa Luzia,Brazil,-19.76972,-43.85139,759.2
Santaluz,Brazil,-11.25583,-39.37472,361.7
Santa Isabel,Brazil,-23.31556,-46.22139,663.0
Santa Helena de Goiás,Brazil,-17.81361,-50.59694,561.5
Santa Gertrudes,Brazil,-22.45667,-47.53028,592.3
Santa Fé do Sul,Brazil,-20.21111,-50.92583,398.7
Santa Cruz do Sul,Brazil,-29.7175,-52.42583,66.5
Santa Cruz do Rio Pardo,Brazil,-22.89889,-49.6325,471.3
Santa Cruz das Palmeiras,Brazil,-21.82694,-47.24861,650.6
Santa Cruz Cabrália,Brazil,-16.27806,-39.02472,31.9
Santa Cecília,Brazil,-26.96083,-50.42694,1095.8
Santa Bárbara d'Oeste,Brazil,-22.75361,-47.41361,562.5
Salvador,Brazil,-12.97111,-38.51083,11.0
Salto de Pirapora,Brazil,-23.64889,-47.57333,635.4
Salto,Brazil,-23.20083,-47.28694,559.2
Salinas,Brazil,-16.17028,-42.29028,473.0
Sacramento,Brazil,-19.86528,-47.44,840.9
Ruy Barbosa,Brazil,-12.28389,-40.49389,342.8
Rubiataba,Brazil,-15.16444,-49.80333,637.3
Rosário do Sul,Brazil,-30.25833,-54.91417,120.0
Rondonópolis,Brazil,-16.47083,-54.63556,226.9
Rolante,Brazil,-29.65056,-50.57583,42.3
Rolândia,Brazil,-23.30972,-51.36917,732.0
Rio Verde de Mato Grosso,Brazil,-18.91806,-54.84417,333.0
Rio Real,Brazil,-11.48472,-37.93278,166.7
Rio Pardo,Brazil,-29.98972,-52.37806,30.6
Rio Negro,Brazil,-26.10583,-49.7975,794.0
Rio Negrinho,Brazil,-26.25444,-49.51833,793.8
Rio Grande da Serra,Brazil,-23.74417,-46.39833,777.7
Rio Grande,Brazil,-32.035,-52.09861,6.4
Rio do Sul,Brazil,-27.21417,-49.64306,342.1
Rio de Janeiro,Brazil,-22.90278,-43.2075,2.5
Rio das Pedras,Brazil,-22.84333,-47.60611,622.6
Rio das Ostras,Brazil,-22.52694,-41.945,5.5
Rio Claro,Brazil,-22.41139,-47.56139,616.7
Rio Brilhante,Brazil,-21.80194,-54.54639,319.4
Rio Branco do Sul,Brazil,-25.19,-49.31417,889.3
Rio Bonito,Brazil,-22.70861,-42.60972,69.8
Ribeirão Preto,Brazil,-21.1775,-47.81028,548.1
Ribeirão Pires,Brazil,-23.71056,-46.41333,756.1
Ribeirão das Neves,Brazil,-19.76694,-44.08667,804.2
Ribeirão da Ilha,Brazil,-27.69934,-48.53219,8.2
Ribeira do Pombal,Brazil,-10.83444,-38.53583,223.7
Riachão do Jacuípe,Brazil,-11.80694,-39.38556,219.7
Resplendor,Brazil,-19.32556,-41.25528,101.7
Resende,Brazil,-22.46889,-44.44667,409.4
Registro,Brazil,-24.4875,-47.84361,14.5
Regente Feijó,Brazil,-22.22139,-51.30278,509.6
Rancharia,Brazil,-22.22917,-50.89306,518.9
Quirinópolis,Brazil,-18.44833,-50.45167,527.9
Queimados,Brazil,-22.71611,-43.55528,32.0
Quatro Barras,Brazil,-25.36556,-49.07694,928.1
Quaraí,Brazil,-30.3875,-56.45139,112.6
Prudentópolis,Brazil,-25.21306,-50.97778,762.7
Propriá,Brazil,-10.21111,-36.84028,10.7
Promissão,Brazil,-21.53667,-49.85806,428.9
Presidente Venceslau,Brazil,-21.87611,-51.84389,427.7
Presidente Prudente,Brazil,-22.12556,-51.38889,466.3
Presidente Epitácio,Brazil,-21.76333,-52.11556,303.7
Prata,Brazil,-19.30722,-48.92417,639.8
Praia Grande,Brazil,-24.00583,-46.40278,5.7
Prado,Brazil,-17.34111,-39.22083,6.8
Pouso Alegre,Brazil,-22.23,-45.93639,840.1
Posse,Brazil,-14.09306,-46.36944,813.1
Porto União,Brazil,-26.23806,-51.07833,787.5
Porto Seguro,Brazil,-16.44972,-39.06472,3.4
Porto Ferreira,Brazil,-21.85389,-47.47917,561.6
Porto Feliz,Brazil,-23.21472,-47.52389,531.1
Porto Alegre,Brazil,-30.03306,-51.23,43.2
Portão,Brazil,-29.70167,-51.24194,48.5
Porangatu,Brazil,-13.44083,-49.14861,406.2
Pontes e Lacerda,Brazil,-15.22611,-59.33528,246.9
Ponte Nova,Brazil,-20.41639,-42.90861,444.7
Ponta Porã,Brazil,-22.53611,-55.72556,658.4
Pontal,Brazil,-21.0225,-48.03722,533.0
Ponta Grossa,Brazil,-25.095,-50.16194,953.8
Pompéu,Brazil,-19.22444,-44.93528,850.7
Pompéia,Brazil,-22.10861,-50.17167,600.1
Pomerode,Brazil,-26.74056,-49.17694,63.7
Poços de Caldas,Brazil,-21.78778,-46.56139,1230.6
Poconé,Brazil,-16.25667,-56.62278,146.5
Poções,Brazil,-14.52972,-40.36528,761.4
Poá,Brazil,-23.52806,-46.34472,762.3
Planaltina,Brazil,-15.45278,-47.61417,1037.3
Piúma,Brazil,-20.83778,-40.72194,3.5
Piuí,Brazil,-20.46528,-45.95806,792.1
Pitangui,Brazil,-19.68278,-44.89028,699.0
Pitangueiras,Brazil,-21.00944,-48.22167,507.5
Pitanga,Brazil,-24.75722,-51.76139,885.9
Piritiba,Brazil,-11.73028,-40.55528,543.9
Pires do Rio,Brazil,-17.29972,-48.27944,765.2
Piraquara,Brazil,-25.44227,-49.06795,904.4
Pirapozinho,Brazil,-22.27528,-51.5,491.6
Pirapora,Brazil,-17.345,-44.94194,500.0
Pirajuí,Brazil,-21.99861,-49.45722,498.8
Piraju,Brazil,-23.19361,-49.38389,558.2
Piraí do Sul,Brazil,-24.52611,-49.94861,996.6
Piraí,Brazil,-22.62917,-43.89806,379.9
Pirassununga,Brazil,-21.99611,-47.42583,629.9
Piracicaba,Brazil,-22.72528,-47.64917,533.8
Piracanjuba,Brazil,-17.30278,-49.01667,732.9
Piracaia,Brazil,-23.05389,-46.35806,811.9
Pinheiral,Brazil,-22.51278,-44.00056,360.6
Pinhão,Brazil,-25.69556,-51.65972,1045.7
Espírito Santo do Pinhal,Brazil,-22.11583,-46.68278,848.4
Pindobaçu,Brazil,-10.74167,-40.36083,431.1
Pindamonhangaba,Brazil,-22.92389,-45.46167,559.3
Pilar do Sul,Brazil,-23.81306,-47.71639,691.1
Piedade,Brazil,-23.71194,-47.42778,794.5
Petrópolis,Brazil,-22.505,-43.17861,813.1
Peruíbe,Brazil,-24.32,-46.99833,6.6
Pereira Barreto,Brazil,-20.63833,-51.10917,359.0
Perdões,Brazil,-21.09083,-45.09139,838.5
Penha,Brazil,-26.76944,-48.64583,37.6
Penedo,Brazil,-10.29028,-36.58639,10.8
Penápolis,Brazil,-21.41972,-50.0775,414.5
Pelotas,Brazil,-31.77194,-52.3425,12.5
Pedro Leopoldo,Brazil,-19.61806,-44.04306,712.4
Pedreira,Brazil,-22.74194,-46.90139,598.7
Pedra Azul,Brazil,-16.00528,-41.29722,687.4
Pederneiras,Brazil,-22.35167,-48.775,475.4
Paulínia,Brazil,-22.76111,-47.15417,584.4
Patrocínio,Brazil,-18.94389,-46.9925,963.9
Patos de Minas,Brazil,-18.57889,-46.51806,841.0
Pato Branco,Brazil,-26.22861,-52.67056,769.9
Paty do Alferes,Brazil,-22.42861,-43.41861,595.8
Passos,Brazil,-20.71889,-46.60972,746.0
Passo Fundo,Brazil,-28.26278,-52.40667,684.6
Parobé,Brazil,-29.62861,-50.83472,49.2
Paraty,Brazil,-23.21778,-44.71306,4.3
Paranavaí,Brazil,-23.07306,-52.46528,453.2
Paranapanema,Brazil,-23.3863,-48.72441,606.5
Paranaíba,Brazil,-19.67722,-51.19083,380.0
Paranaguá,Brazil,-25.51626,-48.52537,9.7
Paraíba do Sul,Brazil,-22.15847,-43.29321,323.5
Paraguaçu Paulista,Brazil,-22.41278,-50.57583,507.5
Paraguaçu,Brazil,-21.54722,-45.7375,818.6
Pará de Minas,Brazil,-19.86028,-44.60833,791.7
Paracatu,Brazil,-17.22222,-46.87472,689.4
Paracambi,Brazil,-22.60829,-43.7084,47.0
Panambi,Brazil,-28.2925,-53.50167,422.3
Palotina,Brazil,-24.28389,-53.84,335.6
Palmital,Brazil,-22.78889,-50.2175,508.1
Palmeira das Missões,Brazil,-27.89944,-53.31361,621.9
Palmeira,Brazil,-25.42944,-50.00639,913.2
Palmas,Brazil,-26.48417,-51.99056,1075.6
Palhoça,Brazil,-27.64528,-48.66778,3.0
Paiçandu,Brazil,-23.4575,-52.04861,482.5
Padre Bernardo,Brazil,-15.16595,-48.28281,640.5
Ouro Preto,Brazil,-20.39484,-43.50517,1197.1
Ouro Branco,Brazil,-20.52334,-43.69486,1045.4
Ourinhos,Brazil,-22.97889,-49.87056,488.9
Osvaldo Cruz,Brazil,-21.79667,-50.87861,462.6
Osório,Brazil,-29.88667,-50.26972,17.6
Osasco,Brazil,-23.5325,-46.79167,747.0
Orleans,Brazil,-28.35889,-49.29139,127.5
Orlândia,Brazil,-20.72028,-47.88667,691.9
Oliveira,Brazil,-20.69639,-44.82722,978.3
Olímpia,Brazil,-20.73722,-48.91472,503.8
Novo Horizonte,Brazil,-21.46806,-49.22083,454.4
Novo Hamburgo,Brazil,-29.67833,-51.13056,47.3
Nova Viçosa,Brazil,-17.89194,-39.37194,4.7
Nova Venécia,Brazil,-18.71056,-40.40056,86.8
Nova Prata,Brazil,-28.78389,-51.61,654.5
Nova Petrópolis,Brazil,-29.37639,-51.11444,589.5
Nova Olímpia,Brazil,-14.79722,-57.28806,178.4
Nova Odessa,Brazil,-22.7775,-47.29583,562.4
Nova Lima,Brazil,-19.98556,-43.84667,742.8
Nova Iguaçu,Brazil,-22.75917,-43.45111,35.3
Nova Granada,Brazil,-20.53389,-49.31417,517.0
Nova Friburgo,Brazil,-22.28194,-42.53111,853.2
Nova Era,Brazil,-19.75,-43.0375,628.1
Nossa Senhora do Socorro,Brazil,-10.855,-37.12611,38.5
Nossa Senhora da Glória,Brazil,-10.21833,-37.42028,293.7
Niterói,Brazil,-22.88333,-43.10361,44.7
Niquelândia,Brazil,-14.47389,-48.45972,576.4
Nilópolis,Brazil,-22.8075,-43.41389,26.8
Nerópolis,Brazil,-16.40639,-49.21861,821.4
Nepomuceno,Brazil,-21.23342,-45.23488,843.3
Nazaré,Brazil,-13.035,-39.01444,10.4
Naviraí,Brazil,-23.065,-54.19056,365.0
Navegantes,Brazil,-26.89889,-48.65417,4.1
Nanuque,Brazil,-17.83917,-40.35389,104.9
Muzambinho,Brazil,-21.37583,-46.52556,1046.6
Muritiba,Brazil,-12.91667,-39.25,220.0
Muriaé,Brazil,-21.13056,-42.36639,209.1
Mucuri,Brazil,-18.08639,-39.55083,5.7
Morro do Chapéu,Brazil,-11.54852,-41.15804,1017.8
Morro Agudo,Brazil,-20.73139,-48.05778,553.5
Morrinhos,Brazil,-17.73111,-49.09944,744.5
Montes Claros,Brazil,-16.735,-43.86167,681.2
Monte Santo de Minas,Brazil,-21.18972,-46.98028,887.1
Montenegro,Brazil,-29.68861,-51.46111,19.2
Monte Mor,Brazil,-22.94667,-47.31583,553.3
Monte Carmelo,Brazil,-18.72472,-47.49861,867.8
Monte Azul Paulista,Brazil,-20.90722,-48.64139,612.7
Monte Aprazível,Brazil,-20.7725,-49.71417,478.7
Monte Alto,Brazil,-21.26111,-48.49639,724.9
Mongaguá,Brazil,-24.09306,-46.62083,4.3
Mogi Mirim,Brazil,-22.43194,-46.95778,629.1
Mogi-Gaucu,Brazil,-22.3677,-46.94552,616.7
Mogi das Cruzes,Brazil,-23.52278,-46.18833,754.0
Mococa,Brazil,-21.46778,-47.00472,614.8
Mirandopólis,Brazil,-21.13361,-51.10167,440.6
Miracema,Brazil,-21.41222,-42.19667,139.5
Mineiros,Brazil,-17.56944,-52.55111,758.4
Miguel Pereira,Brazil,-22.45389,-43.46889,611.0
Miguelópolis,Brazil,-20.17944,-48.03194,512.1
Mendes,Brazil,-22.52667,-43.73278,414.6
Medianeira,Brazil,-25.29528,-54.09389,414.3
Medeiros Neto,Brazil,-17.37389,-40.22056,143.1
Mauá,Brazil,-23.66778,-46.46139,764.5
Matozinhos,Brazil,-19.55778,-44.08139,811.8
Mateus Leme,Brazil,-19.98639,-44.42778,786.1
Matão,Brazil,-21.60333,-48.36583,569.4
Mata de São João,Brazil,-12.53028,-38.29917,33.9
Mascote,Brazil,-15.56306,-39.3025,54.9
Martinópolis,Brazil,-22.14583,-51.17083,500.9
Maringá,Brazil,-23.42528,-51.93861,550.9
Marília,Brazil,-22.21389,-49.94583,652.0
Maricá,Brazil,-22.91944,-42.81861,5.4
Mariana,Brazil,-20.37778,-43.41611,702.8
Marialva,Brazil,-23.485,-51.79167,663.0
Marechal Cândido Rondon,Brazil,-24.55611,-54.05667,422.4
Marau,Brazil,-28.44917,-52.2,550.4
Marataizes,Brazil,-21.04333,-40.82444,2.8
Maragogipe,Brazil,-12.77778,-38.91944,17.3
Maracás,Brazil,-13.44111,-40.43083,957.8
Maracaju,Brazil,-21.61444,-55.16833,381.5
Manhumirim,Brazil,-20.35778,-41.95806,612.1
Manhuaçu,Brazil,-20.25806,-42.03361,637.9
Mangaratiba,Brazil,-22.95972,-44.04056,33.3
Mandaguari,Brazil,-23.5475,-51.67083,766.8
Mairiporã,Brazil,-23.31861,-46.58667,750.0
Mairinque,Brazil,-23.54583,-47.18333,848.8
Mafra,Brazil,-26.11139,-49.80528,807.1
Machado,Brazil,-21.67472,-45.91972,798.3
Macatuba,Brazil,-22.50222,-48.71139,529.3
Macaé,Brazil,-22.37083,-41.78694,32.3
Luziânia,Brazil,-16.2525,-47.95028,932.1
Lucas,Brazil,-16.33333,-55.93333,126.5
Louveira,Brazil,-23.08639,-46.95056,693.9
Lorena,Brazil,-22.73083,-45.12472,527.2
Londrina,Brazil,-23.31028,-51.16278,602.3
Loanda,Brazil,-22.92306,-53.13722,460.8
Livramento do Brumado,Brazil,-13.65145,-41.84564,463.4
Lins,Brazil,-21.67861,-49.7425,410.5
Linhares,Brazil,-19.39111,-40.07222,36.5
Limeira,Brazil,-22.56472,-47.40167,576.0
Leopoldina,Brazil,-21.53194,-42.64306,255.9
Lençóis Paulista,Brazil,-22.59861,-48.80028,559.9
Leme,Brazil,-22.18556,-47.39028,626.8
Lavras,Brazil,-21.24528,-44.99972,918.4
Laranjeiras do Sul,Brazil,-25.40778,-52.41611,849.6
Laranjeiras,Brazil,-10.80639,-37.17,47.9
Laranjal Paulista,Brazil,-23.04972,-47.83667,539.5
Lapa,Brazil,-25.76972,-49.71583,922.6
Lajinha,Brazil,-20.15139,-41.62278,486.3
Lages,Brazil,-27.81611,-50.32611,918.0
Lajeado,Brazil,-29.46694,-51.96139,28.7
Laguna,Brazil,-28.4825,-48.78083,9.3
Lagoa Vermelha,Brazil,-28.20861,-51.52583,789.5
Lagoa Santa,Brazil,-19.63006,-43.9009,791.4
Lagoa da Prata,Brazil,-20.0225,-45.54361,660.4
Lagarto,Brazil,-10.91722,-37.65,136.6
Ladário,Brazil,-19.00472,-57.60167,121.7
Jundiaí,Brazil,-23.18639,-46.88417,750.6
Júlio de Castilhos,Brazil,-29.22694,-53.68167,516.5
Juiz de Fora,Brazil,-21.76417,-43.35028,705.8
Juatuba,Brazil,-19.95194,-44.34278,723.6
José Bonifácio,Brazil,-21.05278,-49.68833,439.4
Joinville,Brazil,-26.30444,-48.84556,9.5
João Pinheiro,Brazil,-17.7425,-46.1725,770.8
João Monlevade,Brazil,-19.81,-43.17361,739.2
Joaçaba,Brazil,-27.17806,-51.50472,538.5
Jeremoabo,Brazil,-10.075,-38.48083,329.8
Jequitinhonha,Brazil,-16.43389,-41.00333,231.7
Jequié,Brazil,-13.85875,-40.08512,214.0
Jaú,Brazil,-22.29639,-48.55778,528.8
Jataí,Brazil,-17.87939,-51.72166,735.0
Jarinu,Brazil,-23.10139,-46.72833,789.4
Jardinópolis,Brazil,-21.01778,-47.76389,595.1
Jardim,Brazil,-21.48028,-56.13806,256.0
Jaraguá do Sul,Brazil,-26.48611,-49.06667,28.7
Jaraguá,Brazil,-15.75694,-49.33444,652.8
Japeri,Brazil,-22.64306,-43.65333,32.5
Januária,Brazil,-15.48866,-44.35988,458.2
Jandira,Brazil,-23.5275,-46.9025,728.9
Jandaia do Sul,Brazil,-23.60306,-51.64333,811.5
Janaúba,Brazil,-15.8025,-43.30889,536.8
Jales,Brazil,-20.26889,-50.54583,489.5
Jaguariúna,Brazil,-22.70556,-46.98583,590.8
Jaguariaíva,Brazil,-24.24423,-49.70932,872.0
Jaguarari,Brazil,-10.26389,-40.19583,657.9
Jaguarão,Brazil,-32.56611,-53.37583,18.4
Jaguaquara,Brazil,-13.53056,-39.97083,673.6
Jacutinga,Brazil,-22.28556,-46.61222,832.4
Jacobina,Brazil,-11.18143,-40.51372,475.6
Jaciara,Brazil,-15.96528,-54.96833,355.1
Jacarezinho,Brazil,-23.16056,-49.96944,441.6
Jacareí,Brazil,-23.30528,-45.96583,572.0
Jaboticabal,Brazil,-21.25472,-48.32222,600.1
Ivoti,Brazil,-29.59111,-51.16056,120.3
Ituverava,Brazil,-20.33944,-47.78056,604.5
Iturama,Brazil,-19.72806,-50.19556,467.9
Itupeva,Brazil,-23.15306,-47.05778,671.6
Itumbiara,Brazil,-18.41917,-49.21528,449.7
Ituiutaba,Brazil,-18.97428,-49.46212,567.4
Ituberá,Brazil,-13.73222,-39.14917,48.0
Itu,Brazil,-23.26417,-47.29917,589.3
Itororó,Brazil,-15.11694,-40.07028,250.9
Itaúna,Brazil,-20.07528,-44.57639,844.5
Itatinga,Brazil,-23.10167,-48.61583,830.7
Itatiba,Brazil,-23.00583,-46.83889,783.6
Itararé,Brazil,-24.1125,-49.33167,754.5
Itaqui,Brazil,-29.12528,-56.55306,61.8
Itaquaquecetuba,Brazil,-23.48611,-46.34833,739.1
Itapuranga,Brazil,-15.56222,-49.94861,651.6
Itápolis,Brazil,-21.59556,-48.81278,492.7
Itapira,Brazil,-22.43611,-46.82167,645.6
Itapevi,Brazil,-23.54889,-46.93417,769.9
Itapeva,Brazil,-23.98222,-48.87556,680.2
Itapetininga,Brazil,-23.59167,-48.05306,663.0
Itapetinga,Brazil,-15.24889,-40.24778,279.6
Itaperuna,Brazil,-21.205,-41.88778,119.8
Itaperuçu,Brazil,-25.22,-49.34778,977.2
Itapemirim,Brazil,-21.01111,-40.83389,11.7
Itapema,Brazil,-27.09028,-48.61139,4.0
Itapecerica da Serra,Brazil,-23.71694,-46.84917,901.9
Itapecerica,Brazil,-20.4725,-45.12556,830.0
Itaparica,Brazil,-12.88833,-38.67861,20.3
Itapaci,Brazil,-14.95083,-49.54944,554.3
Itaocara,Brazil,-21.66917,-42.07611,99.3
Itanhaém,Brazil,-24.18306,-46.78889,8.8
Itambé,Brazil,-15.245,-40.62444,354.0
Itamarandiba,Brazil,-17.85722,-42.85889,904.9
Itamaraju,Brazil,-17.03917,-39.53111,85.6
Itajuípe,Brazil,-14.67806,-39.375,95.8
Itajubá,Brazil,-22.42556,-45.45278,855.7
Itajaí,Brazil,-26.90778,-48.66194,3.7
Itaí,Brazil,-23.41778,-49.09056,612.1
Itaguaí,Brazil,-22.85222,-43.77528,24.4
Itabuna,Brazil,-14.78556,-39.28028,66.1
Itaboraí,Brazil,-22.74444,-42.85944,48.1
Itabirito,Brazil,-20.25333,-43.80139,850.6
Itabira,Brazil,-19.61917,-43.22694,805.4
Itaberaí,Brazil,-16.02028,-49.81028,701.3
Itaberaba,Brazil,-12.5275,-40.30694,272.9
Itabaianinha,Brazil,-11.27389,-37.79,223.3
Itabaiana,Brazil,-10.685,-37.42528,189.1
Irecê,Brazil,-11.30417,-41.85583,730.7
Irati,Brazil,-25.46722,-50.65111,847.0
Iracemápolis,Brazil,-22.58056,-47.51861,599.0
Iporá,Brazil,-16.44194,-51.11778,591.7
Ipirá,Brazil,-12.15833,-39.73722,330.7
Ipiaú,Brazil,-14.13449,-39.73948,136.1
Iperó,Brazil,-23.35028,-47.68861,564.4
Ipatinga,Brazil,-19.46833,-42.53667,224.2
Ipameri,Brazil,-17.72194,-48.15972,768.4
Ipaba,Brazil,-19.41361,-42.41944,229.0
Inhumas,Brazil,-16.35778,-49.49611,761.5
Indaiatuba,Brazil,-23.08842,-47.2119,624.6
Indaial,Brazil,-26.89778,-49.23167,65.5
Imbituva,Brazil,-25.23,-50.60444,892.0
Imbituba,Brazil,-28.24,-48.67028,23.0
Ilhéus,Brazil,-14.79364,-39.03949,22.3
Ilha Solteira,Brazil,-20.43278,-51.3425,369.5
Ilhabela,Brazil,-23.77806,-45.35806,7.8
Ijuí,Brazil,-28.38778,-53.91472,329.0
Iguape,Brazil,-24.70806,-47.55528,6.7
Igrejinha,Brazil,-29.57444,-50.79028,36.9
Igarapé,Brazil,-20.07028,-44.30167,807.8
Igarapava,Brazil,-20.03833,-47.74694,568.8
Igaraçu do Tietê,Brazil,-22.50917,-48.55778,493.5
Içara,Brazil,-28.71333,-49.3,39.2
Ibotirama,Brazil,-12.18528,-43.22056,422.7
Ibiúna,Brazil,-23.65639,-47.2225,864.5
Ibitinga,Brazil,-21.75778,-48.82889,493.8
Ibirité,Brazil,-20.02194,-44.05889,882.2
Ibirataia,Brazil,-14.06694,-39.64056,145.8
Ibirama,Brazil,-27.05694,-49.51778,155.8
Ibiporã,Brazil,-23.26917,-51.04806,498.1
Ibicaraí,Brazil,-14.865,-39.5875,160.0
Ibiá,Brazil,-19.47833,-46.53889,889.2
Ibaté,Brazil,-21.95472,-47.99667,845.0
Ibaiti,Brazil,-23.84861,-50.18778,844.6
Iaçu,Brazil,-12.76722,-40.21167,240.9
Hortolândia,Brazil,-22.85833,-47.22,580.1
Herval,Brazil,-32.02361,-53.39556,284.4
Gurupi,Brazil,-11.72917,-49.06861,296.7
Guaxupé,Brazil,-21.30528,-46.71278,863.8
Guarulhos,Brazil,-23.46278,-46.53333,770.2
Guarujá,Brazil,-23.99306,-46.25639,8.4
Guariba,Brazil,-21.36,-48.22833,614.8
Guaratuba,Brazil,-25.88278,-48.57472,6.9
Guaratinguetá,Brazil,-22.81639,-45.1925,545.6
Guararema,Brazil,-23.415,-46.035,582.0
Guararapes,Brazil,-21.26083,-50.64278,411.3
Guarapuava,Brazil,-25.39048,-51.46541,1090.4
Guarapari,Brazil,-20.65367,-40.50204,14.1
Guaranésia,Brazil,-21.29917,-46.8025,781.4
Guaramirim,Brazil,-26.47306,-49.00278,32.7
Guará,Brazil,-20.42833,-47.82417,574.0
Guaporé,Brazil,-28.84556,-51.89028,481.2
Guapimirim,Brazil,-22.53722,-42.98194,29.2
Guanhães,Brazil,-18.775,-42.9325,769.0
Guanambi,Brazil,-14.22333,-42.78139,527.3
Guaíra,Brazil,-20.31833,-48.31056,512.7
Guaçuí,Brazil,-20.77556,-41.67944,595.2
Gravataí,Brazil,-29.94218,-50.99278,41.1
Governador Valadares,Brazil,-18.85111,-41.94944,168.8
Goiatuba,Brazil,-18.0125,-49.35472,762.4
Goiás,Brazil,-15.93444,-50.14028,498.5
Goianira,Brazil,-16.49611,-49.42639,758.5
Goiânia,Brazil,-16.67861,-49.25389,758.3
Goianésia,Brazil,-15.3175,-49.1175,644.0
Gaspar,Brazil,-26.93139,-48.95889,11.0
Garibaldi,Brazil,-29.25611,-51.53361,605.4
Garça,Brazil,-22.21056,-49.65611,678.2
Gandu,Brazil,-13.74389,-39.48667,159.3
Frutal,Brazil,-20.02472,-48.94056,508.3
Frederico Westphalen,Brazil,-27.35917,-53.39444,522.6
Franco da Rocha,Brazil,-23.32167,-46.72694,750.7
Francisco Morato,Brazil,-23.28167,-46.74528,803.9
Francisco Beltrão,Brazil,-26.08111,-53.055,567.4
Franca,Brazil,-20.53861,-47.40083,998.0
Foz do Iguaçu,Brazil,-25.54778,-54.58806,179.9
Forquilhinha,Brazil,-28.7475,-49.47222,26.6
Formosa,Brazil,-15.53722,-47.33444,913.6
Formiga,Brazil,-20.46444,-45.42639,843.2
Florianópolis,Brazil,-27.59667,-48.54917,19.5
Flores da Cunha,Brazil,-29.02889,-51.18167,750.2
Ferraz de Vasconcelos,Brazil,-23.54083,-46.36861,754.1
Fernandópolis,Brazil,-20.28389,-50.24639,530.3
Feira de Santana,Brazil,-12.26667,-38.96667,226.1
Farroupilha,Brazil,-29.225,-51.34778,770.5
Euclides da Cunha,Brazil,-10.5075,-39.01583,477.0
Estrela,Brazil,-28.06111,-50.93833,911.5
Esteio,Brazil,-29.86139,-51.17917,9.2
Estância Velha,Brazil,-29.64833,-51.17389,38.2
Estância,Brazil,-11.26833,-37.43833,53.2
Esplanada,Brazil,-11.79611,-37.945,155.3
Espinosa,Brazil,-14.92611,-42.81917,563.9
Esmeraldas,Brazil,-19.7625,-44.31389,751.8
Erechim,Brazil,-27.63461,-52.2754,786.1
Entre Rios,Brazil,-11.94194,-38.08444,165.3
Encruzilhada do Sul,Brazil,-30.54389,-52.52194,429.8
Encantado,Brazil,-29.23611,-51.86972,63.9
Embu Guaçu,Brazil,-23.83222,-46.81139,754.1
Embu,Brazil,-23.64889,-46.85222,782.9
Elói Mendes,Brazil,-21.61,-45.56528,907.3
Duque de Caxias,Brazil,-22.78556,-43.31167,11.2
Dourados,Brazil,-22.22111,-54.80556,446.5
Dom Pedrito,Brazil,-30.98278,-54.67306,141.9
Dois Vizinhos,Brazil,-25.73361,-53.05722,556.5
Dois Córregos,Brazil,-22.36611,-48.38028,673.8
Divinópolis,Brazil,-20.14355,-44.89065,737.6
Diamantino,Brazil,-14.40861,-56.44611,280.7
Diamantina,Brazil,-18.24692,-43.60345,1279.9
Diadema,Brazil,-23.68611,-46.62278,782.2
Descalvado,Brazil,-21.90389,-47.61944,683.8
Curvelo,Brazil,-18.75639,-44.43083,651.4
Curitibanos,Brazil,-27.28278,-50.58444,1001.5
Curitiba,Brazil,-25.42778,-49.27306,925.5
Cuiabá,Brazil,-15.59611,-56.09667,185.3
Cubatão,Brazil,-23.895,-46.42528,3.6
Cruzeiro do Oeste,Brazil,-23.785,-53.07333,460.0
Cruzeiro,Brazil,-22.57316,-44.97108,544.8
Cruz das Almas,Brazil,-12.67,-39.10194,224.5
Cruz Alta,Brazil,-28.63861,-53.60639,475.6
Cristalina,Brazil,-16.76769,-47.6153,1225.9
Criciúma,Brazil,-28.6775,-49.36972,49.6
Cravinhos,Brazil,-21.34028,-47.72944,801.4
Coxim,Brazil,-18.50667,-54.76,204.2
Cotia,Brazil,-23.60389,-46.91917,793.3
Cosmópolis,Brazil,-22.64583,-47.19611,581.2
Coruripe,Brazil,-10.12556,-36.17556,16.8
Corumbá,Brazil,-19.00917,-57.65333,149.2
Coronel Vivida,Brazil,-25.97972,-52.56778,716.5
Coronel Fabriciano,Brazil,-19.51861,-42.62889,234.0
Coromandel,Brazil,-18.47333,-47.20028,936.9
Cornélio Procópio,Brazil,-23.18111,-50.64667,642.8
Corinto,Brazil,-18.38083,-44.45639,646.3
Cordeirópolis,Brazil,-22.48194,-47.45667,656.1
Cordeiro,Brazil,-22.02861,-42.36083,491.9
Contagem,Brazil,-19.93167,-44.05361,944.2
Conselheiro Lafaiete,Brazil,-20.66028,-43.78611,996.2
Congonhas,Brazil,-20.50525,-43.8588,878.2
Conde,Brazil,-11.81361,-37.61056,7.7
Concórdia,Brazil,-27.23417,-52.02778,593.4
Conchal,Brazil,-22.33028,-47.1725,590.8
Conceição do Coité,Brazil,-11.56389,-39.28278,431.1
Conceição do Jacuípe,Brazil,-12.31667,-38.76667,213.8
Conceição das Alagoas,Brazil,-19.91472,-48.38833,510.8
Conceição da Feira,Brazil,-12.50583,-38.99861,218.6
Conceição da Barra,Brazil,-18.59333,-39.73222,4.9
Colorado,Brazil,-22.8375,-51.97306,442.1
Colombo,Brazil,-25.29167,-49.22417,1004.6
Colatina,Brazil,-19.53944,-40.63056,88.1
Coaraci,Brazil,-14.64083,-39.55111,202.8
Cláudio,Brazil,-20.44333,-44.76583,861.5
Cícero Dantas,Brazil,-10.6,-38.38333,401.5
Cianorte,Brazil,-23.66333,-52.605,529.3
Charqueadas,Brazil,-29.95472,-51.62528,18.7
Chapecó,Brazil,-27.09639,-52.61833,667.9
Cerquilho,Brazil,-23.165,-47.74361,581.6
Ceres,Brazil,-15.30833,-49.59833,580.9
Celso Ramos,Brazil,-27.63444,-51.33639,749.5
Caxias do Sul,Brazil,-29.16806,-51.17944,781.2
Caxambu,Brazil,-21.97722,-44.9325,905.7
Catu,Brazil,-12.35306,-38.37889,79.8
Catanduva,Brazil,-21.13778,-48.97278,515.9
Catalão,Brazil,-18.16583,-47.94639,840.4
Cataguases,Brazil,-21.38917,-42.69667,178.3
Castro,Brazil,-24.78927,-50.01225,983.1
Castelo,Brazil,-20.60361,-41.18472,114.8
Cassilândia,Brazil,-19.11333,-51.73417,474.8
Casimiro de Abreu,Brazil,-22.48056,-42.20417,17.3
Cascavel,Brazil,-24.95583,-53.45528,784.7
Casa Branca,Brazil,-21.77389,-47.08639,687.7
Carmo do Paranaíba,Brazil,-19.00083,-46.31611,1069.5
Carmo do Cajuru,Brazil,-20.18417,-44.77111,754.6
Carlos Barbosa,Brazil,-29.2975,-51.50361,682.7
Carazinho,Brazil,-28.28389,-52.78639,599.7
Caratinga,Brazil,-19.78972,-42.13917,581.4
Carapicuíba,Brazil,-23.52272,-46.835,762.5
Carangola,Brazil,-20.73306,-42.02944,411.9
Carandaí,Brazil,-20.95361,-43.80639,1097.4
Caraguatatuba,Brazil,-23.62028,-45.41306,3.0
Capivari,Brazil,-22.995,-47.50778,551.5
Capinzal,Brazil,-27.34361,-51.61194,454.5
Capim Grosso,Brazil,-11.38111,-40.01278,419.0
Capelinha,Brazil,-17.69139,-42.51583,925.2
Capela,Brazil,-10.50333,-37.05278,162.4
Capão da Canoa,Brazil,-29.74556,-50.00972,6.3
Capâo Bonito,Brazil,-24.00583,-48.34944,710.1
Canoinhas,Brazil,-26.17722,-50.39,776.5
Canoas,Brazil,-29.91778,-51.18361,19.6
Canguçu,Brazil,-31.395,-52.67556,400.1
Canela,Brazil,-29.35622,-50.81357,821.6
Cândido Mota,Brazil,-22.74639,-50.38694,481.8
Candelária,Brazil,-29.66917,-52.78889,50.8
Canavieiras,Brazil,-15.675,-38.94722,4.4
Campo Verde,Brazil,-20.41667,-54.06667,462.4
Campos Novos,Brazil,-27.40167,-51.225,934.1
Campos Gerais,Brazil,-21.235,-45.75861,840.2
Campos do Jordão,Brazil,-22.73944,-45.59139,1602.6
Campos Belos,Brazil,-13.03667,-46.77167,626.9
Campos,Brazil,-21.75227,-41.33044,11.6
Campo Mourão,Brazil,-24.04309,-52.37929,612.6
Campo Largo,Brazil,-25.45955,-49.53014,961.5
Campo Grande,Brazil,-20.44278,-54.64639,589.4
Campo Formoso,Brazil,-10.5075,-40.32139,583.5
Campo Belo,Brazil,-20.89722,-45.27722,853.0
Campinas,Brazil,-22.90556,-47.06083,684.1
Campina Grande do Sul,Brazil,-25.30556,-49.05528,881.9
Cambuí,Brazil,-22.61222,-46.0575,891.9
Cambé,Brazil,-23.27583,-51.27833,666.5
Cambará,Brazil,-23.04639,-50.07361,449.9
Camaquã,Brazil,-30.85111,-51.81222,34.4
Camanducaia,Brazil,-22.75528,-46.14472,1019.6
Camaçari,Brazil,-12.6975,-38.32417,29.7
Caldas Novas,Brazil,-17.74431,-48.62789,700.7
Cajuru,Brazil,-21.27528,-47.30417,778.3
Cajati,Brazil,-24.73611,-48.12278,35.6
Cajamar,Brazil,-23.35611,-46.87694,727.8
Caieiras,Brazil,-23.36417,-46.74056,793.8
Caetité,Brazil,-14.06944,-42.475,817.3
Caeté,Brazil,-19.88,-43.66972,903.7
Cachoeiro de Itapemirim,Brazil,-20.84889,-41.11278,36.4
Cachoeirinha,Brazil,-29.95111,-51.09389,13.2
Cachoeiras de Macacu,Brazil,-22.4625,-42.65306,60.4
Cachoeira do Sul,Brazil,-30.03917,-52.89389,72.6
Cachoeira,Brazil,-12.61833,-38.95583,39.5
Caçapava do Sul,Brazil,-30.51436,-53.48496,423.3
Caçapava,Brazil,-23.10083,-45.70694,561.9
Caçador,Brazil,-26.77528,-51.015,912.5
Cabreúva,Brazil,-23.3075,-47.13278,634.2
Cabo Frio,Brazil,-22.88717,-42.02622,7.6
Butiá,Brazil,-30.11972,-51.96222,63.8
Buritizeiro,Brazil,-17.35111,-44.96222,511.6
Buritis,Brazil,-15.61778,-46.42333,538.7
Buri,Brazil,-23.7975,-48.59278,600.5
Buerarema,Brazil,-14.95944,-39.29972,107.0
Brusque,Brazil,-27.09795,-48.91281,23.8
Brumado,Brazil,-14.20361,-41.66528,425.4
Brumadinho,Brazil,-20.14333,-44.19972,755.6
Brotas,Brazil,-22.28417,-48.12667,649.6
Brodósqui,Brazil,-20.99139,-47.65861,862.5
Brasília,Brazil,-15.77972,-47.92972,1134.3
Bragança Paulista,Brazil,-22.9527,-46.54418,831.6
Braço do Norte,Brazil,-28.275,-49.16556,65.8
Botucatu,Brazil,-22.88583,-48.445,832.6
Bom Jesus do Itabapoana,Brazil,-21.13389,-41.67972,87.1
Bom Jesus da Lapa,Brazil,-13.255,-43.41806,438.5
Bom Despacho,Brazil,-19.73639,-45.25222,777.0
Boituva,Brazil,-23.28333,-47.67222,640.5
Bocaiúva,Brazil,-17.10778,-43.815,684.0
Boa Esperança,Brazil,-21.09,-45.56583,777.0
Blumenau,Brazil,-26.91944,-49.06611,21.1
Biritiba Mirim,Brazil,-23.5725,-46.03861,768.1
Birigui,Brazil,-21.28861,-50.34,407.2
Biguaçu,Brazil,-27.49417,-48.65556,3.2
Betim,Brazil,-19.96778,-44.19833,835.7
Bertioga,Brazil,-23.85444,-46.13861,4.1
Bento Gonçalves,Brazil,-29.17139,-51.51917,670.1
Belo Oriente,Brazil,-19.22,-42.48361,254.2
Belo Horizonte,Brazil,-19.92083,-43.93778,853.1
Belford Roxo,Brazil,-22.76417,-43.39944,16.3
Bela Vista,Brazil,-22.10889,-56.52111,189.5
Bebedouro,Brazil,-20.94944,-48.47917,572.5
Bauru,Brazil,-22.31472,-49.06056,526.1
Batatais,Brazil,-20.89111,-47.585,862.0
Bastos,Brazil,-21.92194,-50.73389,458.6
Barueri,Brazil,-23.51056,-46.87611,724.2
Barroso,Brazil,-21.18694,-43.97583,924.1
Barrinha,Brazil,-21.19361,-48.16389,511.7
Barretos,Brazil,-20.55722,-48.56778,536.7
Barreiro do Jaíba,Brazil,-15.61532,-43.59187,557.1
Barreiras,Brazil,-12.15278,-44.99,467.9
Barra Velha,Brazil,-26.63222,-48.68472,5.6
Barra Mansa,Brazil,-22.54417,-44.17139,377.6
Barra dos Coqueiros,Brazil,-10.90889,-37.03861,5.4
Barra do Piraí,Brazil,-22.47,-43.82556,364.3
Barra do Garças,Brazil,-15.89,-52.25667,298.3
Barra do Bugres,Brazil,-15.0725,-57.18111,179.8
Barra de São Francisco,Brazil,-18.755,-40.89083,201.8
Barra Bonita,Brazil,-22.49472,-48.55806,464.9
Barra,Brazil,-11.08944,-43.14167,407.8
Bariri,Brazil,-22.07444,-48.74028,445.1
Barbacena,Brazil,-21.22583,-43.77361,1168.1
Barão de Cocais,Brazil,-19.94583,-43.48722,733.4
Bandeirantes,Brazil,-23.11,-50.3675,424.2
Bambuí,Brazil,-20.00639,-45.97694,700.2
Balneário Camboriú,Brazil,-26.99056,-48.63472,4.5
Baixo Guandu,Brazil,-19.51889,-41.01583,77.8
Bagé,Brazil,-31.33139,-54.10694,203.1
Avaré,Brazil,-23.09861,-48.92583,767.1
Atibaia,Brazil,-23.11694,-46.55028,813.5
Astorga,Brazil,-23.2325,-51.66556,682.6
Assis,Brazil,-22.66167,-50.41222,551.1
Arujá,Brazil,-23.39611,-46.32083,786.4
Artur Nogueira,Brazil,-22.57306,-47.1725,642.8
Arroio Grande,Brazil,-32.2375,-53.08694,29.4
Arroio do Meio,Brazil,-29.40111,-51.945,47.8
Arraial do Cabo,Brazil,-22.96611,-42.02778,6.7
Armação de Búzios,Brazil,-22.74694,-41.88167,5.7
Arcos,Brazil,-20.28194,-45.53944,735.1
Araxá,Brazil,-19.59333,-46.94056,1001.5
Araucária,Brazil,-25.59306,-49.41028,882.2
Araruama,Brazil,-22.87278,-42.34306,15.4
Araras,Brazil,-22.35694,-47.38417,634.7
Araraquara,Brazil,-21.79444,-48.17556,667.0
Araranguá,Brazil,-28.93575,-49.49538,5.0
Arapongas,Brazil,-23.41944,-51.42444,799.0
Araguari,Brazil,-18.64722,-48.18722,916.6
Aragarças,Brazil,-15.8975,-52.25083,304.5
Araçuaí,Brazil,-16.84972,-42.07028,314.6
Aracruz,Brazil,-19.82028,-40.27333,71.6
Araçoiaba da Serra,Brazil,-23.50528,-47.61417,620.0
Araci,Brazil,-11.33333,-38.96667,257.7
Araçatuba,Brazil,-21.20889,-50.43278,391.8
Aracaju,Brazil,-10.91111,-37.07167,9.3
Aquidauana,Brazil,-20.47111,-55.78722,156.4
Apucarana,Brazil,-23.55083,-51.46083,867.8
Apiaí,Brazil,-24.50944,-48.8425,925.0
Aparecida do Taboado,Brazil,-20.08667,-51.09361,378.4
Aparecida,Brazil,-22.84694,-45.22972,589.9
Antonina,Brazil,-25.42861,-48.71194,5.4
Anicuns,Brazil,-16.46111,-49.96167,707.5
Angra dos Reis,Brazil,-23.00667,-44.31806,8.7
Andradina,Brazil,-20.89611,-51.37944,419.6
Andradas,Brazil,-22.06806,-46.56917,904.1
Anastácio,Brazil,-20.48361,-55.80694,168.6
Anápolis,Brazil,-16.32667,-48.95278,1002.2
Amparo,Brazil,-22.70111,-46.76444,675.8
Américo Brasiliense,Brazil,-21.72444,-48.10167,722.2
Americana,Brazil,-22.73917,-47.33139,556.9
Amargosa,Brazil,-13.03028,-39.60472,408.8
Álvares Machado,Brazil,-22.07944,-51.47194,479.9
Almirante Tamandaré,Brazil,-25.32472,-49.31,949.3
Almenara,Brazil,-16.18361,-40.69444,189.4
Alfenas,Brazil,-21.42917,-45.94722,886.0
Além Paraíba,Brazil,-21.88778,-42.70444,140.6
Alegrete,Brazil,-29.78306,-55.79194,105.5
Alegre,Brazil,-20.76361,-41.53306,256.5
Alagoinhas,Brazil,-12.13556,-38.41917,158.2
Aimorés,Brazil,-19.49583,-41.06389,78.4
Agudos,Brazil,-22.46917,-48.9875,581.6
Águas Vermelhas,Brazil,-15.74722,-41.46,734.4
Águas de Lindóia,Brazil,-22.47639,-46.63278,893.8
Aguaí,Brazil,-22.05944,-46.97861,663.5
Adamantina,Brazil,-21.68528,-51.0725,465.1
Abaeté,Brazil,-19.16,-45.44583,631.2
Guaíba,Brazil,-30.11389,-51.325,17.7
Palmas,Brazil,-10.16745,-48.32766,269.8
Tefé,Brazil,-3.36841,-64.72054,49.4
Tarauacá,Brazil,-8.16139,-70.76556,173.5
Tabatinga,Brazil,-4.23116,-69.93858,77.6
Sena Madureira,Brazil,-9.06341,-68.67245,138.4
São Gabriel da Cachoeira,Brazil,-0.1181,-67.08527,61.9
Rio Branco,Brazil,-9.97472,-67.81,153.5
Porto Velho,Brazil,-8.76194,-63.90389,89.8
Manaus,Brazil,-3.10194,-60.025,24.8
Manacapuru,Brazil,-3.29972,-60.62056,36.0
Humaitá,Brazil,-7.51651,-63.03105,57.3
Fonte Boa,Brazil,-2.51389,-66.09167,57.7
Eirunepé,Brazil,-6.66028,-69.87361,122.9
Cruzeiro do Sul,Brazil,-7.62759,-72.67756,191.7
Coari,Brazil,-4.085,-63.14139,43.3
Carauari,Brazil,-4.88278,-66.89583,56.5
Boa Vista,Brazil,2.81972,-60.67333,81.6
Ariquemes,Brazil,-9.91333,-63.04083,142.6
Aripuanã,Brazil,-9.16667,-60.63333,125.8
Vilhena,Brazil,-12.74056,-60.14583,590.1
Pôsto Fiscal Rolim de Moura,Brazil,-13.08271,-62.27726,156.0
Pimenta Bueno,Brazil,-11.6725,-61.19361,184.6
Ouro Preto do Oeste,Brazil,-10.74806,-62.21583,215.7
Ji Paraná,Brazil,-10.88528,-61.95167,158.1
Jaru,Brazil,-10.43889,-62.46639,162.3
Guajará Mirim,Brazil,-10.78278,-65.33944,131.3
Cacoal,Brazil,-11.43861,-61.44722,202.9
Aparecida de Goiânia,Brazil,-16.82333,-49.24389,827.3
Campinas,Brazil,-27.59444,-48.60694,5.4
Jaboatão dos Guararapes,Brazil,-8.11278,-35.01472,41.0
Lauro de Freitas,Brazil,-12.89444,-38.32722,7.7
Pinhais,Brazil,-25.44472,-49.1925,887.8
Rio Preto da Eva,Brazil,-2.69795,-59.70172,45.7
Simões Filho,Brazil,-12.78444,-38.40389,30.8
Sinop,Brazil,-11.86417,-55.5025,376.9
Cambebba,Brazil,-3.62092,-38.82913,33.9
Trindade,Brazil,-27.58612,-48.52335,7.3
Freguesia do Ribeirao da Ilha,Brazil,-27.71773,-48.56266,13.3
Nassau,Bahamas,25.05823,-77.34306,3.2
Lucaya,Bahamas,26.53333,-78.66667,7.5
Freeport,Bahamas,26.53333,-78.7,5.8
Thimphu,Bhutan,27.46609,89.64191,2299.3
Punākha,Bhutan,27.59137,89.87743,1289.6
Phuntsholing,Bhutan,26.85164,89.38837,332.6
Tsirang,Bhutan,27.0219,90.12291,1405.2
Tonota,Botswana,-21.44236,27.46153,956.6
Thamaga,Botswana,-24.67014,25.53975,1067.7
Serowe,Botswana,-22.38754,26.71077,1142.8
Selebi-Phikwe,Botswana,-21.97895,27.84296,867.5
Ramotswa,Botswana,-24.87158,25.86989,1034.7
Palapye,Botswana,-22.54605,27.12507,922.4
Mosopa,Botswana,-24.7718,25.42156,1132.3
Molepolole,Botswana,-24.40659,25.49508,1140.6
Mogoditshane,Botswana,-24.62694,25.86556,1022.6
Mochudi,Botswana,-24.41667,26.15,948.8
Maun,Botswana,-19.98333,23.41667,945.8
Mahalapye,Botswana,-23.10407,26.81421,1019.3
Lobatse,Botswana,-25.22435,25.67728,1185.3
Letlhakane,Botswana,-21.41494,25.59263,981.2
Kanye,Botswana,-24.96675,25.33273,1401.8
Janeng,Botswana,-25.41667,25.55,1305.6
Gaborone,Botswana,-24.65451,25.90859,1010.7
Francistown,Botswana,-21.16995,27.50787,988.1
Horad Zhodzina,Belarus,54.0985,28.3331,171.4
Zhlobin,Belarus,52.8926,30.024,140.3
Vitebsk,Belarus,55.1904,30.2049,149.0
Vilyeyka,Belarus,54.4914,26.9111,158.1
Vawkavysk,Belarus,53.1561,24.4513,146.4
Svyetlahorsk,Belarus,52.6329,29.7389,146.0
Stowbtsy,Belarus,53.4785,26.7434,166.0
Smarhon’,Belarus,54.4798,26.3957,154.1
Slutsk,Belarus,53.0274,27.5597,148.7
Slonim,Belarus,53.0869,25.3163,152.1
Shchuchin,Belarus,53.6014,24.7465,176.3
Salihorsk,Belarus,52.7876,27.5415,155.1
Rahachow,Belarus,53.0934,30.0495,144.3
Rechytsa,Belarus,52.3617,30.3916,130.4
Pruzhany,Belarus,52.556,24.4573,161.5
Polatsk,Belarus,55.4879,28.7856,131.6
Pinsk,Belarus,52.1229,26.0951,140.4
Pastavy,Belarus,55.11676,26.83263,141.6
Asipovichy,Belarus,53.3011,28.6386,157.1
Orsha,Belarus,54.5081,30.4172,161.1
Novoye Medvezhino,Belarus,53.88333,27.45,241.7
Navapolatsk,Belarus,55.5318,28.5987,133.0
Navahrudak,Belarus,53.5942,25.8191,311.7
Minsk,Belarus,53.9,27.56667,223.5
Mazyr,Belarus,52.0495,29.2456,155.4
Masty,Belarus,53.4122,24.5387,117.3
Mar’’ina Horka,Belarus,53.509,28.147,177.9
Maladzyechna,Belarus,54.3167,26.854,160.8
Mahilyow,Belarus,53.9168,30.3449,196.0
Lyepyel’,Belarus,54.8814,28.699,170.2
Luninyets,Belarus,52.2472,26.8047,134.2
Lida,Belarus,53.88333,25.29972,144.0
Krychaw,Belarus,53.7125,31.717,171.1
Kalodzishchy,Belarus,53.944,27.7823,242.6
Kobryn,Belarus,52.2138,24.3564,142.9
Kalinkavichy,Belarus,52.1323,29.3257,122.8
Ivatsevichy,Belarus,52.709,25.3401,155.2
Hrodna,Belarus,53.6884,23.8258,140.6
Horki,Belarus,54.2862,30.9863,187.0
Gomel,Belarus,52.4345,30.9754,138.3
Hlybokaye,Belarus,55.1384,27.6905,154.2
Dzyarzhynsk,Belarus,53.6832,27.138,192.7
Dobrush,Belarus,52.4089,31.3237,127.6
Bykhaw,Belarus,53.521,30.2454,157.1
Byaroza,Belarus,52.5314,24.9786,154.0
Brest,Belarus,52.09755,23.68775,141.9
Horad Barysaw,Belarus,54.2279,28.505,173.4
Baranovichi,Belarus,53.1327,26.0139,197.2
Babruysk,Belarus,53.1384,29.2214,157.2
Malinovka,Belarus,53.8579,27.4374,239.0
San Ignacio,Belize,17.15297,-89.08058,83.2
Orange Walk,Belize,18.08124,-88.56328,13.8
Belmopan,Belize,17.25,-88.76667,69.7
Belize City,Belize,17.49952,-88.19756,2.0
Abbotsford,Canada,49.05798,-122.25257,113.1
Airdrie,Canada,51.30011,-114.03528,1089.2
Ajax,Canada,43.85012,-79.03288,95.9
Alma,Canada,48.55009,-71.6491,85.7
Amos,Canada,48.56688,-78.11624,296.5
Anmore,Canada,49.31637,-122.85263,175.9
Baie-Comeau,Canada,49.21679,-68.14894,73.2
Barrie,Canada,44.40011,-79.66634,263.3
Beaconsfield,Canada,45.43341,-73.86586,30.7
Belleville,Canada,44.16682,-77.38277,92.3
Beloeil,Canada,45.56678,-73.19915,6.9
Blainville,Canada,45.66678,-73.88249,66.6
Boisbriand,Canada,45.61678,-73.83249,27.6
Boucherville,Canada,45.59104,-73.43605,19.1
Bradford West Gwillimbury,Canada,44.11681,-79.61633,265.9
Brampton,Canada,43.68341,-79.76633,220.0
Brandon,Canada,49.84692,-99.95306,388.5
Brant,Canada,43.1334,-80.34967,246.1
Brantford,Canada,43.1334,-80.26636,200.1
Brockville,Canada,44.59132,-75.68705,93.6
Brossard,Canada,45.45008,-73.46583,17.9
Burlington,Canada,43.38621,-79.83713,164.6
Burnaby,Canada,49.26636,-122.95263,84.6
Calgary,Canada,51.05011,-114.08529,1045.8
Cambridge,Canada,43.3601,-80.31269,274.0
Campbell River,Canada,50.01634,-125.24459,61.5
Camrose,Canada,53.01684,-112.83525,741.6
Candiac,Canada,45.38338,-73.51587,26.6
Chambly,Canada,45.45008,-73.28246,8.0
Charlottetown,Canada,46.23525,-63.12671,12.0
Châteauguay,Canada,45.38338,-73.74919,21.4
Chilliwack,Canada,49.16638,-121.95257,9.8
Clarence-Rockland,Canada,45.5501,-75.29101,57.7
Cobourg,Canada,43.95977,-78.16515,83.4
Cochrane,Canada,51.18341,-114.46871,1145.5
Collingwood,Canada,44.4834,-80.21638,195.3
Conception Bay South,Canada,47.49989,-52.99806,46.0
Coquitlam,Canada,49.28297,-122.75262,26.1
Corner Brook,Canada,48.95001,-57.95202,15.4
Cornwall,Canada,45.01809,-74.72815,60.5
Côte-Saint-Luc,Canada,45.46536,-73.66585,46.0
Courtenay,Canada,49.68657,-124.9936,11.5
Cranbrook,Canada,49.49991,-115.76879,948.7
Dartmouth,Canada,44.67134,-63.57719,33.1
Delta,Canada,49.14399,-122.9068,76.8
Deux-Montagnes,Canada,45.53455,-73.90168,29.2
Dieppe,Canada,46.07844,-64.68735,39.8
Dollard-Des Ormeaux,Canada,45.49452,-73.82419,31.9
Dorval,Canada,45.4473,-73.75335,23.1
Drummondville,Canada,45.88336,-72.48241,89.6
Duncan,Canada,48.78293,-123.70266,12.4
Edmonton,Canada,53.55014,-113.46871,611.7
Etobicoke,Canada,43.65421,-79.56711,146.7
Fort Erie,Canada,42.90012,-78.93286,183.5
Fort McMurray,Canada,56.72676,-111.38103,254.0
Fort St. John,Canada,56.24988,-120.85292,696.5
Fredericton,Canada,45.94541,-66.66558,107.4
Gatineau,Canada,45.47723,-75.70164,51.9
Glace Bay,Canada,46.19695,-59.95698,15.7
Granby,Canada,45.40008,-72.73243,104.8
Grande Prairie,Canada,55.16667,-118.80271,655.7
Greater Sudbury,Canada,46.49,-80.99001,267.1
Greater Napanee,Canada,44.25012,-76.94944,93.4
Guelph,Canada,43.54594,-80.25599,332.0
Hamilton,Canada,43.25011,-79.84963,92.3
Huntsville,Canada,45.33341,-79.21632,296.1
Joliette,Canada,46.01677,-73.44915,60.3
Kamloops,Canada,50.66648,-120.3192,413.0
Kelowna,Canada,49.88307,-119.48568,346.2
Keswick,Canada,44.25011,-79.46632,231.6
Kingston,Canada,44.22976,-76.48098,82.3
Kirkland,Canada,45.45008,-73.86586,38.4
Kitchener,Canada,43.42537,-80.5112,336.9
Langford,Canada,48.44963,-123.50261,78.1
Langley,Canada,49.10107,-122.65883,10.3
Langley,Canada,49.08297,-122.58589,71.2
La Prairie,Canada,45.41678,-73.49917,12.9
L'Assomption,Canada,45.82318,-73.4294,17.3
Laval,Canada,45.56995,-73.692,37.2
Leduc,Canada,53.26682,-113.55201,727.6
Lethbridge,Canada,49.69999,-112.81856,907.7
Lloydminster,Canada,53.28346,-110.00157,647.5
London,Canada,42.98339,-81.23304,250.4
Longueuil,Canada,45.53121,-73.51806,11.1
Magog,Canada,45.26678,-72.14909,221.9
Maple Ridge,Canada,49.21939,-122.60193,38.0
Markham,Canada,43.86682,-79.2663,166.5
Mascouche,Canada,45.74965,-73.59956,20.8
Medicine Hat,Canada,50.04066,-110.67914,670.7
Midland,Canada,44.7501,-79.88296,193.5
Milton,Canada,43.51681,-79.88294,195.2
Mirabel,Canada,45.65008,-74.08251,72.9
Miramichi,Canada,47.02895,-65.50186,16.1
Mississauga,Canada,43.5789,-79.6583,160.7
Moncton,Canada,46.09454,-64.7965,26.9
Montréal,Canada,45.50884,-73.58781,215.4
Mont-Royal,Canada,45.51675,-73.64918,43.8
Mont-Saint-Hilaire,Canada,45.56678,-73.19915,6.9
Moose Jaw,Canada,50.40005,-105.53445,554.3
Mount Pearl,Canada,47.51659,-52.78135,105.8
Nanaimo,Canada,49.16638,-123.94003,19.6
New Glasgow,Canada,45.58344,-62.64863,7.6
Newmarket,Canada,44.05011,-79.46631,250.0
New Westminster,Canada,49.20678,-122.91092,60.6
Niagara Falls,Canada,43.10012,-79.06627,178.7
Norfolk County,Canada,42.8334,-80.38297,231.9
North Battleford,Canada,52.77972,-108.2967,527.7
North Bay,Canada,46.3168,-79.46633,204.5
North Cowichan,Canada,48.84133,-123.68596,120.6
North Vancouver,Canada,49.31636,-123.06934,89.2
North York,Canada,43.76681,-79.4163,176.0
Oak Bay,Canada,48.44964,-123.3026,38.3
Oakville,Canada,43.45011,-79.68292,96.7
Orangeville,Canada,43.9168,-80.09967,438.1
Orillia,Canada,44.60868,-79.42068,232.0
Oshawa,Canada,43.90012,-78.84957,102.8
Ottawa,Canada,45.41117,-75.69812,70.9
Owen Sound,Canada,44.56717,-80.94349,183.2
Parksville,Canada,49.31947,-124.31575,19.4
Pembroke,Canada,45.81681,-77.11616,115.2
Penticton,Canada,49.48062,-119.58584,356.9
Petawawa,Canada,45.89452,-77.28007,143.2
Peterborough,Canada,44.30012,-78.31623,187.4
Pickering,Canada,43.90012,-79.13289,216.0
Pitt Meadows,Canada,49.22119,-122.68965,9.6
Pointe-Claire,Canada,45.44868,-73.81669,47.2
Port Alberni,Canada,49.24133,-124.8028,21.1
Port Colborne,Canada,42.90012,-79.23288,186.4
Port Moody,Canada,49.28297,-122.85263,0.0
Prince Albert,Canada,53.20008,-105.76772,432.4
Prince Edward,Canada,44.00012,-77.24946,96.9
Prince George,Canada,53.9166,-122.75301,580.9
Quinte West,Canada,44.18342,-77.56618,132.9
Rayside-Balfour,Canada,46.60873,-81.20763,275.1
Red Deer,Canada,52.26682,-113.802,856.9
Regina,Canada,50.45008,-104.6178,578.8
Repentigny,Canada,45.74222,-73.45008,11.9
Richmond,Canada,49.17003,-123.13683,4.1
Richmond Hill,Canada,43.87111,-79.43725,231.8
Rouyn-Noranda,Canada,48.23656,-79.02311,297.4
Saguenay,Canada,48.41675,-71.06573,81.9
Saint-Basile-le-Grand,Canada,45.53338,-73.28246,15.5
Saint-Bruno-de-Montarville,Canada,45.53341,-73.34916,41.5
Saint-Constant,Canada,45.36678,-73.56588,27.8
Sainte-Catherine,Canada,46.31836,-72.56632,8.4
Sainte-Julie,Canada,45.58338,-73.33246,36.6
Sainte-Thérèse,Canada,45.63922,-73.82757,34.5
Saint-Eustache,Canada,45.565,-73.90554,41.0
Saint-Hyacinthe,Canada,45.63076,-72.95699,32.8
Saint-Jean-sur-Richelieu,Canada,45.30713,-73.26259,32.5
Saint-Jérôme,Canada,45.78036,-74.00365,94.2
Saint John,Canada,45.27271,-66.06766,0.0
Saint-Laurent,Canada,45.50008,-73.66585,40.5
Saint-Lazare,Canada,45.40008,-74.13256,56.6
Saint-Léonard,Canada,45.58773,-73.59501,37.8
Salaberry-de-Valleyfield,Canada,45.25008,-74.13253,48.5
Salmon Arm,Canada,50.6998,-119.30237,346.4
Sarnia,Canada,42.97866,-82.40407,183.6
Saskatoon,Canada,52.11679,-106.63452,502.3
Sault Ste. Marie,Canada,46.51677,-84.33325,187.5
Sept-Îles,Canada,50.20011,-66.38208,1.8
Shawinigan,Canada,46.56675,-72.74913,121.8
Sherbrooke,Canada,45.40008,-71.89908,182.0
Sherwood Park,Canada,53.51684,-113.3187,722.4
Sorel-Tracy,Canada,46.03336,-73.11585,15.2
Spruce Grove,Canada,53.53344,-113.91874,703.8
St. Albert,Canada,53.63344,-113.63533,664.9
St. Catharines,Canada,43.17126,-79.24267,101.8
Stratford,Canada,43.36679,-80.94972,362.3
St. Thomas,Canada,42.77361,-81.18038,229.3
Surrey,Canada,49.10635,-122.82509,81.1
Terrace,Canada,54.51634,-128.60345,67.1
Terrebonne,Canada,45.70004,-73.64732,21.6
Thorold,Canada,43.11682,-79.19958,176.7
Thunder Bay,Canada,48.38202,-89.25018,189.6
Timmins,Canada,48.46686,-81.33312,300.9
Toronto,Canada,43.70011,-79.4163,172.6
Trois-Rivières,Canada,46.34515,-72.5477,19.4
Truro,Canada,45.36685,-63.26538,13.3
Val-d'Or,Canada,48.0974,-77.79737,339.0
Vancouver,Canada,49.24966,-123.11934,69.2
Varennes,Canada,45.68338,-73.43246,14.7
Vaudreuil-Dorion,Canada,45.40008,-74.03251,24.9
Vaughan,Canada,43.8361,-79.49827,216.5
Vernon,Canada,50.26729,-119.27337,382.0
Victoria,Canada,48.43294,-123.3693,5.2
Victoriaville,Canada,46.05007,-71.96579,129.5
Waterloo,Canada,43.4668,-80.51639,323.9
Welland,Canada,42.98342,-79.24958,177.1
West End,Canada,49.28333,-123.13333,46.6
Westmount,Canada,45.48341,-73.59918,59.5
Whitehorse,Canada,60.71611,-135.05375,640.8
White Rock,Canada,49.01636,-122.8026,0.0
Windsor,Canada,42.30008,-83.01654,188.7
Winnipeg,Canada,49.8844,-97.14704,246.6
Woodstock,Canada,43.13339,-80.7497,298.8
Yellowknife,Canada,62.456,-114.35255,153.6
Yorkton,Canada,51.2167,-102.46766,503.7
Halifax,Canada,44.64533,-63.57239,22.0
St. John's,Canada,47.56494,-52.70931,31.8
Québec,Canada,46.81228,-71.21454,49.5
Lévis,Canada,46.80326,-71.17793,85.4
Rimouski,Canada,48.44879,-68.52396,21.7
Rivière-du-Loup,Canada,47.82699,-69.54243,50.6
Sydney,Canada,46.1351,-60.1831,6.8
L'Ancienne-Lorette,Canada,46.79392,-71.35191,26.3
Edmundston,Canada,47.3737,-68.32512,153.6
Thetford-Mines,Canada,46.09371,-71.30539,315.1
Scarborough,Canada,43.77223,-79.25666,163.5
Cole Harbour,Canada,44.67244,-63.47506,46.7
Okanagan,Canada,50.36386,-119.34997,588.7
West Kelowna,Canada,49.8625,-119.58333,482.8
Bellechasse Regional County Municipality,Canada,46.66667,-70.71667,304.6
Jonquière,Canada,48.41648,-71.24884,140.3
Saint-Augustin-de-Desmaures,Canada,46.74064,-71.45131,75.9
Ladner,Canada,49.08938,-123.08241,2.9
Walnut Grove,Canada,49.16473,-122.64042,36.4
Ancaster,Canada,43.21806,-79.98716,248.4
West Vancouver,Canada,49.36672,-123.16652,731.6
Willowdale,Canada,43.76672,-79.39909,176.0
Lower Sacvkille,Canada,44.77599,-63.67865,49.8
West Island,Cocos Islands,-12.15681,96.82251,6.8
Yangambi,Democratic Republic of the Congo,0.76755,24.43973,452.9
Watsa,Democratic Republic of the Congo,3.03716,29.53551,1010.6
Wamba,Democratic Republic of the Congo,2.14838,27.99466,792.3
Uvira,Democratic Republic of the Congo,-3.39534,29.13779,803.2
Tshikapa,Democratic Republic of the Congo,-6.41621,20.79995,485.2
Sake,Democratic Republic of the Congo,-1.57386,29.04339,1466.6
Mwene-Ditu,Democratic Republic of the Congo,-7.00906,23.45278,967.4
Mweka,Democratic Republic of the Congo,-4.85187,21.5595,590.1
Mbuji-Mayi,Democratic Republic of the Congo,-6.13603,23.58979,616.9
Lusambo,Democratic Republic of the Congo,-4.97503,23.44391,430.3
Luebo,Democratic Republic of the Congo,-5.35218,21.42192,502.9
Lubao,Democratic Republic of the Congo,-5.38771,25.74885,693.1
Lodja,Democratic Republic of the Congo,-3.52105,23.6005,474.5
Lisala,Democratic Republic of the Congo,2.15127,21.51672,408.6
Kongolo,Democratic Republic of the Congo,-5.38532,27.00029,559.9
Kisangani,Democratic Republic of the Congo,0.51528,25.19099,395.1
Kindu,Democratic Republic of the Congo,-2.94373,25.92237,462.7
Kasongo,Democratic Republic of the Congo,-4.42741,26.66656,637.6
Kananga,Democratic Republic of the Congo,-5.89624,22.41659,641.2
Kampene,Democratic Republic of the Congo,-3.59678,26.66715,647.8
Kamina,Democratic Republic of the Congo,-8.73508,24.99798,1120.6
Kalemie,Democratic Republic of the Congo,-5.94749,29.19471,784.3
Kabinda,Democratic Republic of the Congo,-6.13791,24.48179,877.8
Kabare,Democratic Republic of the Congo,-2.49682,28.79081,1993.4
Kabalo,Democratic Republic of the Congo,-6.05255,26.9143,558.7
Isiro,Democratic Republic of the Congo,2.77391,27.61603,757.0
Ilebo,Democratic Republic of the Congo,-4.33111,20.58638,439.1
Goma,Democratic Republic of the Congo,-1.67409,29.22845,1517.4
Gbadolite,Democratic Republic of the Congo,4.279,21.00284,414.8
Gandajika,Democratic Republic of the Congo,-6.74504,23.95328,797.6
Demba,Democratic Republic of the Congo,-5.49573,22.26962,630.3
Butembo,Democratic Republic of the Congo,0.14164,29.29117,1724.9
Buta,Democratic Republic of the Congo,2.78582,24.72997,398.4
Businga,Democratic Republic of the Congo,3.33863,20.88577,359.2
Bunia,Democratic Republic of the Congo,1.55941,30.25224,1264.0
Bumba,Democratic Republic of the Congo,2.18771,22.46827,360.2
Bukavu,Democratic Republic of the Congo,-2.49077,28.84281,1620.2
Bukama,Democratic Republic of the Congo,-9.20443,25.85475,575.4
Bondo,Democratic Republic of the Congo,3.81461,23.68665,488.9
Boende,Democratic Republic of the Congo,-0.28163,20.88053,346.3
Beni,Democratic Republic of the Congo,0.49113,29.47306,1159.8
Basoko,Democratic Republic of the Congo,1.23909,23.61598,367.7
Aketi,Democratic Republic of the Congo,2.73877,23.78326,369.9
Lubumbashi,Democratic Republic of the Congo,-11.66089,27.47938,1259.5
Likasi,Democratic Republic of the Congo,-10.98303,26.7384,1279.0
Kolwezi,Democratic Republic of the Congo,-10.71484,25.46674,1482.8
Kipushi,Democratic Republic of the Congo,-11.76097,27.25135,1345.0
Kambove,Democratic Republic of the Congo,-10.87352,26.59746,1387.8
Tshela,Democratic Republic of the Congo,-4.99707,12.9484,165.2
Nioki,Democratic Republic of the Congo,-2.72037,17.69001,324.5
Mushie,Democratic Republic of the Congo,-3.01728,16.92238,323.1
Mbanza-Ngungu,Democratic Republic of the Congo,-5.25837,14.85838,731.3
Mbandaka,Democratic Republic of the Congo,0.04865,18.26034,308.7
Matadi,Democratic Republic of the Congo,-5.79949,13.44068,341.0
Mangai,Democratic Republic of the Congo,-4.02328,19.53385,337.4
Libenge,Democratic Republic of the Congo,3.65332,18.63566,355.6
Kinshasa,Democratic Republic of the Congo,-4.32758,15.31357,282.8
Kikwit,Democratic Republic of the Congo,-5.04098,18.81619,463.1
Kasongo-Lunda,Democratic Republic of the Congo,-6.47833,16.81735,530.3
Kasangulu,Democratic Republic of the Congo,-4.5833,15.16554,404.3
Inongo,Democratic Republic of the Congo,-1.9275,18.2881,314.4
Gemena,Democratic Republic of the Congo,3.25651,19.77234,419.7
Bulungu,Democratic Republic of the Congo,-4.54437,18.60364,396.7
Bolobo,Democratic Republic of the Congo,-2.158,16.23249,318.6
Bandundu,Democratic Republic of the Congo,-3.31687,17.38063,320.3
Masina,Democratic Republic of the Congo,-4.38361,15.39139,288.2
Mobaye,Central African Republic,4.31902,21.17861,387.6
Ippy,Central African Republic,6.26793,21.22468,584.8
Bria,Central African Republic,6.54233,21.98633,568.0
Bangassou,Central African Republic,4.74132,22.81838,496.5
Bambari,Central African Republic,5.76795,20.67565,463.8
Sibut,Central African Republic,5.71801,19.07389,429.5
Paoua,Central African Republic,7.24269,16.44059,600.7
Nola,Central African Republic,3.52494,16.04583,379.9
Mbaïki,Central African Republic,3.86781,17.98923,469.0
Kaga Bandoro,Central African Republic,6.98961,19.18744,413.9
Damara,Central African Republic,4.96075,18.7035,409.8
Carnot,Central African Republic,4.94273,15.87735,552.9
Bozoum,Central African Republic,6.31933,16.37992,658.2
Bouar,Central African Republic,5.93404,15.59599,971.6
Bossangoa,Central African Republic,6.49263,17.45518,457.1
Boda,Central African Republic,4.31887,17.46953,499.4
Bimbo,Central African Republic,4.25671,18.41583,368.2
Berbérati,Central African Republic,4.26116,15.79216,593.1
Batangafo,Central African Republic,7.30082,18.2833,420.1
Bangui,Central African Republic,4.36122,18.55496,347.4
Sibiti,Republic of the Congo,-3.68192,13.34985,530.5
Pointe-Noire,Republic of the Congo,-4.77609,11.86352,6.3
Owando,Republic of the Congo,-0.48193,15.89988,346.5
Ouésso,Republic of the Congo,1.61361,16.05167,343.7
Mossendjo,Republic of the Congo,-2.94968,12.70423,444.9
Madingou,Republic of the Congo,-4.15361,13.55,225.0
Dolisie,Republic of the Congo,-4.19834,12.66664,329.4
Loandjili,Republic of the Congo,-4.75611,11.85778,4.5
Kayes,Republic of the Congo,-4.20493,13.28608,165.5
Impfondo,Republic of the Congo,1.61804,18.05981,320.3
Gamboma,Republic of the Congo,-1.87639,15.86444,365.2
Brazzaville,Republic of the Congo,-4.26613,15.28318,284.5
Zürich,Switzerland,47.36667,8.55,429.4
Zug,Switzerland,47.17242,8.51745,424.8
Yverdon-les-Bains,Switzerland,46.77852,6.64115,442.6
Winterthur,Switzerland,47.50564,8.72413,441.3
Wil,Switzerland,47.46152,9.04552,569.6
Wettingen,Switzerland,47.47049,8.31636,391.2
Vevey,Switzerland,46.46299,6.84345,390.5
Vernier,Switzerland,46.21702,6.08497,439.3
Uster,Switzerland,47.34713,8.72091,465.2
Thun,Switzerland,46.75118,7.62166,563.4
Steffisburg,Switzerland,46.77807,7.63249,582.0
Sitten,Switzerland,46.22908,7.35942,500.3
Sierre,Switzerland,46.29192,7.53559,522.8
Zürich (Kreis 11) / Seebach,Switzerland,47.42181,8.54779,437.7
Schaffhausen,Switzerland,47.69732,8.63493,403.1
Sankt Gallen,Switzerland,47.42391,9.37477,681.3
Renens,Switzerland,46.53989,6.5881,438.8
Rapperswil,Switzerland,47.22557,8.82228,407.7
Pully,Switzerland,46.51027,6.66183,431.6
Onex,Switzerland,46.18391,6.10181,426.3
Olten,Switzerland,47.34999,7.90329,406.0
Zürich (Kreis 11) / Oerlikon,Switzerland,47.40823,8.54258,461.0
Nyon,Switzerland,46.38318,6.23955,399.3
Neuchâtel,Switzerland,46.99179,6.931,440.3
Muttenz,Switzerland,47.52271,7.64511,293.1
Montreux,Switzerland,46.43301,6.91143,399.4
Monthey,Switzerland,46.25546,6.96066,407.8
Meyrin,Switzerland,46.23424,6.08025,442.3
Luzern,Switzerland,47.05048,8.30635,445.9
Lugano,Switzerland,46.01008,8.96004,287.7
Littau,Switzerland,47.05,8.26274,508.2
Le Châtelard,Switzerland,46.44527,6.89908,422.4
Lausanne,Switzerland,46.516,6.63282,450.8
La Chaux-de-Fonds,Switzerland,47.09993,6.82586,999.7
Kriens,Switzerland,47.03537,8.27631,494.9
Kreuzlingen,Switzerland,47.65051,9.17504,414.5
Köniz,Switzerland,46.92436,7.41457,572.4
Kloten,Switzerland,47.45152,8.58491,438.3
Jona,Switzerland,47.22983,8.83884,420.7
Horgen,Switzerland,47.25983,8.59778,418.6
Zürich (Kreis 10) / Höngg,Switzerland,47.40313,8.4971,464.4
Herisau,Switzerland,47.38615,9.27916,774.6
Grenchen,Switzerland,47.1921,7.39586,450.4
Gossau,Switzerland,47.41551,9.25482,637.5
Genève,Switzerland,46.20222,6.14569,411.6
Fribourg,Switzerland,46.80237,7.15128,630.9
Frauenfeld,Switzerland,47.55776,8.89893,418.1
Emmen,Switzerland,47.08615,8.30046,424.6
Dübendorf,Switzerland,47.39724,8.61872,437.2
Dietikon,Switzerland,47.40165,8.40015,396.4
Chur,Switzerland,46.84986,9.53287,602.6
Carouge,Switzerland,46.18096,6.13921,385.9
Biel/Bienne,Switzerland,47.13713,7.24608,437.5
Bern,Switzerland,46.94809,7.44744,549.3
Bellinzona,Switzerland,46.19278,9.01703,230.9
Basel,Switzerland,47.55839,7.57327,281.6
Baden,Switzerland,47.47333,8.30592,422.8
Baar,Switzerland,47.19625,8.52954,451.1
Zürich (Kreis 4),Switzerland,47.37752,8.52127,418.2
Allschwil,Switzerland,47.55074,7.53599,288.7
Adliswil,Switzerland,47.30997,8.52462,453.1
Aarau,Switzerland,47.39254,8.04422,392.2
Riehen,Switzerland,47.57884,7.64683,279.7
Zürich (Kreis 10) / Wipkingen,Switzerland,47.39503,8.52529,435.0
Zürich (Kreis 11) / Affoltern,Switzerland,47.41814,8.5122,465.7
Zürich (Kreis 2) / Wollishofen,Switzerland,47.3401,8.53134,445.6
Zürich (Kreis 3) / Sihlfeld,Switzerland,47.37382,8.51164,415.8
Zürich (Kreis 6) / Unterstrass,Switzerland,47.3953,8.53721,476.3
Zürich (Kreis 9) / Albisrieden,Switzerland,47.37398,8.49007,427.6
Zürich (Kreis 9) / Altstetten,Switzerland,47.38946,8.48533,403.0
Stadt Winterthur (Kreis 1),Switzerland,47.49494,8.71954,437.7
Zürich (Kreis 12),Switzerland,47.40372,8.57608,431.9
Seen (Kreis 3),Switzerland,47.47646,8.76996,477.0
Zürich (Kreis 3),Switzerland,47.35785,8.50296,506.8
Zürich (Kreis 11),Switzerland,47.42326,8.52166,445.9
Zürich (Kreis 9),Switzerland,47.38245,8.47993,427.4
Oberwinterthur (Kreis 2),Switzerland,47.51692,8.76863,456.8
Zürich (Kreis 10),Switzerland,47.40773,8.5005,517.3
Zürich (Kreis 2),Switzerland,47.33756,8.5211,439.2
Zürich (Kreis 8),Switzerland,47.3548,8.56097,428.1
Zürich (Kreis 7),Switzerland,47.37328,8.58038,655.2
Zürich (Kreis 6),Switzerland,47.39223,8.54381,483.8
Lancy,Switzerland,46.18981,6.11441,427.4
Zuénoula,Ivory Coast,7.43027,-6.05054,207.0
Yamoussoukro,Ivory Coast,6.82055,-5.27674,211.1
Vavoua,Ivory Coast,7.38194,-6.47778,275.2
Toumodi,Ivory Coast,6.55799,-5.01769,156.5
Touba,Ivory Coast,8.28333,-7.68333,467.7
Tengrela,Ivory Coast,10.48115,-6.40694,368.8
Tiassalé,Ivory Coast,5.89839,-4.82293,29.8
Tanda,Ivory Coast,7.80335,-3.16832,272.8
Tabou,Ivory Coast,4.42295,-7.3528,7.2
Sinfra,Ivory Coast,6.62103,-5.91144,263.8
Sassandra,Ivory Coast,4.95384,-6.08531,25.8
San-Pédro,Ivory Coast,4.74851,-6.6363,4.1
Sakassou,Ivory Coast,7.45462,-5.29263,228.8
Oumé,Ivory Coast,6.38309,-5.41759,209.5
Odienné,Ivory Coast,9.50511,-7.56433,427.5
Mankono,Ivory Coast,8.05861,-6.18972,338.1
Man,Ivory Coast,7.41251,-7.55383,328.7
Lakota,Ivory Coast,5.84752,-5.682,221.8
Korhogo,Ivory Coast,9.45803,-5.62961,358.1
Katiola,Ivory Coast,8.13728,-5.10095,321.1
Issia,Ivory Coast,6.49224,-6.58558,208.1
Guiglo,Ivory Coast,6.54368,-7.4935,207.0
Grand-Bassam,Ivory Coast,5.2118,-3.73884,6.1
Affery,Ivory Coast,6.32035,-3.95235,111.1
Gagnoa,Ivory Coast,6.13193,-5.9506,201.7
Ferkessédougou,Ivory Coast,9.5928,-5.19449,330.1
Duekoué,Ivory Coast,6.74202,-7.34918,231.4
Divo,Ivory Coast,5.83739,-5.35723,143.8
Dimbokro,Ivory Coast,6.64678,-4.70519,90.4
Daoukro,Ivory Coast,7.0591,-3.9631,186.8
Danané,Ivory Coast,7.25957,-8.15498,344.0
Daloa,Ivory Coast,6.87735,-6.45022,261.5
Dabou,Ivory Coast,5.32556,-4.37685,18.5
Boundiali,Ivory Coast,9.52167,-6.48694,410.5
Bouna,Ivory Coast,9.26927,-2.9951,316.9
Bouaké,Ivory Coast,7.69385,-5.03031,339.5
Bouaflé,Ivory Coast,6.99041,-5.7442,204.9
Bonoua,Ivory Coast,5.27247,-3.59625,29.6
Bongouanou,Ivory Coast,6.65175,-4.20406,211.9
Bondoukou,Ivory Coast,8.0402,-2.80003,352.9
Bingerville,Ivory Coast,5.35581,-3.88537,56.2
Biankouma,Ivory Coast,7.73909,-7.61377,539.5
Béoumi,Ivory Coast,7.67395,-5.58085,223.8
Bangolo,Ivory Coast,7.01232,-7.48639,262.7
Arrah,Ivory Coast,6.67342,-3.96938,143.1
Anyama,Ivory Coast,5.49462,-4.05183,96.0
Akoupé,Ivory Coast,6.38423,-3.88759,145.3
Agnibilékrou,Ivory Coast,7.13113,-3.20415,238.5
Agboville,Ivory Coast,5.92801,-4.21319,35.6
Adzopé,Ivory Coast,6.10694,-3.86194,106.6
Adiaké,Ivory Coast,5.28634,-3.30403,37.5
Aboisso,Ivory Coast,5.46779,-3.20711,10.0
Abobo,Ivory Coast,5.41613,-4.0159,106.2
Abidjan,Ivory Coast,5.30966,-4.01266,10.4
Abengourou,Ivory Coast,6.72972,-3.49639,199.9
Séguéla,Ivory Coast,7.96111,-6.67306,347.3
Soubré,Ivory Coast,5.78556,-6.60833,132.3
Avarua,Cook Islands,-21.20778,-159.775,6.1
Viña del Mar,Chile,-33.02457,-71.55183,10.0
Villarrica,Chile,-39.28569,-72.2279,229.1
Villa Alemana,Chile,-33.04222,-71.37333,141.3
Victoria,Chile,-38.23291,-72.33292,350.2
Valparaíso,Chile,-33.03932,-71.62725,9.2
Vallenar,Chile,-28.57617,-70.75938,386.5
Valdivia,Chile,-39.81422,-73.24589,17.0
Tomé,Chile,-36.61756,-72.95593,9.4
Tocopilla,Chile,-22.09198,-70.19792,38.7
Temuco,Chile,-38.73965,-72.59842,108.4
Talcahuano,Chile,-36.72494,-73.11684,5.5
Talca,Chile,-35.4264,-71.65542,102.9
Talagante,Chile,-33.66386,-70.92734,340.3
San Vicente de Tagua Tagua,Chile,-34.43859,-71.07751,207.1
San Vicente,Chile,-34.43333,-71.08333,204.9
Santiago,Chile,-33.45694,-70.64827,548.5
Santa Cruz,Chile,-34.63881,-71.36576,166.4
San Javier,Chile,-35.5952,-71.72924,93.8
San Felipe,Chile,-32.74976,-70.72584,647.6
San Carlos,Chile,-36.42477,-71.958,177.1
San Bernardo,Chile,-33.59217,-70.6996,564.5
San Antonio,Chile,-33.59473,-71.60746,39.1
Río Bueno,Chile,-40.33494,-72.95564,59.4
Rengo,Chile,-34.40639,-70.85834,320.1
Rancagua,Chile,-34.17083,-70.74444,499.5
Quilpué,Chile,-33.04752,-71.44249,110.3
Quillota,Chile,-32.88341,-71.24882,121.6
Punta Arenas,Chile,-53.15483,-70.91129,22.2
Puerto Varas,Chile,-41.31946,-72.98538,57.4
Puerto Quellón,Chile,-43.11819,-73.61661,21.2
Puerto Natales,Chile,-51.72363,-72.48745,24.8
Puerto Montt,Chile,-41.46574,-72.94289,18.8
Puerto Aisén,Chile,-45.40303,-72.69184,8.6
Puente Alto,Chile,-33.61169,-70.57577,696.7
Pucón,Chile,-39.28223,-71.95427,231.3
Penco,Chile,-36.74075,-72.99528,18.2
Peñaflor,Chile,-33.60627,-70.87649,391.6
Parral,Chile,-36.14311,-71.82605,171.4
Panguipulli,Chile,-39.64355,-72.33269,136.4
Paine,Chile,-33.80796,-70.74109,401.0
Ovalle,Chile,-30.60106,-71.19901,216.5
Osorno,Chile,-40.57395,-73.13348,30.8
Nueva Imperial,Chile,-38.74451,-72.95025,22.8
Nacimiento,Chile,-37.50253,-72.67307,81.9
Mulchén,Chile,-37.71893,-72.24099,130.8
Molina,Chile,-35.11428,-71.28232,247.6
Melipilla,Chile,-33.68909,-71.21528,171.2
Machalí,Chile,-34.18082,-70.64933,561.5
Lota,Chile,-37.08994,-73.1577,4.7
Los Ángeles,Chile,-37.46973,-72.35366,132.9
Los Andes,Chile,-32.83369,-70.59827,826.4
Loncoche,Chile,-39.36708,-72.63087,111.4
Llaillay,Chile,-32.84043,-70.95623,386.9
Linares,Chile,-35.84667,-71.59308,158.3
Limache,Chile,-33.01667,-71.26667,102.6
Lebu,Chile,-37.60825,-73.65356,4.7
Lautaro,Chile,-38.53066,-72.43652,210.1
La Unión,Chile,-40.29313,-73.08167,28.7
La Serena,Chile,-29.90453,-71.24894,29.7
Lampa,Chile,-33.2863,-70.87561,490.9
La Ligua,Chile,-32.45242,-71.23106,71.8
La Laja,Chile,-37.28415,-72.71105,52.6
Iquique,Chile,-20.22036,-70.13913,36.2
Illapel,Chile,-31.63349,-71.16967,307.9
Hacienda La Calera,Chile,-32.78333,-71.21667,196.6
Graneros,Chile,-34.06863,-70.72747,482.4
Frutillar,Chile,-41.12676,-73.04372,143.1
El Monte,Chile,-33.67969,-70.98482,294.0
Diego de Almagro,Chile,-26.36667,-70.05,1010.5
Curicó,Chile,-34.98279,-71.23943,210.3
Curanilahue,Chile,-37.47793,-73.34495,131.7
Coronel,Chile,-37.03386,-73.14019,3.3
Coquimbo,Chile,-29.95332,-71.33947,23.0
Copiapó,Chile,-27.36679,-70.3314,391.4
Constitución,Chile,-35.33321,-72.41156,10.1
Concepción,Chile,-36.82699,-73.04977,16.8
Collipulli,Chile,-37.95453,-72.43438,250.6
Coihaique,Chile,-45.57524,-72.06619,302.4
Chimbarongo,Chile,-34.71247,-71.0434,303.7
Chillán,Chile,-36.60664,-72.10344,121.0
Chiguayante,Chile,-36.9256,-73.02841,25.2
Chicureo Abajo,Chile,-33.28379,-70.65333,556.9
Cauquenes,Chile,-35.9671,-72.32248,166.9
Castro,Chile,-42.4721,-73.77319,70.5
Cartagena,Chile,-33.55384,-71.60761,72.8
Cañete,Chile,-37.80128,-73.39616,62.4
Calama,Chile,-22.45591,-68.93015,2257.5
Cabrero,Chile,-37.03394,-72.40468,123.0
Buin,Chile,-33.73257,-70.74281,477.3
Arica,Chile,-18.4746,-70.29792,34.1
Arauco,Chile,-37.2463,-73.31752,5.8
Antofagasta,Chile,-23.65236,-70.3954,26.9
Angol,Chile,-37.79519,-72.71636,90.9
Ancud,Chile,-41.8707,-73.81622,47.3
Las Animas,Chile,-39.80867,-73.21821,8.5
La Pintana,Chile,-33.58331,-70.63419,626.0
Lo Prado,Chile,-33.4443,-70.72552,502.5
Yaoundé,Cameroon,3.86667,11.51667,730.0
Yagoua,Cameroon,10.34107,15.23288,330.8
Wum,Cameroon,6.38333,10.06667,1040.3
Tonga,Cameroon,4.96667,10.7,805.3
Tiko,Cameroon,4.075,9.36005,28.4
Tibati,Cameroon,6.46504,12.62843,869.2
Tcholliré,Cameroon,8.4022,14.1698,378.2
Sangmélima,Cameroon,2.93333,11.98333,672.6
Penja,Cameroon,4.63911,9.67987,143.7
Obala,Cameroon,4.16667,11.53333,538.4
Nkoteng,Cameroon,4.51667,12.03333,565.5
Nkongsamba,Cameroon,4.9547,9.9404,825.4
Ngaoundéré,Cameroon,7.32765,13.58472,1129.2
Nanga Eboko,Cameroon,4.68333,12.36667,609.3
Muyuka,Cameroon,4.2898,9.4103,38.1
Mutengene,Cameroon,4.0913,9.3144,237.0
Mora,Cameroon,11.04611,14.14011,459.6
Mokolo,Cameroon,10.74244,13.80227,809.4
Melong,Cameroon,5.12181,9.96143,787.6
Meïganga,Cameroon,6.51667,14.3,968.2
Mbouda,Cameroon,5.62611,10.25421,1411.7
Mbanga,Cameroon,4.5016,9.5671,112.6
Mbandjok,Cameroon,4.45,11.9,546.6
Mbalmayo,Cameroon,3.51667,11.5,659.2
Maroua,Cameroon,10.59095,14.31593,405.3
Manjo,Cameroon,4.8428,9.8217,523.8
Mamfe,Cameroon,5.75132,9.3137,83.9
Loum,Cameroon,4.7182,9.7351,230.7
Lolodorf,Cameroon,3.23333,10.73333,463.8
Limbe,Cameroon,4.0242,9.2149,66.4
Lagdo,Cameroon,9.0263,13.6919,222.7
Kumbo,Cameroon,6.2,10.66667,1678.4
Kumba,Cameroon,4.6363,9.4469,237.4
Kribi,Cameroon,2.93725,9.90765,14.5
Kousséri,Cameroon,12.07689,15.03063,296.9
Kaélé,Cameroon,10.10917,14.45083,366.8
Guider,Cameroon,9.9333,13.94671,343.1
Garoua Boulaï,Cameroon,5.88333,14.55,1028.9
Garoua,Cameroon,9.30143,13.39771,197.5
Fundong,Cameroon,6.25,10.26667,1608.6
Foumbot,Cameroon,5.50803,10.6325,1050.7
Foumban,Cameroon,5.72662,10.89865,1165.8
Fontem,Cameroon,5.4685,9.8818,898.9
Eséka,Cameroon,3.65,10.76667,245.2
Edéa,Cameroon,3.8,10.13333,24.9
Ébolowa,Cameroon,2.9,11.15,579.3
Dschang,Cameroon,5.44397,10.05332,1342.7
Douala,Cameroon,4.04827,9.70428,15.5
Dizangué,Cameroon,3.76667,9.98333,50.5
Buea,Cameroon,4.1527,9.241,865.9
Bogo,Cameroon,10.7336,14.60928,341.3
Bertoua,Cameroon,4.57728,13.68459,660.2
Bélabo,Cameroon,4.93333,13.3,613.0
Batouri,Cameroon,4.43333,14.36667,631.2
Banyo,Cameroon,6.75,11.81667,1064.9
Bangangté,Cameroon,5.14079,10.52535,1328.8
Bamusso,Cameroon,4.4591,8.9027,4.3
Bamenda,Cameroon,5.9597,10.14597,1249.1
Bali,Cameroon,5.88737,10.01176,1353.3
Bafoussam,Cameroon,5.47775,10.41759,1433.2
Bafia,Cameroon,4.75,11.23333,473.3
Bafang,Cameroon,5.15705,10.1771,1181.8
Akonolinga,Cameroon,3.76667,12.25,641.9
Idenao,Cameroon,4.2475,9.00472,64.7
Rikaze,China,29.25,88.88333,3844.9
Jiuquan,China,39.74318,98.51736,1465.7
Shache,China,38.41667,77.24056,1234.7
Qamdo,China,31.1304,97.17982,3242.1
Nagqu,China,31.47678,92.05729,4511.8
Lhasa,China,29.65,91.1,3648.1
Laojunmiao,China,39.83333,97.73333,2024.6
Kashgar,China,39.47066,75.98951,1301.4
Jiayuguan,China,39.81121,98.28618,1636.2
Hotan,China,37.1075,79.93548,1378.6
Dêqên,China,29.96178,90.71875,3977.8
Ürümqi,China,43.80096,87.60046,859.5
Laochenglu,China,42.94769,89.17886,40.9
Shihezi,China,44.3023,86.03694,469.6
Kuche,China,41.72778,82.93639,1068.4
Sayibage,China,41.76055,86.15231,942.5
Hoxtolgay,China,46.51872,86.00214,808.0
Hami,China,42.83393,93.50601,761.5
Changji,China,44.00782,87.30461,580.5
Baijiantan,China,45.68928,85.12441,297.9
Aral,China,40.54184,81.26566,1015.3
Altay,China,47.84864,88.13361,873.4
Yingbazha,China,41.18418,80.27921,1122.2
Zunyi,China,27.68667,106.90722,866.0
Zoucheng,China,35.40056,116.96556,79.7
Yanjiang,China,30.12108,104.64811,364.9
Zigong,China,29.34162,104.77689,306.7
Zhuzhou,China,27.83333,113.15,43.0
Zhumadian,China,32.97944,114.02944,85.9
Shangqiu,China,34.45,115.65,53.7
Zhuji,China,29.71877,120.24233,17.3
Mizhou,China,35.99472,119.3975,66.6
Zhuanghe,China,39.70083,122.99111,4.9
Zhouzhuang,China,31.11788,120.84427,2.9
Zhoukou,China,33.63333,114.63333,52.7
Zhoucun,China,36.81667,117.81667,46.4
Yuxi,China,24.355,102.54222,1636.6
Zhongxing,China,33.70389,118.67917,17.2
Zhongshu,China,24.51667,103.76667,1701.9
Zhicheng,China,31.0054,119.90488,7.0
Zhicheng,China,30.29556,111.50472,47.2
Zhenzhou,China,32.28034,119.16999,11.6
Zhenjiang,China,32.21086,119.45508,22.7
Zhaobaoshan,China,29.9695,121.68753,4.0
Zhengzhou,China,34.75778,113.64861,102.3
Xinghua,China,32.93917,119.83417,7.5
Zhaotong,China,27.31667,103.71667,1978.5
Zhaoqing,China,23.05116,112.45972,17.1
Zhaogezhuang,China,39.76538,118.41191,60.2
Luofeng,China,37.36497,120.40997,67.7
Zhanjiang,China,21.28145,110.34271,27.0
Zhangzhou,China,24.51333,117.65556,16.7
Zhangye,China,38.93417,100.45167,1475.6
Zibo,China,36.79056,118.06333,52.0
Anyang,China,36.096,114.38278,70.3
Zaozhuang,China,34.86472,117.55417,82.2
Zaoyang,China,32.12722,112.75417,112.4
Yuyao,China,30.05,121.14944,56.4
Yingchuan,China,34.16278,113.46389,120.3
Yuxia,China,34.06153,108.62905,429.0
Kunshan,China,31.37762,120.95431,6.5
Yunyang,China,33.44743,112.71422,200.6
Yunmeng Chengguanzhen,China,31.06251,113.76545,42.8
Jinghong,China,21.99102,100.73409,610.9
Pizhou,China,34.31139,117.95028,29.0
Yunfu,China,22.92833,112.03954,75.3
Yuncheng,China,35.02306,110.99278,366.1
Yulin,China,38.29056,109.74944,1065.5
Yulin,China,22.63333,110.15,80.1
Yudong,China,29.385,106.51944,214.2
Yuci,China,37.68028,112.73194,797.3
Yucheng,China,34.92889,116.46528,35.8
Yuanping,China,38.71528,112.7575,796.0
Qianjiang,China,30.421,112.8919,35.4
Heyuan,China,23.73333,114.68333,32.2
Yongfeng,China,27.42829,112.18338,117.7
Yongchuan,China,29.35376,105.89392,332.2
Yishui,China,35.78472,118.62806,160.4
Zhongxiang,China,31.16611,112.58306,53.7
Yingshang Chengguanzhen,China,32.62945,116.27013,25.1
Chengzhong,China,30.94454,113.55284,32.6
Yinchuan,China,38.46806,106.27306,1108.6
Yima,China,34.73806,111.88389,481.8
Yigou,China,35.81139,114.31667,87.5
Qingzhou,China,36.69667,118.47972,96.8
Yichun,China,27.83333,114.4,97.6
Yicheng,China,31.70472,112.25611,59.6
Yicheng,China,31.36059,119.82016,5.9
Yichang,China,30.71444,111.28472,58.8
Yibin,China,28.76667,104.62383,299.2
Yatou,China,37.1566,122.43762,13.2
Yashan,China,22.1975,109.94194,61.9
Yanzhou,China,35.55278,116.82861,59.0
Yantai,China,37.47649,121.44081,20.7
Yanliang,China,34.65918,109.22921,399.8
Yangzhou,China,32.39722,119.43583,20.1
Yangshuo,China,24.78081,110.48967,118.9
Zhangjiagang,China,31.865,120.53889,10.3
Yangquan,China,37.8575,113.56333,727.3
Yangliuqing,China,39.1375,116.99972,3.4
Yanggu,China,36.11056,115.77528,45.0
Yangcun,China,39.36389,117.06028,4.0
Yancheng,China,33.3575,120.1573,6.0
Tongshan,China,34.18045,117.15707,38.5
Xucheng,China,20.32917,110.16712,76.0
Shangrao,China,28.45322,117.9686,78.4
Xunchang,China,28.45433,104.71498,515.0
Jiangguanchi,China,34.12821,113.80681,77.4
Xuanzhou,China,30.9525,118.75528,19.7
Xixiang,China,35.16278,112.865,129.5
Xiuying,China,20.00073,110.29359,24.3
Xiulin,China,29.71667,112.4,37.2
Xiongzhou,China,25.11667,114.3,121.6
Guixi,China,28.28857,117.21329,46.8
Xinzhou,China,38.40917,112.73333,790.9
Xinzhou,China,30.86667,114.8,25.5
Xinzhi,China,36.49889,111.70472,520.6
Xinyu,China,27.80429,114.93335,62.1
Hancheng,China,32.51861,112.35222,93.0
Xinyang,China,32.12278,114.06556,85.0
Nangandao,China,35.19033,113.80151,80.2
Xintai,China,35.90056,117.75194,199.3
Xinshi,China,31.04704,113.14098,114.5
Xinpu,China,34.59972,119.15944,5.2
Xinji,China,37.90278,115.20361,36.6
Xining,China,36.62554,101.75739,2275.4
Shangmei,China,27.74278,111.29556,181.2
Xingtai,China,37.06306,114.49417,70.9
Ankang,China,32.68,109.01722,274.1
Xindian,China,36.7975,118.29444,71.5
Xindi,China,29.81667,113.46667,24.7
Feicheng,China,36.24861,116.76583,112.6
Sanshui,China,23.15486,112.89161,12.1
Ximei,China,24.98773,118.3858,29.3
Wacheng,China,33.78333,114.51667,52.9
Xihe,China,31.68635,113.46585,62.3
Xichang,China,27.89642,102.26341,1558.0
Xiazhuang,China,34.91611,118.63889,65.0
Xiazhen,China,34.80222,117.11167,37.9
Xiashi,China,30.53629,120.68638,6.5
Zijinglu,China,34.76,112.97139,132.3
Xiaoweizhai,China,26.19028,107.5125,755.9
Xiaoshan,China,30.16746,120.25883,9.7
Xiaolingwei,China,32.03244,118.854,15.9
Xiaogan,China,30.92689,113.92221,32.4
Xianyang,China,34.33778,108.70261,393.1
Xiantao,China,30.3708,113.44294,26.0
Xianshuigu,China,38.985,117.38278,3.2
Xiannü,China,32.42806,119.56048,9.2
Xianning,China,29.88333,114.21667,40.0
Xianju,China,28.8547,120.73168,55.0
Zhuhai,China,22.27694,113.56778,33.9
Wenxing,China,28.68208,112.87864,48.3
Xiangxiang,China,27.73333,112.53333,38.6
Xiangtan,China,27.85,112.9,32.1
Xiangyang,China,32.0422,112.14479,73.0
Xiangcheng Chengguanzhen,China,33.84703,113.4778,84.6
Xi’an,China,34.25833,108.92861,409.8
Xiamen,China,24.47979,118.08187,6.9
Wuzhou,China,23.48333,111.31667,79.1
Wuyang,China,31.9925,116.24722,30.9
Wuxue,China,29.85058,115.5525,20.5
Wuxi,China,31.56887,120.28857,3.7
Dongyang,China,29.26778,120.22528,92.7
Changde,China,29.04638,111.6783,33.8
Wuhu,China,31.33728,118.37351,16.0
Wuhan,China,30.58333,114.26667,22.2
Wuhai,China,39.68442,106.81583,1095.4
Wuda,China,39.49944,106.71167,1136.1
Wucheng,China,29.60077,118.17495,150.5
Wenzhou,China,27.99942,120.66682,5.0
Wenshang,China,35.7275,116.49611,44.0
Wenling,China,28.37161,121.36974,5.1
Tianfu,China,37.19723,122.05228,42.7
Weinan,China,34.50355,109.50891,355.0
Weihai,China,37.50914,122.11356,8.6
Weifang,China,36.71,119.10194,22.6
Wanxian,China,30.81544,108.37089,254.3
Wanning,China,18.79931,110.3841,12.5
Yinzhu,China,35.87861,119.97528,9.3
Wafangdian,China,39.61833,122.00806,103.2
Huangshan,China,29.71139,118.3125,132.0
Loushanguan,China,28.1368,106.822,935.0
Tongzhou,China,39.90395,116.66183,26.2
Fuding,China,27.32734,120.21399,15.1
Tongren,China,27.71722,109.18528,256.5
Wusong,China,30.95,117.78333,9.5
Tongchuan,China,31.09407,105.08731,389.2
Tianshui,China,34.57952,105.74238,1151.6
Tianpeng,China,30.98664,103.93933,611.5
Tianjin,China,39.14222,117.17667,7.6
Tengzhou,China,35.07706,117.15176,66.0
Taozhuang,China,34.85,117.33333,53.6
Tantou,China,26.03033,119.59739,8.1
Tangzhai,China,34.43278,116.59111,47.0
Tangshan,China,39.63333,118.18333,33.4
Tangping,China,22.03177,111.93537,20.6
Tangjiazhuang,China,39.74326,118.45099,67.7
Binhe,China,32.68833,112.8275,108.7
Tanggu,China,39.02111,117.64694,4.4
Taizhou,China,32.49069,119.90812,8.4
Taiyuan,China,37.86944,112.56028,792.3
Taixing,China,32.16667,120.01361,8.9
Taishan,China,22.25135,112.7799,7.4
Tai’an,China,36.18528,117.12,144.7
Suzhou,China,33.63611,116.97889,31.9
Suozhen,China,36.95389,118.10472,18.4
Suizhou,China,31.71111,113.36306,67.6
Suixi,China,33.89067,116.77473,30.9
Suicheng,China,33.8963,117.93307,23.8
Suining,China,30.50802,105.57332,290.8
Songjiang,China,31.03595,121.2146,5.7
Sishui,China,35.64889,117.27583,112.4
Laixi,China,36.85917,120.52694,52.1
Shouguang,China,36.88,118.7375,28.3
Shizuishan,China,39.23333,106.76944,1101.6
Shizilu,China,35.17111,118.82889,103.4
Shiyan,China,32.6475,110.77806,246.5
Shiyan,China,32.56667,110.78333,317.8
Shiwan,China,23.00107,113.077,25.8
Shitanjing,China,39.23417,106.34389,1426.8
Shiqiao,China,22.9464,113.35769,8.6
Shiqi,China,22.51682,113.38521,4.0
Shima,China,24.44647,117.81216,15.0
Shilong,China,23.11444,113.84722,15.0
Tongchuan,China,35.08056,109.08972,848.2
Shijiazhuang,China,38.04139,114.47861,75.9
Shenzhen,China,22.54554,114.0683,8.5
Yanta,China,36.24111,115.66722,39.9
Shenjiamen,China,29.95763,122.29802,26.3
Shashi,China,30.30722,112.24472,40.8
Shaping,China,22.77019,112.95776,13.6
Shaoxing,China,30.00237,120.57864,7.2
Shaowu,China,27.34089,117.4831,204.2
Shaoguan,China,24.8,113.58333,71.5
Shancheng,China,34.79528,116.08167,49.7
Shanwei,China,22.78199,115.3475,6.0
Shantou,China,23.36814,116.71479,13.5
Shanting,China,35.07528,117.45778,146.3
Shanghai,China,31.22222,121.45806,3.9
Shahecheng,China,36.93833,114.50583,72.5
Sanya,China,18.24306,109.505,5.6
Sanming,China,26.24861,117.61861,126.3
Runing,China,33.00111,114.35417,54.6
Fuqing,China,25.725,119.37944,34.4
Jieyang,China,23.5418,116.36581,3.7
Rizhao,China,35.4275,119.45528,19.6
Renqiu,China,38.69889,116.09361,8.4
Quzhou,China,28.95944,118.86861,75.4
Qujing,China,25.48333,103.78333,1871.0
Qufu,China,35.59667,116.99111,68.8
Quanzhou,China,24.91389,118.58583,11.7
Wuxi,China,26.5844,111.859,103.2
Zhuangyuan,China,37.30553,120.82747,134.4
Qiongshan,China,20.00583,110.35417,18.4
Qionghu,China,28.84061,112.37399,27.5
Qinzhou,China,21.97296,108.62612,9.9
Qinnan,China,33.25306,119.91333,2.1
Qinhuangdao,China,39.93167,119.58833,8.4
Jinjiang,China,24.81978,118.57415,35.1
Qingquan,China,30.45113,115.25593,27.2
Huai'an,China,33.58861,119.01917,11.3
Qingdao,China,36.06605,120.36939,41.1
Qingyuan,China,23.7,113.03333,11.5
Hongqiao,China,26.76837,112.10814,122.1
Puyang Chengguanzhen,China,35.70506,115.01409,54.3
Puyang,China,29.45679,119.88872,72.4
Putian,China,25.43944,119.01028,20.0
Puqi,China,29.71667,113.88333,36.8
Pumiao,China,22.75867,108.48111,84.3
Pulandian,China,39.39528,121.96694,18.8
Poyang,China,28.99242,116.66754,19.7
Pingyin,China,36.28306,116.44528,42.0
Pingyi,China,35.50056,117.63083,153.4
Gutao,China,37.2025,112.17806,761.4
Pingxiang,China,27.61672,113.85353,155.3
Pingshan,China,22.99376,114.71311,26.7
Pingnan,China,23.54218,110.38946,36.3
Pingliang,China,35.53917,106.68611,1354.0
Pingdu,China,36.78444,119.94639,58.2
Pingdingshan,China,33.73847,113.30119,88.2
Pengcheng,China,36.43111,114.17,148.3
Dadukou,China,26.5479,101.70539,1122.8
Ningyang,China,35.76417,116.79139,65.1
Yutan,China,28.25831,112.56048,51.4
Ninghai,China,37.38422,121.60859,15.6
Ninghai,China,29.28917,121.42472,35.6
Ningbo,China,29.87819,121.54945,5.2
Neijiang,China,29.58354,105.06216,350.9
Nanzhou,China,29.35955,112.40243,29.4
Nanzhang Chengguanzhen,China,31.78394,111.82752,136.9
Nanyang,China,32.99472,112.53278,127.3
Nantong,China,32.03028,120.87472,6.1
Pucheng,China,27.92333,118.53333,234.7
Nanping,China,26.645,118.17361,94.8
Nanning,China,22.81667,108.31667,83.2
Nanma,China,36.18478,118.15486,284.0
Nanlong,China,31.35333,106.06309,356.3
Nanjing,China,32.06167,118.77778,17.0
Nangong,China,37.35806,115.37444,28.5
Nanfeng,China,23.72695,111.79723,39.8
Nandu,China,22.8525,110.82333,90.0
Nanding,China,36.74833,118.05583,67.7
Nanchong,China,30.79508,106.08473,294.4
Nanchang,China,28.68396,115.85306,15.8
Miyang,China,24.40417,103.44278,1429.6
Mingshui,China,36.71667,117.5,72.9
Mingguang,China,32.78017,117.96378,16.6
Minggang,China,32.45861,114.04861,75.3
Mianyang,China,31.46784,104.68168,470.4
Mentougou,China,39.93819,116.09307,110.7
Mengyin,China,35.70694,117.92639,184.0
Mengcheng Chengguanzhen,China,33.26611,116.56605,27.0
Meizhou,China,24.29769,116.10724,88.4
Wuchuan,China,21.45713,110.76591,8.5
Majie,China,25.0319,102.638,1894.7
Zhijiang,China,30.42139,111.75333,43.5
Macheng,China,31.18013,115.02213,60.7
Maba,China,24.68413,113.59839,71.0
Lüshun,China,38.8,121.26667,7.8
Luqiao,China,28.58023,121.37491,3.9
Luoyang,China,34.68361,112.45361,146.5
Luoyang,China,24.95938,118.683,15.7
Luoyang,China,23.16244,114.27342,17.6
Luorong,China,24.40583,109.60861,70.9
Luohe,China,33.56394,114.04272,64.3
Luocheng,China,29.38481,104.02862,467.7
Lucheng,China,31.23357,117.28057,19.9
Kangding,China,30.05127,101.96033,2518.0
Lubu,China,23.17233,112.28298,18.4
Luancheng,China,37.87917,114.65167,52.9
Loudi,China,27.73444,111.99444,134.1
Longquan,China,24.67193,102.1613,1592.6
Longgang,China,37.65181,120.33063,7.4
Licheng,China,31.42813,119.48353,12.5
Guankou,China,28.15861,113.62709,76.1
Puning,China,23.31072,116.16869,10.1
Lishui,China,28.46042,119.91029,67.9
Lintong,China,34.37803,109.20892,423.3
Linyi,China,35.06306,118.34278,75.8
Linxia Chengguanzhen,China,35.60028,103.20639,1890.3
Linxi,China,39.71183,118.44954,45.7
Linshui,China,36.42472,114.20472,138.6
Linqu,China,36.51556,118.53972,99.6
Linqiong,China,30.41587,103.46089,513.8
Qingnian,China,36.84032,115.71183,35.7
Linping,China,30.4225,120.29722,12.3
Linhai,China,28.84815,121.12807,12.1
Lingcheng,China,22.70722,110.34917,100.4
Lincheng,China,19.90778,109.68583,33.6
Linfen,China,36.08889,111.51889,451.7
Xishan,China,27.66667,113.5,71.5
Lichuan,China,30.3,108.85,1246.5
Licheng,China,23.29549,113.82465,23.3
Liaocheng,China,36.45596,115.97766,37.1
Lianzhou,China,24.78186,112.3712,104.5
Lianzhou,China,21.66621,109.20116,12.2
Lianran,China,24.92271,102.48496,1834.8
Wuwei,China,37.92672,102.63202,1537.4
Liangxiang,China,39.73598,116.13295,46.6
Lianjiang,China,21.64673,110.28172,42.8
Leshan,China,29.56227,103.76386,371.8
Lengshuitan,China,26.4111,111.59559,100.1
Lengshuijiang,China,27.68806,111.42944,194.1
Leiyang,China,26.40238,112.85908,73.8
Lecheng,China,25.128,113.35041,105.2
Laohekou,China,32.38583,111.66778,92.3
Lanzhou,China,36.05701,103.83987,1518.1
Lanxi,China,29.21588,119.47156,41.9
Lianyuan,China,27.68833,111.66417,155.0
Langfang,China,39.50972,116.69472,12.3
Weichanglu,China,37.18073,119.94217,46.4
Laiyang,China,36.97583,120.71361,39.4
Laiwu,China,36.19278,117.65694,177.1
Laibin,China,23.7,109.26667,81.9
Kunyang,China,27.66583,120.56583,145.4
Kunming,China,25.03889,102.71833,1891.1
Kaiyuan,China,23.69767,103.30372,1266.4
Kaihua,China,23.3695,104.27721,1369.5
Kaifeng,China,34.7986,114.30742,74.1
Juye,China,35.39472,116.08833,42.3
Juegang,China,32.31737,121.18552,4.8
Jiujiang,China,29.70475,116.00206,41.8
Jishui,China,33.73333,115.4,40.0
Qianzhou,China,28.31925,109.73346,197.0
Jinzhou,China,39.1,121.71667,6.3
Jinxiang,China,27.43265,120.60625,7.7
Jinshi,China,29.60487,111.87012,62.5
Jinsha,China,32.08982,121.07355,7.4
Jinjiang,China,19.72878,110.00851,18.9
Jinji,China,23.22806,110.82611,48.3
Jining,China,35.405,116.58139,39.2
Jinhua,China,29.10678,119.64421,48.9
Jingzhou,China,30.35028,112.19028,32.4
Tianchang,China,37.99806,114.01556,275.9
Jingmen,China,31.03361,112.20472,93.0
Jingling,China,30.65,113.1,29.1
Jingdezhen,China,29.2947,117.20789,41.7
Jinchang,China,38.50062,102.19379,1552.6
Jincheng,China,35.50222,112.83278,709.2
Jinan,China,36.66833,116.99722,27.2
Jimo,China,36.38972,120.46222,24.7
Jijiang,China,29.28993,106.25001,210.1
Jiexiu,China,37.02444,111.9125,755.7
Jieshou,China,33.26338,115.36108,40.3
Jieshi,China,22.81027,115.83058,11.8
Jiehu,China,35.54278,118.455,119.4
Jiazi,China,22.87932,116.07318,6.5
Jiaxing,China,30.7522,120.75,4.2
Jiaozuo,China,35.23972,113.23306,138.6
Jiaozhou,China,36.28389,120.00333,8.5
Ningde,China,26.66167,119.52278,15.0
Jian’ou,China,27.04694,118.32528,123.0
Jiangyan,China,32.50611,120.14278,5.6
Jianguang,China,28.19377,115.7836,26.8
Jiangmen,China,22.58333,113.08333,15.5
Jiangkou,China,25.48694,119.19834,12.5
Yangjiang,China,21.85563,111.96272,18.4
Ji’an,China,27.11716,114.97927,59.1
Guangyuan,China,32.44201,105.823,514.1
Huzhou,China,30.8703,120.0933,4.0
Hutang,China,31.53429,119.49,4.9
Huoqiu Chengguanzhen,China,32.35473,116.2939,28.4
Humen,China,22.81899,113.67306,6.6
Huizhou,China,23.11147,114.41523,23.7
Huilong,China,31.81111,121.655,3.7
Huicheng,China,23.03845,116.28988,9.8
Xinhui,China,22.456,113.0482,9.3
Huazhou,China,21.63333,110.58333,33.7
Huangzhou,China,30.45,114.8,17.7
Huangyan,China,28.6501,121.26591,6.6
Huangshi,China,30.24706,115.04814,19.9
Dasha,China,23.11037,113.4418,21.0
Huangpi,China,30.88453,114.37789,28.6
Huangmei,China,30.19235,116.02496,50.0
Huanggang,China,23.67704,116.99961,11.5
Daxing,China,39.74025,116.32693,43.1
Dingcheng,China,32.12722,115.03944,33.7
Huaiyuan Chengguanzhen,China,32.95893,117.16566,19.9
Huainan,China,32.62639,116.99694,44.6
Huaicheng,China,23.91952,112.17629,70.4
Huaihua,China,27.54944,109.95917,249.7
Huaidian,China,33.43333,115.03333,39.5
Huaibei,China,33.97444,116.79167,48.1
Hongjiang,China,27.11,109.99556,197.7
Heze,China,35.23929,115.47358,52.9
Hechuan,China,29.99228,106.26461,218.8
Yiyang,China,28.58917,112.32833,24.3
Hepo,China,23.43077,115.82991,32.0
Hengyang,China,26.88946,112.61888,63.0
Hengshui,China,37.73222,115.70111,19.5
Hefei,China,31.86389,117.28083,16.5
Hede,China,33.7722,120.26176,5.3
Hecun,China,36.53333,114.11111,244.0
Hebi,China,35.89917,114.1925,141.0
Hanzhong,China,33.07278,107.03028,511.2
Chengyang,China,27.08917,119.64528,27.4
Hanting,China,36.77083,119.21083,17.7
Hangzhou,China,30.29365,120.16142,6.3
Hangu,China,39.24889,117.78917,1.1
Handan,China,36.60056,114.46778,62.7
Hanchuan,China,30.65,113.76667,24.2
Hancheng,China,35.46028,110.42917,383.6
Haizhou,China,34.58167,119.12889,3.3
Jiaojiang,China,28.68028,121.44278,6.5
Haimen,China,23.19346,116.61219,13.5
Haikou,China,24.77985,102.57548,1909.2
Haikou,China,20.04583,110.34167,12.0
Guye,China,39.73054,118.44085,42.8
Guozhen,China,34.36591,107.35904,549.9
Guli,China,28.88162,120.03308,122.3
Guiyang,China,26.58333,106.71667,1078.0
Guiren,China,33.66972,118.18889,22.0
Guiping,China,23.39336,110.07437,42.8
Guilin,China,25.28194,110.28639,158.6
Guigang,China,23.09639,109.60917,48.0
Gucheng Chengguanzhen,China,32.26604,111.63476,93.5
Guangzhou,China,23.11667,113.25,15.1
Guangshui,China,31.6199,113.9978,81.5
Gejiu,China,23.36085,103.15372,1711.0
Gaozhou,China,21.93924,110.84607,42.9
Gaoyou,China,32.78933,119.44182,12.1
Gaoping,China,30.77576,106.10294,284.4
Gaomi,China,36.38333,119.75278,24.0
Gaogou,China,34.0175,119.18861,5.0
Fuzhou,China,26.06139,119.30611,6.9
Fuyang,China,32.9,115.81667,39.9
Fuyang,China,30.05333,119.95194,15.1
Qingyang,China,37.49583,121.25806,13.0
Fuling,China,29.706,107.39575,259.9
Foshan,China,23.02677,113.13148,6.4
Fenyi,China,27.81117,114.66805,84.4
Fengxian,China,34.70388,116.58717,40.7
Fengrun,China,39.83333,118.11667,24.3
Fengkou,China,30.08268,113.33346,31.5
Feicheng,China,35.26056,117.9675,116.0
Fangshan,China,39.68699,115.99658,42.6
Ezhou,China,30.4,114.83333,21.1
Enshi,China,30.3,109.48333,455.8
Encheng,China,22.18659,112.30424,29.2
Duyun,China,26.26667,107.51667,815.6
Duobao,China,30.67,112.68952,34.5
Ducheng,China,23.24212,111.5284,24.4
Xinyi,China,22.37303,110.94746,92.3
Shengli,China,37.46271,118.49165,6.1
Dongtai,China,32.85231,120.30947,3.6
Dongsheng,China,39.81609,109.97763,1434.7
Dongkan,China,33.99972,119.83083,7.3
Donghai,China,22.94593,115.64204,12.4
Dongguan,China,23.04889,113.74472,9.0
Dongdu,China,35.85,117.7,203.9
Dongcun,China,36.77667,121.15972,37.4
Dingzhou,China,38.51306,114.99556,65.9
Dingtao,China,35.07436,115.56582,51.4
Dezhou,China,37.45127,116.31046,24.2
Deyang,China,31.13019,104.38198,497.2
Deqing,China,30.54485,119.9599,8.0
Dengzhou,China,37.80822,120.75908,26.1
Huazhou,China,32.68222,112.08194,112.3
Songyang,China,34.45528,113.02806,376.9
Dazhong,China,33.19973,120.4578,5.1
Zhangjiajie,China,29.12944,110.47833,173.3
Daye,China,30.08333,114.95,32.6
Lijiang,China,26.86879,100.22072,2397.6
Dazhou,China,31.21592,107.50092,297.1
Dawukou,China,39.04194,106.39583,1118.2
Datong,China,32.62082,117.06319,38.7
Fenghua,China,29.65628,121.4064,9.8
Daokou,China,35.56389,114.50583,65.5
Danshui,China,22.7984,114.46716,30.7
Danjiangkou,China,32.54278,111.50861,107.4
Gushu,China,31.56055,118.48147,17.0
Xincheng,China,33.63333,115.18333,45.4
Daliang,China,22.84067,113.2503,12.4
Dalian,China,38.91222,121.60222,29.4
Dali,China,25.58474,100.21229,1977.0
Chuzhou,China,32.32194,118.29778,21.5
Yangchun,China,22.16667,111.78333,21.8
Yiwu,China,29.31506,120.07676,75.5
Chongqing,China,29.56278,106.55278,220.2
Chonglong,China,29.78062,104.85224,355.5
Chizhou,China,30.66134,117.47783,22.7
Chenzhou,China,25.8,113.03333,176.0
Chengyang,China,35.57944,118.83278,115.0
Jiangyin,China,31.91102,120.26302,4.0
Chengdu,China,30.66667,104.06667,499.1
Chenghua,China,23.46132,116.77007,5.1
Chaozhou,China,23.65396,116.62262,22.6
Chaohu,China,31.6,117.86667,10.3
Changzhou,China,31.77359,119.95401,7.2
Changzhi,China,35.20889,111.73861,379.0
Changsha,China,28.19874,112.97087,47.0
Changqing,China,36.5575,116.72722,40.8
Changli,China,39.70417,119.15056,18.1
Changleng,China,28.7,115.81667,35.7
Caohe,China,30.2297,115.43346,24.0
Weining,China,26.85,104.23333,2170.3
Cangzhou,China,38.31667,116.86667,9.1
Caidian,China,30.58333,114.03333,24.3
Buhe,China,30.28757,112.22979,39.2
Bozhou,China,33.87722,115.77028,41.6
Botou,China,38.06667,116.56667,16.6
Boshan,China,36.48333,117.83333,370.3
Baise City,China,23.89972,106.61333,129.7
Binzhou,China,37.36667,118.01667,10.7
Luxu,China,23.22378,108.80217,114.8
Bijie,China,27.30193,105.28627,1481.4
Bianzhuang,China,34.84861,118.04472,43.6
Bengbu,China,32.94083,117.36083,23.7
Beijing,China,39.9075,116.39723,46.1
Beihai,China,21.48333,109.1,6.9
Beidao,China,34.56861,105.89333,1086.0
Beidaihehaibin,China,39.82222,119.51806,27.6
Beibei,China,29.82739,106.43645,244.9
Baoying,China,33.22917,119.30917,4.2
Langzhong,China,31.55037,105.99381,359.1
Baoding,China,38.85111,115.49028,16.7
Baiyin,China,36.54696,104.17023,1723.1
Baihe,China,22.1343,107.232,118.0
Shangyu,China,30.01556,120.87111,9.9
Babu,China,24.41667,111.51667,113.1
Anxiang,China,29.4,112.15,31.9
Anshun,China,26.25,105.93333,1369.7
Anqiu,China,36.43417,119.1925,63.5
Anqing,China,30.51365,117.04723,17.7
Mabai,China,23.01279,104.45081,1498.4
Anlu,China,31.2575,113.67833,49.0
Anjiang,China,27.31944,110.10306,190.6
Anbu,China,23.44895,116.68092,11.6
Jiangyou,China,31.76667,104.71667,527.1
Suzhou,China,31.30408,120.59538,6.5
Zhoushan,China,29.98869,122.20488,5.0
Mudu,China,31.25597,120.51857,3.8
Songling,China,31.1933,120.71758,-0.5
Zhongshan,China,21.31992,110.5723,12.4
Lianghu,China,29.99152,120.89845,10.1
Zhoucheng,China,35.91222,116.31167,42.0
Dalianwan,China,39.02861,121.695,25.0
Yueyang,China,29.37455,113.09481,40.4
Bojia,China,26.46722,111.96806,87.7
Zhenlai,China,45.84955,123.2973,136.8
Zhengjiatun,China,43.50639,123.50639,119.0
Zhaozhou,China,45.68333,125.31667,151.9
Zhaoyuan,China,45.5,125.13333,126.9
Zhaodong,China,46.06771,125.98263,137.2
Zhangjiakou,China,40.81,114.87944,763.0
Zalantun,China,48,122.71667,310.3
Yushu,China,44.8,126.53333,219.7
Youhao,China,47.85306,128.83565,241.6
Yingkou,China,40.66482,122.22833,3.8
Yilan,China,46.31618,129.55455,100.5
Yichun,China,47.72143,128.87529,224.3
Yebaishou,China,41.3975,119.64083,406.6
Yantongshan,China,43.29194,126.00944,249.8
Yanji,China,42.9075,129.50778,180.9
Yakeshi,China,49.28333,120.73333,663.4
Zhangjiakou Shi Xuanhua Qu,China,40.61028,115.04472,611.9
Xiuyan,China,40.29278,123.27444,84.2
Xinqing,China,48.28701,129.52337,314.6
Xinmin,China,41.99083,122.82528,35.7
Xinglongshan,China,43.95611,125.46611,230.2
Xingcheng,China,40.61667,120.71667,9.8
Xilin Hot,China,43.96667,116.03333,987.5
Xifeng,China,42.73722,124.72222,197.4
Xiaoshi,China,41.29711,124.12092,207.4
Wuchang,China,44.91428,127.15001,196.3
Wangqing,China,43.32179,129.76342,233.6
Hepingjie,China,42.05972,126.91583,728.3
Wangkui,China,46.83283,126.47768,188.2
Ulanhot,China,46.08333,122.08333,304.0
Tumen,China,42.96611,129.8425,98.5
Tongliao,China,43.6125,122.26528,176.7
Tieling,China,42.29306,123.84139,66.3
Tieli,China,46.98043,128.04497,214.8
Guangming,China,45.33333,122.78333,153.0
Tailai,China,46.38909,123.41371,146.2
Taikang,China,46.86135,124.442,149.4
Tahe,China,52.33333,124.73333,435.4
Sujiatun,China,41.65917,123.33917,36.1
Suileng,China,47.24805,127.09535,198.4
Suihua,China,46.63954,126.99508,179.7
Suifenhe,China,44.39982,131.14775,455.8
Songjianghe,China,42.1859,127.47895,739.2
Siping,China,43.16143,124.37785,174.7
Shunyi,China,40.12175,116.64783,34.6
Shulan,China,44.41667,126.95,235.2
Shuangyashan,China,46.63611,131.15389,200.7
Shuangyang,China,43.52417,125.67361,211.1
Shuangcheng,China,45.35,126.28333,162.3
Shiguai,China,40.70583,110.28556,1328.1
Shenyang,China,41.79222,123.43278,54.9
Shanhetun,China,44.7,127.2,197.1
Shanhaiguan,China,40.0025,119.74889,15.0
Shangzhi,China,45.21406,127.97426,188.2
Sanchazi,China,42.08167,126.60028,558.2
Salaqi,China,40.54139,110.51083,999.0
Fendou,China,46.64142,124.86283,149.9
Taihe,China,45.76195,130.85131,197.9
Qiqihar,China,47.34088,123.96045,148.3
Qinggang,China,46.68469,126.10595,226.6
Qianguo,China,45.11711,124.85676,134.3
Pingzhuang,China,42.03722,119.28889,511.4
Panshi,China,42.94222,126.05611,323.8
Panshan,China,41.18806,122.04944,15.4
Nianzishan,China,47.51667,122.88333,235.3
Nenjiang,China,49.17414,125.21774,225.6
Nehe,China,48.48333,124.83333,200.0
Nantai,China,40.9241,122.80437,36.3
Nanpiao,China,41.09822,120.74792,96.7
Lianhe,China,47.13333,129.27426,170.5
Mujiayingzi,China,42.11667,118.78333,685.5
Mudanjiang,China,44.58333,129.6,246.1
Mishan,China,45.55,131.88333,136.0
Mingyue,China,43.10694,128.92167,383.1
Mingshui,China,47.1815,125.90027,254.2
Meihekou,China,42.52722,125.67528,331.7
Manzhouli,China,49.6,117.43333,650.9
Longjing,China,42.77139,129.42333,243.8
Longjiang,China,47.33072,123.17816,183.6
Longfeng,China,46.53168,125.1038,147.8
Liuhe,China,42.24007,125.71717,398.9
Lishu,China,43.30472,124.32778,169.0
Linkou,China,45.28606,130.26151,279.9
Linjiang,China,41.80694,126.90778,343.6
Lingyuan,China,41.24,119.40111,396.7
Lingdong,China,46.56694,131.14528,176.9
Liaozhong,China,41.50611,122.72417,17.5
Liaoyuan,China,42.90361,125.13583,259.1
Liaoyang,China,41.27194,123.17306,28.2
Lanxi,China,46.25785,126.28269,165.8
Langxiang,China,46.94985,128.86849,266.6
Langtou,China,40.02611,124.32861,9.8
Kuandian,China,40.72861,124.78472,281.9
Kaiyuan,China,42.53306,124.04028,92.3
Kaitong,China,44.81351,123.15,146.1
Jixi,China,45.30109,130.95718,227.7
Jiutai,China,44.1525,125.83278,182.3
Jiupu,China,41.06667,122.95,29.3
Jishu,China,44.31667,126.8,252.1
Jinzhou,China,41.10778,121.14167,24.3
Lianshan,China,40.76432,120.85327,16.4
Jining,China,41.0275,113.10583,1406.6
Jilin,China,43.85083,126.56028,193.3
Jidong,China,45.21667,131.08333,231.8
Minzhu,China,43.72145,127.33401,277.8
Jiamusi,China,46.79927,130.31633,82.3
Jalai Nur,China,49.45,117.7,567.2
Jagdaqi,China,50.41667,124.11667,387.3
Hushitai,China,41.93222,123.51139,63.2
Hunchun,China,42.8675,130.35806,44.0
Hulan Ergi,China,47.20417,123.63333,152.0
Hulan,China,45.98333,126.6,124.8
Huinan,China,42.6225,126.26139,314.5
Huanren,China,41.26472,125.36667,278.5
Huangnihe,China,43.55833,128.02389,490.7
Huanan,China,46.2207,130.525,174.0
Huadian,China,42.96333,126.74778,267.5
Honggang,China,46.40124,124.88322,145.4
Hohhot,China,40.81056,111.65222,1050.2
Fendou,China,45.21235,130.90254,225.7
Helong,China,42.53974,128.99722,449.3
Heishan,China,41.68917,122.11278,23.7
Heihe,China,50.24413,127.49016,138.0
Hegang,China,47.35118,130.30012,168.7
Harbin,China,45.75,126.65,136.2
Hailun,China,47.4565,126.95368,249.2
Hailin,China,44.57149,129.38539,259.0
Hailar,China,49.2,119.7,623.2
Haicheng,China,40.85158,122.74754,34.5
Gongzhuling,China,43.50075,124.81979,210.6
Gongchangling,China,41.11667,123.45,211.9
Genhe,China,50.78333,121.51667,714.7
Gannan,China,47.91472,123.50306,188.0
Fuyuan,China,48.36306,134.28917,67.3
Fuyu,China,47.79756,124.45731,163.4
Fuyu,China,45.18333,124.81667,148.7
Fuxin,China,42.05889,121.745,164.4
Fuxin,China,42.01556,121.65889,143.2
Fushun,China,41.85583,123.92333,84.7
Fuli,China,46.72167,131.13944,102.3
Fujin,China,47.26,132.03222,63.2
Beichengqu,China,40.43944,113.15361,1196.5
Fengxiang,China,47.57549,130.82306,85.7
Fengcheng,China,40.45361,124.07167,69.7
Erenhot,China,43.6475,111.97667,966.2
Erdaojiang,China,41.77639,126.03194,407.6
Dunhua,China,43.3725,128.2425,499.0
Dongning,China,44.06219,131.12075,115.4
Dongling,China,41.81444,123.57583,47.9
Dongfeng,China,42.64031,125.51176,354.0
Dongxing,China,45.36088,130.78679,220.1
Dehui,China,44.53333,125.7,181.5
Datong,China,40.09361,113.29139,1051.7
Dashitou,China,43.30667,128.51139,524.3
Dashiqiao,China,40.63732,122.50251,16.8
Daqing,China,46.58333,125,148.2
Dandong,China,40.12917,124.39472,10.1
Linghai,China,41.16528,121.36667,26.5
Dalai,China,45.5,124.3,138.7
Chifeng,China,42.26833,118.96361,571.4
Chengzihe,China,45.33333,131.06667,208.7
Chengde,China,40.9725,117.93611,334.3
Chaoyang,China,42.66223,126.0263,298.1
Chaoyang,China,41.57028,120.45861,160.7
Changtu,China,42.77884,124.09545,135.1
Changping,China,40.21612,116.23471,64.8
Changling,China,44.26532,124.00045,192.0
Changchun,China,43.88,125.32278,205.9
Chaihe,China,44.7598,129.67826,229.8
Boli,China,45.75279,130.57211,226.1
Binzhou,China,45.75281,127.47986,164.8
Benxi,China,41.28861,123.765,213.0
Beipiao,China,41.79194,120.77917,258.9
Bei’an,China,48.26667,126.6,273.4
Bayan,China,46.07556,127.3984,139.0
Baotou,China,40.65222,109.82222,1059.8
Baoshan,China,46.55861,131.42444,170.4
Baoqing,China,46.33167,132.21111,84.0
Bamiantong,China,44.91738,130.52,268.3
Baishishan,China,43.58333,127.56667,345.7
Baiquan,China,47.60605,126.08481,237.4
Baicheng,China,45.60746,122.82076,152.6
Baishan,China,41.93853,126.41965,478.3
Anshan,China,41.12361,122.99,58.7
Anda,China,46.40202,125.31454,149.9
Oroqen Zizhiqi,China,50.56667,123.71667,421.1
Acheng,China,45.54545,126.97703,147.0
Songling,China,40.29303,118.26908,136.3
Shilin,China,24.81878,103.33237,1779.8
Changshu City,China,31.64615,120.74221,6.1
Shixing,China,24.94824,114.06572,115.1
Jiashan,China,30.84918,120.92583,8.0
Fenghuang,China,27.93557,109.59961,462.1
Zhu Cheng City,China,35.99502,119.40259,75.9
Shangri-La,China,27.82511,99.70779,3284.6
Ordos,China,39.6086,109.78157,1313.6
Wenshan City,China,23.36306,104.25047,1263.2
Liupanshui,China,26.59444,104.83333,1802.7
Zipaquirá,Colombia,5.02208,-74.00481,2608.6
Zarzal,Colombia,4.39462,-76.0715,919.9
Zaragoza,Colombia,7.48971,-74.86919,61.4
Yumbo,Colombia,3.58234,-76.49146,988.4
Yopal,Colombia,5.33775,-72.39586,338.5
Yarumal,Colombia,6.96321,-75.41738,2276.2
Viterbo,Colombia,5.06242,-75.87159,965.1
Villeta,Colombia,5.00886,-74.47226,803.0
Villavicencio,Colombia,4.142,-73.62664,437.3
Villa del Rosario,Colombia,7.83389,-72.47417,437.5
Villanueva,Colombia,10.60528,-72.98,236.6
Villanueva,Colombia,5.28333,-71.96667,183.0
Villamaría,Colombia,5.04492,-75.5146,1887.9
Valledupar,Colombia,10.46314,-73.25322,169.4
Urrao,Colombia,6.31696,-76.1342,1813.9
Ubaté,Colombia,5.30933,-73.81575,2561.8
Turbo,Colombia,8.09263,-76.72822,6.6
Turbaco,Colombia,10.32944,-75.41137,172.4
Túquerres,Colombia,1.08878,-77.61831,3055.9
Tunja,Colombia,5.53528,-73.36778,2808.1
Tumaco,Colombia,1.79861,-78.81556,2.6
Tuluá,Colombia,4.08466,-76.19536,975.8
Tolú,Colombia,9.52392,-75.58139,5.6
Tierralta,Colombia,8.17361,-76.05917,52.3
Tame,Colombia,6.46065,-71.73618,323.3
Sucre,Colombia,8.81136,-74.72084,19.0
Sonsón,Colombia,5.71062,-75.31069,2489.5
Soledad,Colombia,10.91843,-74.76459,9.2
Sogamoso,Colombia,5.71434,-72.93391,2492.3
Socorro,Colombia,6.46838,-73.26022,1237.9
Soacha,Colombia,4.57937,-74.21682,2564.4
Sincelejo,Colombia,9.30472,-75.39778,205.1
Sincé,Colombia,9.24391,-75.14675,143.0
Sibaté,Colombia,4.48425,-74.24499,2767.5
Sevilla,Colombia,4.26425,-75.93085,1612.2
Segovia,Colombia,7.07993,-74.6989,678.3
Santuario,Colombia,6.13833,-75.26417,2116.4
Santo Tomás,Colombia,10.75773,-74.75451,5.8
Santa Rosa de Cabal,Colombia,4.86806,-75.62139,1691.0
Santander de Quilichao,Colombia,3.00945,-76.48494,1059.8
Santa Marta,Colombia,11.24079,-74.19904,9.1
Santa Lucía,Colombia,10.3242,-74.96017,6.2
San Onofre,Colombia,9.73586,-75.52626,36.4
San Martín,Colombia,3.69637,-73.69957,425.9
San Marcos,Colombia,8.65972,-75.12809,24.6
San Juan Nepomuceno,Colombia,9.95157,-75.08198,168.6
San Juan del Cesar,Colombia,10.77107,-73.00314,213.0
San Jacinto,Colombia,9.82767,-75.1217,234.3
San Gil,Colombia,6.55952,-73.13637,1157.4
San Carlos,Colombia,8.79577,-75.69947,12.3
San Carlos,Colombia,7.79177,-74.77316,58.6
San Benito Abad,Colombia,8.92901,-75.02709,22.4
San Andrés,Colombia,12.58472,-81.70056,2.9
Sampués,Colombia,9.18361,-75.38167,152.8
Salamina,Colombia,5.40733,-75.48749,1786.5
Sahagún,Colombia,8.94617,-75.44275,84.5
Sabaneta,Colombia,6.15153,-75.61657,1594.1
Sabanalarga,Colombia,10.62962,-74.92063,98.9
Sabanagrande,Colombia,10.79115,-74.76059,7.8
Roldanillo,Colombia,4.41256,-76.15457,946.9
Riosucio,Colombia,5.42164,-75.70318,1777.6
Rionegro,Colombia,6.15515,-75.37371,2091.2
Ríohacha,Colombia,11.54444,-72.90722,6.7
Repelón,Colombia,10.49194,-75.12917,14.3
Quimbaya,Colombia,4.62306,-75.76278,1319.2
Quibdó,Colombia,5.69188,-76.65835,32.8
Puerto Tejada,Colombia,3.23114,-76.41668,966.5
Puerto Santander,Colombia,8.36361,-72.4063,49.0
Puerto López,Colombia,4.09912,-72.95647,174.5
Puerto Colombia,Colombia,10.98778,-74.95472,12.0
Puerto Boyacá,Colombia,5.97584,-74.58845,145.8
Puerto Berrío,Colombia,6.49156,-74.40326,113.5
Puerto Asís,Colombia,0.51328,-76.50075,255.8
Pradera,Colombia,3.42111,-76.24472,1053.6
Popayán,Colombia,2.43823,-76.61316,1723.2
Planeta Rica,Colombia,8.4115,-75.58508,85.8
Pivijay,Colombia,10.46167,-74.61621,7.6
Pitalito,Colombia,1.85371,-76.05071,1260.4
Piedecuesta,Colombia,6.98789,-73.04953,1014.4
Pereira,Colombia,4.81333,-75.69611,1411.0
Patía,Colombia,2.06895,-77.05273,619.9
Pasto,Colombia,1.21361,-77.28111,2545.6
Pamplona,Colombia,7.37565,-72.64795,2293.5
Palmira,Colombia,3.53944,-76.30361,1005.9
Palmar de Varela,Colombia,10.74055,-74.75443,5.9
Belalcazar,Colombia,2.65472,-75.99278,2179.8
Pacho,Colombia,5.13278,-74.15977,1777.8
Ocaña,Colombia,8.23773,-73.35604,1197.9
Neiva,Colombia,2.9273,-75.28189,457.0
Mosquera,Colombia,4.70592,-74.23021,2543.9
Morales,Colombia,8.2752,-73.86884,41.5
Montería,Colombia,8.74798,-75.88143,15.8
Montenegro,Colombia,4.56639,-75.75111,1290.0
Montelíbano,Colombia,7.97917,-75.4202,43.4
Mompós,Colombia,9.24194,-74.42667,19.8
Mocoa,Colombia,1.15284,-76.65208,611.3
Melgar,Colombia,4.20475,-74.64075,324.9
Medellín,Colombia,6.25184,-75.56359,1489.2
Mariquita,Colombia,5.19889,-74.89295,488.4
Marinilla,Colombia,6.17358,-75.33621,2085.6
María la Baja,Colombia,9.9832,-75.30155,13.9
Manzanares,Colombia,5.32472,-75.15694,2414.7
Manizales,Colombia,5.06889,-75.51738,2119.1
Malambo,Colombia,10.85953,-74.77386,12.8
Málaga,Colombia,6.69903,-72.73233,2210.8
Maicao,Colombia,11.38321,-72.24321,50.8
Magangué,Colombia,9.24202,-74.75467,20.3
Madrid,Colombia,4.73245,-74.26419,2548.2
Los Patios,Colombia,7.83793,-72.5037,396.4
Lorica,Colombia,9.23648,-75.8135,8.0
Líbano,Colombia,4.9218,-75.06232,1574.3
Leticia,Colombia,-4.21528,-69.94056,79.2
Lérida,Colombia,4.86242,-74.90977,347.5
La Virginia,Colombia,4.89972,-75.8825,901.7
La Unión,Colombia,4.53282,-76.10318,964.2
La Unión,Colombia,1.6045,-77.13152,1716.6
La Tebaida,Colombia,4.45265,-75.78746,1189.6
La Plata,Colombia,2.39341,-75.89232,1014.9
La Mesa,Colombia,5.26667,-73.91667,2879.5
La Jagua de Ibirico,Colombia,9.56228,-73.33405,139.1
La Estrella,Colombia,6.15769,-75.64317,1760.5
La Dorada,Colombia,5.44783,-74.66311,178.2
La Ceja,Colombia,6.03131,-75.43333,2153.4
Jamundí,Colombia,3.26074,-76.53499,971.3
Itagüí,Colombia,6.18461,-75.59913,1539.9
Ipiales,Colombia,0.83018,-77.64959,2910.9
Ibagué,Colombia,4.43889,-75.23222,1226.5
Honda,Colombia,5.20856,-74.73584,204.6
Guacarí,Colombia,3.76383,-76.33292,973.6
Granada,Colombia,3.54625,-73.70687,335.8
Girón,Colombia,7.0682,-73.16981,705.1
Girardot City,Colombia,4.30079,-74.80754,291.2
Garzón,Colombia,2.19593,-75.62777,830.4
Galapa,Colombia,10.89686,-74.886,87.8
Fusagasuga,Colombia,4.33646,-74.36378,1719.9
Funza,Colombia,4.71638,-74.21195,2550.1
Fundación,Colombia,10.52066,-74.18504,47.1
Fresno,Colombia,5.15264,-75.03624,1466.2
Fonseca,Colombia,10.88606,-72.8487,181.5
Floridablanca,Colombia,7.06222,-73.08644,928.7
Florida,Colombia,3.3223,-76.2348,1043.6
Florencia,Colombia,1.61438,-75.60623,265.2
Flandes,Colombia,4.29005,-74.81612,283.3
Facatativá,Colombia,4.81367,-74.35453,2591.4
Espinal,Colombia,4.14924,-74.88429,323.5
Envigado,Colombia,6.17591,-75.59174,1535.9
El Retén,Colombia,10.61135,-74.26824,22.9
El Copey,Colombia,10.15031,-73.9614,142.2
El Charco,Colombia,2.47691,-78.11049,5.3
El Cerrito,Colombia,3.68549,-76.31372,991.3
El Carmen de Bolívar,Colombia,9.7174,-75.12023,155.4
El Banco,Colombia,9.00114,-73.97581,35.0
El Bagre,Colombia,7.60347,-74.80951,52.4
Duitama,Colombia,5.8245,-73.03408,2523.8
Dos Quebradas,Colombia,4.83916,-75.66727,1455.1
Curumaní,Colombia,9.19992,-73.54274,60.2
Cúcuta,Colombia,7.89391,-72.50782,309.5
Corozal,Colombia,9.31505,-75.29283,150.5
Corinto,Colombia,3.17301,-76.26275,1054.9
Municipio de Copacabana,Colombia,6.34633,-75.50888,1416.2
Circasia,Colombia,4.61889,-75.63583,1769.6
Ciénaga de Oro,Colombia,8.87443,-75.62028,13.6
Ciénaga,Colombia,11.00703,-74.24765,3.9
Chiriguaná,Colombia,9.36238,-73.60313,34.1
Chiquinquirá,Colombia,5.61637,-73.81748,2562.1
Chinú,Colombia,9.10569,-75.39812,120.6
Chinchiná,Colombia,4.9825,-75.60361,1382.5
Chimichagua,Colombia,9.25778,-73.81228,36.2
Chigorodó,Colombia,7.66638,-76.68106,33.7
Chía,Colombia,4.85876,-74.05866,2556.3
Chaparral,Colombia,3.72315,-75.48316,853.0
Cereté,Colombia,8.88479,-75.79052,12.2
Caucasia,Colombia,7.98654,-75.19349,52.7
Cartago,Colombia,4.74639,-75.91167,918.5
Cartagena,Colombia,10.39972,-75.51444,36.8
Carmen de Viboral,Colombia,6.08236,-75.33509,2155.3
Candelaria,Colombia,3.40671,-76.34819,977.1
Campo de la Cruz,Colombia,10.37808,-74.88356,6.8
Campoalegre,Colombia,2.68489,-75.32311,537.3
Cali,Colombia,3.43722,-76.5225,965.5
Caldas,Colombia,6.09106,-75.63569,1754.0
Calarcá,Colombia,4.52949,-75.64091,1539.6
Cajicá,Colombia,4.91857,-74.02799,2558.9
Caicedonia,Colombia,4.3324,-75.82665,1165.6
Buga,Colombia,3.90089,-76.29783,977.7
Buenaventura,Colombia,3.8801,-77.03116,17.9
Buenaventura,Colombia,3.58333,-77,144.3
Bucaramanga,Colombia,7.12539,-73.1198,995.0
Bogotá,Colombia,4.60971,-74.08175,2582.9
Bello,Colombia,6.33732,-75.55795,1445.5
Belén de Umbría,Colombia,5.20087,-75.86865,1504.0
Barranquilla,Colombia,10.96854,-74.78132,20.7
Barrancas,Colombia,10.95756,-72.78769,151.4
Barrancabermeja,Colombia,7.06528,-73.85472,85.4
Barbosa,Colombia,6.43809,-75.33136,1300.9
Barbosa,Colombia,5.93168,-73.61507,1581.0
Baranoa,Colombia,10.79408,-74.9164,115.9
Ayapel,Colombia,8.31372,-75.13982,24.2
Armenia,Colombia,4.53389,-75.68111,1477.2
Arjona,Colombia,10.25444,-75.34389,62.7
Ariguaní,Colombia,10.25,-74,132.0
Arauca,Colombia,7.08471,-70.75908,132.6
Aracataca,Colombia,10.59181,-74.18983,34.3
Apartadó,Colombia,7.88299,-76.62587,30.9
Anserma,Colombia,5.33278,-75.79111,2082.4
Los Andes,Colombia,5.6561,-75.87877,1294.1
Andalucía,Colombia,4.17061,-76.16641,956.9
Aguazul,Colombia,5.17282,-72.54706,275.4
Aguadas,Colombia,5.61161,-75.45624,2144.9
Aguachica,Colombia,8.30844,-73.6166,164.4
Acacías,Colombia,3.98695,-73.75797,524.5
Morales,Colombia,2.75701,-76.61723,1676.2
Carepa,Colombia,7.75849,-76.65255,39.0
Ciudad Bolívar,Colombia,5.85389,-76.02528,1319.5
Agustín Codazzi,Colombia,10.03672,-73.23558,134.7
Plato,Colombia,9.79029,-74.78244,23.7
San José del Guaviare,Colombia,2.57286,-72.64591,186.2
Turrialba,Costa Rica,9.90467,-83.68352,644.2
Tejar,Costa Rica,9.74622,-84.23368,964.9
Siquirres,Costa Rica,10.09748,-83.50659,65.6
San Vicente,Costa Rica,9.96016,-84.04762,1230.4
San Rafael Arriba,Costa Rica,9.87556,-84.07661,1201.9
San Rafael Abajo,Costa Rica,9.831,-84.29008,821.9
San Rafael,Costa Rica,10.06383,-84.46765,1047.4
San Rafael,Costa Rica,9.92787,-84.13722,1050.7
San Pedro,Costa Rica,9.92829,-84.05074,1196.0
San Pablo,Costa Rica,9.99559,-84.09656,1200.0
San Miguel,Costa Rica,9.87121,-84.06084,1214.5
San Juan de Dios,Costa Rica,9.8773,-84.0847,1204.5
San Juan,Costa Rica,9.95974,-84.08165,1148.2
San José,Costa Rica,10.95173,-85.1361,45.9
San José,Costa Rica,9.93333,-84.08333,1158.5
San Isidro,Costa Rica,9.3721,-83.70399,696.9
San Francisco,Costa Rica,9.99299,-84.12934,1123.9
San Felipe,Costa Rica,9.90488,-84.10551,1117.9
San Diego,Costa Rica,9.89898,-84.00287,1271.7
Quesada,Costa Rica,10.32381,-84.42714,659.8
Purral,Costa Rica,9.95808,-84.0305,1272.2
Puntarenas,Costa Rica,9.97625,-84.83836,4.5
Limón,Costa Rica,9.99074,-83.03596,22.6
Patarrá,Costa Rica,9.88071,-84.03501,1180.1
Paraíso,Costa Rica,9.83832,-83.86557,1325.2
Nicoya,Costa Rica,10.15038,-85.45093,124.4
Mercedes,Costa Rica,10.00695,-84.13396,1105.8
Liberia,Costa Rica,10.63504,-85.43772,146.1
Ipís,Costa Rica,9.96745,-84.01326,1349.3
Heredia,Costa Rica,10.00236,-84.11651,1174.1
Guápiles,Costa Rica,10.21682,-83.78483,250.8
Guadalupe,Costa Rica,9.94805,-84.05665,1195.7
Esparza,Costa Rica,9.99447,-84.66466,210.4
Curridabat,Costa Rica,9.91179,-84.03407,1208.6
Colima,Costa Rica,9.95091,-84.08503,1144.4
Chacarita,Costa Rica,9.98424,-84.77892,5.1
Cartago,Costa Rica,9.86444,-83.91944,1436.5
Cañas,Costa Rica,10.43105,-85.09825,83.7
Calle Blancos,Costa Rica,9.95,-84.06667,1185.0
Aserrí,Costa Rica,9.85876,-84.0923,1325.4
Alajuela,Costa Rica,10.01625,-84.21163,954.6
San Vicente de Moravia,Costa Rica,9.96164,-84.0488,1232.3
Yara,Cuba,20.2733,-76.95399,29.4
Yaguajay,Cuba,22.32722,-79.23778,30.0
Viñales,Cuba,22.61243,-83.71136,147.9
Vertientes,Cuba,21.25528,-78.15338,66.0
Venezuela,Cuba,21.73528,-78.79639,21.7
Varadero,Cuba,23.15678,-81.24441,6.6
Urbano Noris,Cuba,20.60101,-76.13188,94.7
Unión de Reyes,Cuba,22.79528,-81.5375,52.9
Trinidad,Cuba,21.80194,-79.98417,66.3
Sibanicú,Cuba,21.235,-77.52639,91.3
Santo Domingo,Cuba,22.58667,-80.24361,47.2
Santiago de las Vegas,Cuba,22.97,-82.38694,91.5
Santiago de Cuba,Cuba,20.02472,-75.82194,65.1
Santa Cruz del Sur,Cuba,20.71176,-77.9986,3.9
Santa Cruz del Norte,Cuba,23.15374,-81.92611,9.0
Santa Clara,Cuba,22.4,-79.96667,122.3
San Miguel del Padrón,Cuba,23.06639,-82.29472,91.1
San Luis,Cuba,20.1875,-75.85083,194.3
San José de las Lajas,Cuba,22.96139,-82.15111,135.4
Sancti Spíritus,Cuba,21.92972,-79.4425,64.5
San Cristobal,Cuba,22.71658,-83.05647,60.5
San Antonio de los Baños,Cuba,22.89111,-82.49917,58.9
Sagua la Grande,Cuba,22.80667,-80.07556,11.6
Sagua de Tánamo,Cuba,20.58194,-75.24139,26.7
Rodas,Cuba,22.33794,-80.55538,21.1
Río Guayabal de Yateras,Cuba,20.36667,-75.01667,431.6
Río Cauto,Cuba,20.56284,-76.92122,10.3
Remedios,Cuba,22.49303,-79.54488,22.0
Regla,Cuba,23.125,-82.33194,11.8
Ranchuelo,Cuba,22.37266,-80.15046,106.9
Puerto Padre,Cuba,21.19449,-76.60355,22.6
Primero de Enero,Cuba,21.94694,-78.42833,18.6
Placetas,Cuba,22.31194,-79.65333,197.8
Pinar del Río,Cuba,22.4175,-83.69806,52.1
Perico,Cuba,22.76917,-81.01889,32.7
Pedro Betancourt,Cuba,22.72467,-81.28853,18.6
Palmira,Cuba,22.24167,-80.39028,64.6
Palma Soriano,Cuba,20.21238,-75.99843,146.3
Nuevitas,Cuba,21.54528,-77.26444,25.8
Nueva Gerona,Cuba,21.88333,-82.8,2.0
Niquero,Cuba,20.04478,-77.5851,7.1
Morón,Cuba,22.10944,-78.6275,11.7
Moa,Cuba,20.65776,-74.95075,29.5
Minas de Matahambre,Cuba,22.5875,-83.945,122.2
Minas,Cuba,21.48833,-77.61832,70.8
Media Luna,Cuba,20.14001,-77.43658,12.8
Matanzas,Cuba,23.04111,-81.5775,5.1
Mariel,Cuba,22.9875,-82.75361,9.0
Manzanillo,Cuba,20.34333,-77.11667,18.5
Manicaragua,Cuba,22.15021,-79.97867,143.9
Maisí,Cuba,20.24673,-74.15181,14.0
Madruga,Cuba,22.91139,-81.85611,160.9
Los Palacios,Cuba,22.58722,-83.24861,45.4
Las Tunas,Cuba,20.96167,-76.95111,90.3
La Sierpe,Cuba,21.75722,-79.24306,31.4
La Salud,Cuba,22.86991,-82.42193,56.2
Havana,Cuba,23.13302,-82.38304,29.9
Jovellanos,Cuba,22.80444,-81.19444,39.5
Jobabo,Cuba,20.96917,-76.29944,85.7
Jobabo,Cuba,20.90508,-77.28819,40.9
Jiguaní,Cuba,20.36667,-76.42722,113.0
Jesús Menéndez,Cuba,21.16,-76.47889,13.7
Jatibonico,Cuba,21.941,-79.17484,72.7
Jaruco,Cuba,23.04306,-82.01083,124.6
Jagüey Grande,Cuba,22.52694,-81.12861,12.8
Holguín,Cuba,20.88722,-76.26306,140.8
Guisa,Cuba,20.25101,-76.54152,191.8
Güira de Melena,Cuba,22.79274,-82.50823,14.9
Güines,Cuba,22.83611,-82.02806,61.9
Guantánamo,Cuba,20.14444,-75.20917,53.1
Guane,Cuba,22.2025,-84.0875,16.5
Guanajay,Cuba,22.92639,-82.6875,107.4
Guanabacoa,Cuba,23.12389,-82.30028,29.5
Guáimaro,Cuba,21.05176,-77.35021,80.9
Gibara,Cuba,21.10972,-76.13167,19.4
Fomento,Cuba,22.1001,-79.71913,118.7
Florida,Cuba,21.52472,-78.22583,64.6
Florencia,Cuba,22.14518,-78.97764,97.3
Esmeralda,Cuba,21.85155,-78.12005,32.2
Encrucijada,Cuba,22.61611,-79.86458,51.3
Cumanayagua,Cuba,22.15247,-80.20354,58.9
Cueto,Cuba,20.64855,-75.92967,61.6
Cruces,Cuba,22.34175,-80.27028,93.6
Corralillo,Cuba,22.98194,-80.58556,28.8
Contramaestre,Cuba,20.29778,-76.24139,75.8
Consolación del Sur,Cuba,22.50528,-83.51095,63.3
Condado,Cuba,21.87667,-79.84028,32.1
Colón,Cuba,22.71917,-80.90583,53.0
Colombia,Cuba,20.98806,-77.42972,65.2
Ciro Redondo,Cuba,22.01921,-78.70365,42.5
Cifuentes,Cuba,22.6493,-80.04935,62.8
Cienfuegos,Cuba,22.14957,-80.44662,11.8
Ciego de Ávila,Cuba,21.84,-78.76194,47.0
Chambas,Cuba,22.18736,-78.91569,42.1
Cerro,Cuba,23.10861,-82.37778,23.7
Cauto Cristo,Cuba,20.55639,-76.47444,45.8
Cárdenas,Cuba,23.0375,-81.20472,6.4
Campechuela,Cuba,20.23417,-77.27889,14.1
Camajuaní,Cuba,22.48333,-79.75,77.8
Camagüey,Cuba,21.38083,-77.91694,99.9
Calimete,Cuba,22.5342,-80.91105,24.0
Caibarién,Cuba,22.52056,-79.46694,4.3
Cacocum,Cuba,20.73668,-76.32646,70.9
Cabaiguán,Cuba,22.07889,-79.49917,133.0
Bejucal,Cuba,22.92861,-82.38861,108.5
Bayamo,Cuba,20.37917,-76.64333,55.4
Bauta,Cuba,22.98278,-82.54639,66.3
Bartolomé Masó,Cuba,20.16303,-76.94443,70.0
Baraguá,Cuba,21.68216,-78.62567,6.9
Baracoa,Cuba,20.34659,-74.49675,13.9
Banes,Cuba,20.9625,-75.71861,39.9
Bahía Honda,Cuba,22.90361,-83.15917,16.8
Artemisa,Cuba,22.81306,-82.76194,43.0
Arroyo Naranjo,Cuba,23.03611,-82.37167,78.9
Amancio,Cuba,20.8225,-77.57861,29.7
Alquízar,Cuba,22.80583,-82.58417,18.5
Alamar,Cuba,23.15833,-82.27694,36.4
Aguada de Pasajeros,Cuba,22.3852,-80.84792,22.8
Abreus,Cuba,22.2775,-80.5675,19.9
Habana del Este,Cuba,23.15917,-82.33056,15.8
Centro Habana,Cuba,23.13833,-82.36417,20.5
La Habana Vieja,Cuba,23.13028,-82.35306,13.1
Báguanos,Cuba,20.75167,-76.02694,78.2
Jimaguayú,Cuba,21.24278,-77.82778,111.2
Arroyo Naranjo,Cuba,23.0144,-82.3031,86.3
Boyeros,Cuba,23.0072,-82.4017,63.1
Diez de Octubre,Cuba,23.0881,-82.3597,64.3
Santa Maria,Cape Verde,16.6,-22.9,3.1
Praia,Cape Verde,14.93152,-23.51254,20.6
Mindelo,Cape Verde,16.89014,-24.98042,39.9
Cova Figueira,Cape Verde,14.89054,-24.29343,479.1
Willemstad,Curacao,12.1084,-68.93354,0.0
Flying Fish Cove,Christmas Island,-10.42172,105.67912,136.5
Protaras,Cyprus,35.0125,34.05833,5.3
Paphos,Cyprus,34.77679,32.42451,76.8
Nicosia,Cyprus,35.17531,33.3642,149.3
Limassol,Cyprus,34.68406,33.03794,23.8
Larnaca,Cyprus,34.92291,33.6233,8.8
Kyrenia,Cyprus,35.33634,33.31729,21.5
Famagusta,Cyprus,35.12054,33.93894,16.0
Dvůr Králové nad Labem,Czech Republic,50.43172,15.81402,300.7
Znojmo,Czech Republic,48.8555,16.0488,289.7
Zlín,Czech Republic,49.22645,17.67065,227.5
Žďár nad Sázavou Druhy,Czech Republic,49.58726,15.93215,579.5
Žďár nad Sázavou,Czech Republic,49.56263,15.93924,579.0
Žatec,Czech Republic,50.32717,13.54577,240.2
Vyškov,Czech Republic,49.27747,16.99897,254.1
Vsetín,Czech Republic,49.33871,17.99619,344.2
Varnsdorf,Czech Republic,50.91154,14.61824,336.9
Valašské Meziříčí,Czech Republic,49.47181,17.97113,311.6
Ústí nad Orlicí,Czech Republic,49.97387,16.39361,349.1
Ústí nad Labem,Czech Republic,50.6607,14.03227,145.9
Uherský Brod,Czech Republic,49.02513,17.64715,244.2
Uherské Hradiště,Czech Republic,49.06975,17.45969,186.6
Trutnov,Czech Republic,50.56101,15.9127,427.4
Třinec,Czech Republic,49.67763,18.67078,308.7
Třebíč,Czech Republic,49.21492,15.88166,410.1
Teplice,Czech Republic,50.6404,13.82451,224.5
Tábor,Czech Republic,49.41441,14.6578,450.4
Svitavy,Czech Republic,49.75594,16.46829,445.9
Šumperk,Czech Republic,49.96528,16.97061,334.2
Strakonice,Czech Republic,49.26141,13.90237,403.7
Starý Bohumín,Czech Republic,49.9169,18.33619,201.1
Sokolov,Czech Republic,50.1813,12.6401,404.4
Slaný,Czech Republic,50.23046,14.08693,283.9
Rožnov pod Radhoštěm,Czech Republic,49.45853,18.14302,379.0
Rakovník,Czech Republic,50.1037,13.7334,322.3
Prostějov,Czech Republic,49.47188,17.11184,227.0
Prosek,Czech Republic,50.11525,14.50685,250.5
Příbram,Czech Republic,49.68988,14.01043,509.1
Přerov,Czech Republic,49.45511,17.4509,224.8
Prague,Czech Republic,50.08804,14.42076,191.1
Pilsen,Czech Republic,49.74747,13.37759,312.5
Písek,Czech Republic,49.3088,14.1475,371.3
Pelhřimov,Czech Republic,49.43134,15.22336,498.1
Pardubice,Czech Republic,50.04075,15.77659,225.3
Otrokovice,Czech Republic,49.21667,17.51667,186.3
Otrokovice,Czech Republic,49.20934,17.53944,198.4
Ostrov,Czech Republic,50.30592,12.93907,404.7
Ostrava,Czech Republic,49.83465,18.28204,214.6
Orlová,Czech Republic,49.84527,18.43011,231.7
Opava,Czech Republic,49.93866,17.90257,262.8
Olomouc,Czech Republic,49.59552,17.25175,224.6
Nový Jičín,Czech Republic,49.59438,18.01028,291.1
Neratovice,Czech Republic,50.25926,14.51759,170.3
Náchod,Czech Republic,50.4167,16.16289,344.8
Most,Czech Republic,50.50301,13.63617,279.0
Modřany,Czech Republic,50.01116,14.4096,233.2
Mladá Boleslav,Czech Republic,50.41135,14.90318,236.8
Mělník,Czech Republic,50.3505,14.47411,224.5
Louny,Czech Republic,50.35699,13.79667,204.6
Litvínov,Czech Republic,50.6042,13.61812,343.0
Litoměřice,Czech Republic,50.53348,14.1318,170.0
Liberec,Czech Republic,50.76711,15.05619,363.5
Libeň,Czech Republic,50.10819,14.47457,196.3
Letňany,Czech Republic,50.13333,14.51667,277.3
Kutná Hora,Czech Republic,49.94839,15.26816,254.2
Kroměříž,Czech Republic,49.29785,17.39312,212.0
Krnov,Czech Republic,50.08967,17.70385,324.8
Kralupy nad Vltavou,Czech Republic,50.24107,14.31149,176.8
Kopřivnice,Czech Republic,49.59947,18.1448,320.6
Kolín,Czech Republic,50.02814,15.20057,211.7
Klatovy,Czech Republic,49.39552,13.29505,417.2
Klášterec nad Ohří,Czech Republic,50.3886,13.18342,321.4
Kladno,Czech Republic,50.14734,14.10285,387.0
Karviná,Czech Republic,49.854,18.54169,241.7
Karlovy Vary,Czech Republic,50.23271,12.87117,372.7
Kadaň,Czech Republic,50.38333,13.26667,302.2
Kadaň,Czech Republic,50.37598,13.27131,302.0
Jirkov,Czech Republic,50.49979,13.44769,305.9
Jindřichův Hradec,Czech Republic,49.14404,15.00301,477.8
Jihlava,Czech Republic,49.3961,15.59124,525.7
Jičín,Czech Republic,50.43723,15.35162,283.9
Jablonec nad Nisou,Czech Republic,50.72431,15.17108,521.2
Hranice,Czech Republic,49.54796,17.73469,262.0
Hradec Králové,Czech Republic,50.20923,15.83277,245.0
Hodonín,Czech Republic,48.84893,17.13244,166.7
Havlíčkův Brod,Czech Republic,49.60785,15.58069,425.1
Havířov,Czech Republic,49.77984,18.43688,276.8
Frýdek-Místek,Czech Republic,49.68333,18.35,283.3
Děčín,Czech Republic,50.78215,14.21478,139.8
Chrudim,Czech Republic,49.95109,15.79558,275.0
Chomutov,Czech Republic,50.46048,13.41779,339.2
Cheb,Czech Republic,50.07963,12.37392,442.0
Český Těšín,Czech Republic,49.74613,18.62613,274.0
České Budějovice,Czech Republic,48.97447,14.47434,386.9
Česká Třebová,Czech Republic,49.90436,16.44413,368.2
Česká Lípa,Czech Republic,50.68551,14.53764,259.0
Bruntál,Czech Republic,49.98844,17.4647,548.5
Brno,Czech Republic,49.19522,16.60796,218.9
Břeclav,Czech Republic,48.75897,16.88203,164.7
Braník,Czech Republic,50.03597,14.41235,199.4
Brandýs nad Labem-Stará Boleslav,Czech Republic,50.18709,14.66326,187.3
Bohumín,Czech Republic,49.90411,18.35755,201.6
Blansko,Czech Republic,49.36304,16.64446,279.6
Bílina Kyselka,Czech Republic,50.55,13.76667,213.4
Bílina,Czech Republic,50.54854,13.77535,206.3
Beroun,Czech Republic,49.96382,14.072,221.2
Benešov,Czech Republic,49.78162,14.68697,360.3
Černý Most,Czech Republic,50.10475,14.57974,250.3
Zwickau,Germany,50.72724,12.48839,265.5
Zweibrücken,Germany,49.24686,7.36977,244.1
Zulpich,Germany,50.69447,6.65414,174.4
Zossen,Germany,52.216,13.44909,43.6
Zittau,Germany,50.89772,14.80764,251.4
Zirndorf,Germany,49.4424,10.95414,307.2
Zerbst,Germany,51.9662,12.08517,67.4
Zeitz,Germany,51.04962,12.1369,191.3
Zehlendorf,Germany,52.43333,13.25,44.5
Xanten,Germany,51.65877,6.45297,23.1
Wurzen,Germany,51.3707,12.73939,125.7
Würzburg,Germany,49.79391,9.95121,212.1
Würselen,Germany,50.81809,6.1347,190.6
Wuppertal,Germany,51.27027,7.16755,191.6
Wunstorf,Germany,52.42377,9.43585,46.8
Wülfrath,Germany,51.28195,7.03821,185.6
Wörth am Rhein,Germany,49.04888,8.25959,113.1
Worms,Germany,49.63278,8.35916,101.2
Wolfsburg,Germany,52.42452,10.7815,61.1
Wolfratshausen,Germany,47.91289,11.42166,579.3
Wolfenbüttel,Germany,52.16442,10.54095,83.1
Wolfen,Germany,51.66122,12.26873,88.6
Witzenhausen,Germany,51.34103,9.8554,151.7
Wittstock,Germany,53.16118,12.48287,67.8
Wittmund,Germany,53.57674,7.77839,4.0
Wittlich,Germany,49.98596,6.89308,178.7
Wittenberge,Germany,53.00543,11.75032,23.6
Wittenau,Germany,52.59319,13.32127,40.8
Witten,Germany,51.44362,7.35258,116.8
Wismar,Germany,53.89314,11.45286,4.3
Wipperfürth,Germany,51.1161,7.39865,281.9
Winterhude,Germany,53.6,10,21.5
Winsen,Germany,53.35753,10.21282,9.2
Winnenden,Germany,48.87563,9.39819,295.2
Wilnsdorf,Germany,50.81667,8.1,394.6
Wilmersdorf,Germany,52.48333,13.31667,42.5
Willich,Germany,51.26371,6.54734,42.6
Wilhelmstadt,Germany,52.52462,13.17707,31.4
Wilhelmshaven,Germany,53.52998,8.11253,3.8
Wildeshausen,Germany,52.89446,8.43375,27.4
Wiesloch,Germany,49.29504,8.69846,134.2
Wiesbaden,Germany,50.08258,8.24932,124.8
Wiehl,Germany,50.9495,7.55062,201.9
Wetzlar,Germany,50.56109,8.50495,167.5
Wetter (Ruhr),Germany,51.38747,7.39277,129.0
Westerstede,Germany,53.25682,7.92737,10.1
Westend,Germany,52.51708,13.27636,61.2
Wesseling,Germany,50.82709,6.9747,50.3
Wesel,Germany,51.6669,6.62037,23.8
Wertheim,Germany,49.759,9.50852,174.2
Wernigerode,Germany,51.83652,10.78216,238.5
Werne,Germany,51.66446,7.63421,63.2
Wermelskirchen,Germany,51.1397,7.21583,297.9
Werl,Germany,51.55493,7.91403,91.3
Werdohl,Germany,51.26011,7.76608,200.4
Werder,Germany,52.37874,12.934,33.7
Werdau,Germany,50.73604,12.37534,275.0
Wendlingen am Neckar,Germany,48.67124,9.37632,269.4
Wenden,Germany,50.96667,7.86667,406.1
Wendelstein,Germany,49.3523,11.15069,343.3
Weiterstadt,Germany,49.9039,8.58874,106.1
Weißwasser,Germany,51.50403,14.64017,140.0
Weißenfels,Germany,51.20148,11.96843,102.8
Weißenburg in Bayern,Germany,49.03095,10.97221,427.8
Weinstadt-Endersbach,Germany,48.81311,9.36387,233.6
Weinheim,Germany,49.54887,8.66697,121.7
Weingarten,Germany,47.81009,9.63863,460.9
Weimar,Germany,50.9803,11.32903,221.5
Weilheim,Germany,47.84147,11.15484,574.2
Weilerswist,Germany,50.76667,6.83333,114.8
Weil der Stadt,Germany,48.74953,8.87176,397.0
Weil am Rhein,Germany,47.59331,7.62082,280.0
Weiden,Germany,49.67682,12.15613,403.4
Weißensee,Germany,52.55632,13.46649,56.6
Wegberg,Germany,51.14221,6.28436,65.7
Weener,Germany,53.16332,7.35052,5.6
Wedel,Germany,53.58374,9.69835,11.0
Wedding,Germany,52.54734,13.35594,43.5
Wassenberg,Germany,51.10009,6.15484,48.4
Warstein,Germany,51.44488,8.34851,341.0
Warendorf,Germany,51.95109,7.98756,59.9
Waren,Germany,53.5204,12.67985,69.3
Wardenburg,Germany,53.06667,8.2,5.0
Warburg,Germany,51.49011,9.14641,199.4
Wangen im Allgäu,Germany,47.6895,9.83247,570.4
Wandlitz,Germany,52.74196,13.45799,62.9
Waltrop,Germany,51.62125,7.40238,70.4
Walsrode,Germany,52.86147,9.5926,40.8
Wallenhorst,Germany,52.35,8.01667,97.3
Waldshut-Tiengen,Germany,47.62323,8.21717,342.9
Waldkraiburg,Germany,48.20854,12.39893,439.7
Waldkirch,Germany,48.09585,7.96371,267.0
Waldbröl,Germany,50.87576,7.61688,280.0
Waiblingen,Germany,48.83241,9.31641,235.7
Waghäusel,Germany,49.24991,8.51257,104.8
Wadgassen,Germany,49.26667,6.78333,228.7
Wadern,Germany,49.54122,6.88774,296.8
Wachtberg,Germany,50.63333,7.1,193.3
Vreden,Germany,52.03792,6.828,40.9
Völklingen,Germany,49.25162,6.85873,198.1
Voerde,Germany,51.59703,6.6863,26.1
Vlotho,Germany,52.1653,8.85996,61.7
Vilshofen,Germany,48.62695,13.19222,317.8
Villingen-Schwenningen,Germany,48.06226,8.49358,756.4
Viersen,Germany,51.25435,6.39441,40.2
Viernheim,Germany,49.54033,8.5782,102.0
Versmold,Germany,52.04009,8.15272,71.3
Verl,Germany,51.88333,8.51667,91.5
Verden,Germany,52.92343,9.23491,30.7
Velbert,Germany,51.33537,7.04348,236.7
Vechta,Germany,52.72632,8.28598,33.4
Vechelde,Germany,52.26038,10.36491,82.1
Vaterstetten,Germany,48.10537,11.76825,546.1
Varel,Germany,53.39693,8.13621,8.5
Vaihingen an der Enz,Germany,48.93563,8.96045,233.8
Uetersen,Germany,53.68769,9.66394,8.9
Uslar,Germany,51.6569,9.63501,167.7
Unterschleißheim,Germany,48.28038,11.57684,472.6
Unterhaching,Germany,48.06598,11.61564,560.0
Unterkrozingen,Germany,47.91933,7.69045,225.6
Unna,Germany,51.53795,7.68969,103.5
Ulm,Germany,48.39841,9.99155,478.2
Uelzen,Germany,52.96572,10.56111,41.6
Überlingen,Germany,47.76977,9.17136,428.9
Übach-Palenberg,Germany,50.93333,6.11667,112.9
Tuttlingen,Germany,47.98464,8.8177,650.0
Tübingen,Germany,48.52266,9.05222,331.9
Trossingen,Germany,48.07667,8.64409,682.7
Troisdorf,Germany,50.80901,7.14968,52.4
Trier,Germany,49.75565,6.63935,139.4
Traunstein,Germany,47.86825,12.64335,593.1
Traunreut,Germany,47.96269,12.59231,553.7
Torgau,Germany,51.56016,12.99617,85.7
Tönisvorst,Germany,51.32092,6.49412,42.7
Tettnang,Germany,47.66857,9.59132,469.1
Templin,Germany,53.11865,13.5022,62.7
Tempelhof,Germany,52.46667,13.4,47.1
Teltow,Germany,52.4031,13.26014,39.7
Telgte,Germany,51.97995,7.78293,54.1
Tegel,Germany,52.57601,13.29389,36.7
Taunusstein,Germany,50.14993,8.15206,372.1
Taufkirchen,Germany,48.0486,11.61701,558.6
Syke,Germany,52.91345,8.82209,24.6
Sundern,Germany,51.3281,8.00369,253.2
Sulzbach-Rosenberg,Germany,49.50126,11.74598,398.1
Sulzbach,Germany,49.29882,7.05696,244.4
Suhl,Germany,50.60911,10.69401,444.5
Stuttgart,Germany,48.78232,9.17702,253.0
Stuhr,Germany,53.03333,8.75,3.4
Strausberg,Germany,52.57859,13.88741,67.1
Straubing,Germany,48.88126,12.57385,332.0
Stralsund,Germany,54.30911,13.0818,8.4
Straelen,Germany,51.4419,6.26639,45.7
Stolberg,Germany,50.77368,6.22595,182.9
Stockelsdorf,Germany,53.8922,10.64713,29.8
Stockach,Germany,47.85105,9.0091,473.3
Stendal,Germany,52.6069,11.85867,38.3
Stellingen,Germany,53.5922,9.9287,25.2
Steinhagen,Germany,52,8.4,94.1
Steinfurt,Germany,52.15045,7.33664,60.8
Steilshoop,Germany,53.61028,10.05917,24.6
Steglitz,Germany,52.45606,13.332,50.2
Staßfurt,Germany,51.85186,11.58508,68.2
Starnberg,Germany,48.00193,11.34416,592.4
Stadtlohn,Germany,51.99399,6.91918,50.2
Stadthagen,Germany,52.32333,9.20311,75.7
Stadtallendorf,Germany,50.82261,9.01294,237.5
Stade,Germany,53.59337,9.47629,13.7
Staaken,Germany,52.53661,13.15057,33.8
Sprockhövel,Germany,51.34669,7.24343,226.9
Springe,Germany,52.20845,9.55416,109.1
Speyer,Germany,49.32083,8.43111,108.0
Spenge,Germany,52.14021,8.48475,89.4
Sonthofen,Germany,47.51821,10.28262,745.5
Sonneberg,Germany,50.3592,11.17463,398.0
Sondershausen,Germany,51.36973,10.87011,190.8
Sömmerda,Germany,51.15914,11.11524,140.0
Soltau,Germany,52.98638,9.84338,62.3
Solingen,Germany,51.17343,7.0845,240.3
Soest,Germany,51.57558,8.10619,90.8
Sinzig,Germany,50.54384,7.24639,77.8
Sinsheim,Germany,49.2529,8.87867,159.7
Singen,Germany,47.75935,8.8403,429.6
Sindelfingen,Germany,48.7,9.01667,468.9
Simmerath,Germany,50.6,6.3,533.4
Sigmaringen,Germany,48.08829,9.23033,593.9
Siegen,Germany,50.87481,8.02431,278.4
Siegburg,Germany,50.80019,7.20769,69.0
Senftenberg,Germany,51.52517,14.00164,105.2
Senden,Germany,51.85,7.5,62.0
Senden,Germany,48.32441,10.04442,489.7
Selm,Germany,51.69689,7.46809,56.6
Seligenstadt,Germany,50.0432,8.97394,110.4
Selb,Germany,50.17058,12.13054,544.6
Sehnde,Germany,52.31394,9.9682,64.9
Seevetal,Germany,53.4,9.96667,45.6
Seesen,Germany,51.89095,10.17847,214.8
Seelze,Germany,52.39635,9.59727,49.8
Schwetzingen,Germany,49.38217,8.5823,103.9
Schwerte,Germany,51.44387,7.5675,123.6
Schwerin,Germany,53.62937,11.41316,49.2
Schwelm,Germany,51.28635,7.29388,231.1
Schweinfurt,Germany,50.04937,10.22175,231.5
Schwedt (Oder),Germany,53.05963,14.28154,4.3
Schwarzenberg,Germany,50.53791,12.78522,465.6
Schwanewede,Germany,53.23333,8.6,12.2
Schwandorf in Bayern,Germany,49.32534,12.1098,361.8
Schwalmtal,Germany,51.21667,6.26667,61.9
Schwalmstadt,Germany,50.93333,9.21667,232.9
Schwalbach,Germany,49.3,6.81667,207.5
Schwäbisch Hall,Germany,49.11127,9.73908,324.9
Schwäbisch Gmünd,Germany,48.79947,9.79809,327.8
Schwabach,Germany,49.33047,11.02346,326.7
Schrobenhausen,Germany,48.56067,11.26071,411.9
Schramberg,Germany,48.22399,8.38583,435.5
Schortens,Germany,53.53333,7.95,6.5
Schorndorf,Germany,48.80537,9.52721,259.8
Schopfheim,Germany,47.65105,7.82089,375.6
Schöneberg,Germany,52.46667,13.35,45.7
Schönebeck,Germany,52.01682,11.7307,52.2
Schneverdingen,Germany,53.11685,9.79524,97.4
Schneeberg,Germany,50.59465,12.64139,470.5
Schmelz,Germany,49.43333,6.85,217.5
Schmargendorf,Germany,52.47517,13.29071,46.7
Schmallenberg,Germany,51.15473,8.28505,404.8
Schmalkalden,Germany,50.72136,10.44386,294.8
Schlüchtern,Germany,50.34891,9.52532,207.2
Schleswig,Germany,54.52156,9.5586,28.3
Schkeuditz,Germany,51.39678,12.22141,110.7
Schiffweiler,Germany,49.36667,7.13333,289.9
Schifferstadt,Germany,49.38417,8.3775,105.1
Saulgau,Germany,48.01676,9.50064,591.3
Sasel,Germany,53.65385,10.11184,35.3
Sarstedt,Germany,52.23495,9.85411,66.2
Sankt Wendel,Germany,49.46633,7.16814,276.4
Sankt Ingbert,Germany,49.27697,7.11672,236.4
Sankt Augustin,Germany,50.77538,7.197,67.7
Sangerhausen,Germany,51.47221,11.29533,153.6
Salzwedel,Germany,52.85435,11.1525,21.4
Salzkotten,Germany,51.6717,8.60092,98.6
Saarlouis,Germany,49.31366,6.75154,186.5
Saarbrücken,Germany,49.2354,6.98165,193.3
Saalfeld,Germany,50.64826,11.36536,228.7
Rüsselsheim,Germany,49.98955,8.42251,88.7
Rummelsburg,Germany,52.50146,13.4934,43.3
Rudow,Germany,52.42407,13.48529,37.7
Rudolstadt,Germany,50.72043,11.34046,195.9
Rottweil,Germany,48.16783,8.62719,601.0
Rottenburg,Germany,48.47629,8.93528,346.4
Roth,Germany,49.24762,11.09111,335.3
Rotenburg,Germany,53.11125,9.41082,24.1
Rostock,Germany,54.0887,12.14049,17.3
Rösrath,Germany,50.89559,7.18175,84.4
Rosenheim,Germany,47.85637,12.12247,446.0
Ronnenberg,Germany,52.31939,9.65544,69.9
Rinteln,Germany,52.18604,9.07917,59.6
Rietberg,Germany,51.80924,8.42841,80.8
Riesa,Germany,51.30777,13.29168,113.1
Riegelsberg,Germany,49.3,6.93333,319.4
Ribnitz-Damgarten,Germany,54.2422,12.45666,5.4
Rheinfelden (Baden),Germany,47.56013,7.78715,279.3
Rheine,Germany,52.28509,7.44055,41.1
Rheinberg,Germany,51.54649,6.59525,21.4
Rheinbach,Germany,50.62562,6.94911,181.0
Rhede,Germany,51.83537,6.69602,30.2
Rheda-Wiedenbrück,Germany,51.84967,8.30017,66.0
Reutlingen,Germany,48.49144,9.20427,375.5
Renningen,Germany,48.76974,8.93871,405.9
Rendsburg,Germany,54.30663,9.66313,7.0
Remscheid,Germany,51.17983,7.1925,352.1
Remagen,Germany,50.57879,7.22703,67.1
Reinickendorf,Germany,52.56667,13.33333,39.3
Reinheim,Germany,49.82923,8.83572,167.5
Reinbek,Germany,53.51703,10.2488,40.4
Reichenbach/Vogtland,Germany,50.62279,12.30344,377.9
Regensburg,Germany,49.01513,12.10161,341.9
Rees,Germany,51.76263,6.39778,19.1
Recklinghausen,Germany,51.61379,7.19738,83.7
Ravensburg,Germany,47.78198,9.61062,449.7
Ratingen,Germany,51.29724,6.84929,61.9
Rathenow,Germany,52.60659,12.33696,33.4
Ratekau,Germany,53.95,10.73333,19.3
Rastede,Germany,53.25,8.2,15.1
Rastatt,Germany,48.85851,8.20965,128.9
Rahden,Germany,52.43367,8.61263,50.0
Radolfzell am Bodensee,Germany,47.74194,8.97098,412.2
Radevormwald,Germany,51.20219,7.36027,373.8
Radebeul,Germany,51.10654,13.66047,116.9
Radeberg,Germany,51.11112,13.91199,241.2
Quickborn,Germany,53.72831,9.90934,29.3
Quedlinburg,Germany,51.78843,11.15006,122.5
Püttlingen,Germany,49.2855,6.88723,230.3
Pulheim,Germany,50.99965,6.80632,46.8
Puchheim,Germany,48.15,11.35,526.3
Prenzlauer Berg,Germany,52.53878,13.42443,60.1
Prenzlau,Germany,53.31625,13.86261,32.8
Preetz,Germany,54.2354,10.27795,32.9
Potsdam,Germany,52.39886,13.06566,33.0
Porta Westfalica,Germany,52.23779,8.91901,60.9
Poppenbüttel,Germany,53.65917,10.08472,22.9
Plettenberg,Germany,51.20949,7.87261,226.2
Plauen,Germany,50.4973,12.13782,362.5
Pirna,Germany,50.95843,13.93702,124.5
Pirmasens,Germany,49.20145,7.60529,400.8
Pinneberg,Germany,53.66732,9.78936,14.4
Pfungstadt,Germany,49.80557,8.60307,105.4
Pfullingen,Germany,48.46458,9.22796,429.3
Pforzheim,Germany,48.88436,8.69892,259.8
Pfaffenhofen an der Ilm,Germany,48.53053,11.505,433.0
Petershagen,Germany,52.37513,8.96538,45.6
Penzberg,Germany,47.75293,11.377,597.9
Peine,Germany,52.31928,10.2352,72.5
Passau,Germany,48.5665,13.43122,370.9
Pasing,Germany,48.14146,11.45599,528.1
Parchim,Germany,53.42631,11.84875,51.2
Papenburg,Germany,53.07738,7.40444,2.2
Pankow,Germany,52.56926,13.40186,49.8
Paderborn,Germany,51.71905,8.75439,119.9
Oyten,Germany,53.05,9.01667,22.6
Overath,Germany,50.93275,7.28389,94.7
Ottweiler,Germany,49.40133,7.16424,257.0
Ottobrunn,Germany,48.06489,11.66327,558.5
Osterholz-Scharmbeck,Germany,53.22698,8.79528,23.8
Osnabrück,Germany,52.27264,8.0498,68.6
Oschersleben,Germany,52.03039,11.22898,85.1
Oschatz,Germany,51.30001,13.10984,122.9
Oranienburg,Germany,52.75577,13.24197,38.4
Opladen,Germany,51.05521,7.01931,63.5
Olsberg,Germany,51.35613,8.48899,335.8
Olpe,Germany,51.02899,7.85139,318.8
Oldenburg,Germany,53.14118,8.21467,10.5
Olching,Germany,48.2,11.33333,507.5
Öhringen,Germany,49.19884,9.5072,224.6
Offenburg,Germany,48.47377,7.94495,162.9
Offenbach,Germany,50.10061,8.76647,105.3
Oerlinghausen,Germany,51.95453,8.6622,230.6
Oer-Erkenschwick,Germany,51.64198,7.26451,79.1
Oelde,Germany,51.8289,8.14724,90.4
Odenthal,Germany,51.03333,7.11667,82.0
Ochtrup,Germany,52.20802,7.18988,60.8
Oberursel,Germany,50.20731,8.57747,216.0
Obertshausen,Germany,50.07139,8.85123,119.0
Oberschöneweide,Germany,52.46106,13.52108,35.3
Ober-Ramstadt,Germany,49.83078,8.74887,214.1
Oberkirch,Germany,48.53241,8.07864,191.9
Oberhausen,Germany,51.47311,6.88074,46.6
Oberasbach,Germany,49.42275,10.95766,315.7
Nürtingen,Germany,48.62565,9.34203,281.5
Nürnberg,Germany,49.45421,11.07752,301.4
Nümbrecht,Germany,50.9,7.55,287.3
Nottuln,Germany,51.93333,7.35,101.1
Northeim,Germany,51.70662,9.99997,125.5
Nördlingen,Germany,48.85122,10.48868,437.2
Nordhorn,Germany,52.43081,7.06833,24.7
Nordhausen,Germany,51.5018,10.7957,206.1
Norderstedt,Germany,53.6859,9.98041,29.8
Nordenham,Germany,53.4861,8.48093,2.7
Norden,Germany,53.59552,7.20639,7.9
Nippes,Germany,50.96545,6.95314,46.6
Nikolassee,Germany,52.4344,13.20095,39.9
Nienburg,Germany,52.6461,9.22086,27.9
Niederschönhausen,Germany,52.58483,13.40272,49.7
Niederkrüchten,Germany,51.2,6.21667,54.7
Niederkassel,Germany,50.81503,7.03777,57.3
Nieder-Ingelheim,Germany,49.97756,8.07246,131.8
Nidderau,Germany,50.23805,8.86704,121.1
Nidda,Germany,50.4133,9.00638,131.4
Neu Wulmstorf,Germany,53.46667,9.8,15.7
Neuwied,Germany,50.4336,7.47057,65.8
Neu-Ulm,Germany,48.39279,10.01112,471.4
Neustrelitz,Germany,53.3613,13.07292,72.2
Neustadt in Holstein,Germany,54.10707,10.8145,13.8
Neustadt bei Coburg,Germany,50.32975,11.12058,338.4
Neustadt,Germany,49.35009,8.13886,141.6
Neustadt am Rübenberge,Germany,52.50462,9.45871,41.7
Neue Neustadt,Germany,52.15,11.63333,50.4
Neuss,Germany,51.19807,6.68504,41.7
Neuruppin,Germany,52.92815,12.80311,48.6
Neunkirchen,Germany,49.34449,7.18045,287.8
Neumünster,Germany,54.07477,9.98195,24.2
Neumarkt in der Oberpfalz,Germany,49.28028,11.46278,427.9
Neu Isenburg,Germany,50.04832,8.69406,125.2
Neufahrn bei Freising,Germany,48.31588,11.66316,462.5
Neuenhagen,Germany,52.52985,13.68914,56.0
Neuburg an der Donau,Germany,48.73218,11.18709,382.7
Neubrück,Germany,51.13434,6.63857,51.5
Neubrandenburg,Germany,53.56414,13.27532,19.0
Neu-Anspach,Germany,50.31667,8.5,318.1
Nettetal,Germany,51.31667,6.28333,53.7
Netphen,Germany,50.91667,8.1,298.6
Neckarsulm,Germany,49.18912,9.22527,171.4
Naumburg,Germany,51.14987,11.80979,132.9
Nauen,Germany,52.60701,12.87374,39.4
Nagold,Germany,48.5498,8.72366,404.3
Munster,Germany,52.98569,10.08756,78.1
Münster,Germany,51.96236,7.62571,63.0
Hannoversch Münden,Germany,51.41505,9.65046,131.1
Munich,Germany,48.13743,11.57549,520.0
Müllheim,Germany,47.8082,7.63035,267.1
Mülheim (Ruhr),Germany,51.43333,6.88333,41.0
Mühlheim am Main,Germany,50.11667,8.83333,100.3
Stuttgart Mühlhausen,Germany,48.84232,9.23028,212.3
Mühlhausen,Germany,51.20896,10.45275,216.2
Mühldorf,Germany,48.2467,12.52155,412.1
Mühlacker,Germany,48.94754,8.83675,228.3
Much,Germany,50.91667,7.4,209.9
Mössingen,Germany,48.40567,9.05419,464.9
Mosbach,Germany,49.35357,9.15106,183.3
Moosburg,Germany,48.47089,11.93811,414.9
Monheim am Rhein,Germany,51.09162,6.89217,42.3
Mönchengladbach,Germany,51.18539,6.44172,56.5
Mölln,Germany,53.61702,10.68742,38.5
Moers,Germany,51.45342,6.6326,30.5
Moabit,Germany,52.52635,13.33903,35.9
Mittweida,Germany,50.98622,12.97537,272.2
Minden,Germany,52.28953,8.91455,59.9
Michelstadt,Germany,49.67569,9.00373,209.8
Metzingen,Germany,48.53695,9.2833,346.3
Mettmann,Germany,51.2504,6.97536,134.6
Meschede,Germany,51.3502,8.28332,269.0
Merzig,Germany,49.44331,6.63874,179.2
Merseburg,Germany,51.35478,11.98923,99.6
Meppen,Germany,52.69064,7.29097,18.5
Menden,Germany,51.44337,7.77825,161.8
Memmingen,Germany,47.98372,10.18527,599.3
Melle,Germany,52.20197,8.33826,82.5
Meissen,Germany,51.16158,13.4737,109.7
Meiningen,Germany,50.56787,10.41521,285.9
Meinerzhagen,Germany,51.1074,7.64838,399.8
Meiderich,Germany,51.46667,6.76667,26.3
Meerbusch,Germany,51.26118,6.6717,34.6
Meerane,Germany,50.84688,12.46473,245.4
Meckenheim,Germany,50.62388,7.02942,183.3
Mechernich,Germany,50.59304,6.65224,295.5
Mayen,Germany,50.32797,7.22277,233.7
Marzahn,Germany,52.54525,13.56983,63.3
Marsberg,Germany,51.46171,8.84949,250.9
Marl,Germany,51.65671,7.09038,57.4
Marktredwitz,Germany,50.00443,12.08593,538.2
Marktoberdorf,Germany,47.77964,10.61713,729.7
Markkleeberg,Germany,51.2755,12.36906,122.7
Märkisches Viertel,Germany,52.59841,13.35766,50.8
Marienfelde,Germany,52.41868,13.36723,45.0
Mariendorf,Germany,52.4378,13.38109,49.1
Marburg an der Lahn,Germany,50.80904,8.77069,216.7
Marbach am Neckar,Germany,48.93964,9.25995,241.4
Mannheim,Germany,49.49671,8.47955,101.5
Mainz,Germany,49.98419,8.2791,125.2
Maintal,Germany,50.15,8.83333,104.6
Mahlsdorf,Germany,52.50935,13.61373,54.4
Magdeburg,Germany,52.12773,11.62916,61.4
Lünen,Germany,51.61634,7.52872,56.6
Lüneburg,Germany,53.2509,10.41409,13.1
Ludwigshafen am Rhein,Germany,49.48121,8.44641,103.7
Ludwigsfelde,Germany,52.30322,13.25405,48.0
Ludwigsburg,Germany,48.89731,9.19161,293.6
Lüdinghausen,Germany,51.7683,7.44379,51.2
Lüdenscheid,Germany,51.21977,7.6273,410.6
Luckenwalde,Germany,52.09029,13.16772,55.2
Lübeck,Germany,53.86893,10.68729,16.5
Lübbenau,Germany,51.86217,13.95168,52.6
Lübbecke,Germany,52.30699,8.61423,76.9
Loxstedt,Germany,53.46667,8.65,8.8
Losheim,Germany,49.5099,6.74549,297.5
Lörrach,Germany,47.61497,7.66457,298.2
Lohr am Main,Germany,49.98922,9.57223,166.3
Lohne,Germany,52.66625,8.2375,46.6
Löhne,Germany,52.18848,8.6922,67.7
Lohmar,Germany,50.83868,7.21399,74.0
Löbau,Germany,51.09954,14.66738,270.1
Lippstadt,Germany,51.67369,8.34482,79.8
Lingen,Germany,52.52143,7.31845,26.3
Lindlar,Germany,51.01959,7.37758,228.0
Lindau,Germany,47.54612,9.68431,408.3
Limburg an der Lahn,Germany,50.3836,8.0503,137.8
Limbach-Oberfrohna,Germany,50.85882,12.76165,359.0
Lilienthal,Germany,53.13333,8.91667,3.3
Lichterfelde,Germany,52.4333,13.30762,48.8
Lichtenrade,Germany,52.39844,13.40637,47.2
Lichtenfels,Germany,50.14567,11.05928,265.1
Lichtenberg,Germany,52.51395,13.49975,55.2
Leverkusen,Germany,51.0303,6.98432,48.2
Leutkirch im Allgäu,Germany,47.82672,10.0205,657.4
Leopoldshöhe,Germany,52.01246,8.69834,131.1
Leonberg,Germany,48.8,9.01667,382.4
Lennestadt,Germany,51.11721,8.06707,272.9
Lengerich,Germany,52.18661,7.86043,80.3
Lemgo,Germany,52.02786,8.89901,99.8
Leipzig,Germany,51.33962,12.37129,108.1
Leinfelden-Echterdingen,Germany,48.69406,9.16809,419.7
Leimen,Germany,49.34737,8.68733,109.6
Leichlingen,Germany,51.10628,7.01873,59.9
Lehrte,Germany,52.37193,9.97919,59.8
Leer,Germany,53.23157,7.461,8.8
Lebach,Germany,49.41122,6.90988,224.3
Laupheim,Germany,48.22786,9.87874,507.8
Lauf an der Pegnitz,Germany,49.51386,11.28247,331.5
Lauchhammer,Germany,51.48813,13.76623,98.3
Lankwitz,Germany,52.43623,13.3459,44.3
Langenhorn,Germany,53.66556,10.00137,29.4
Langenhagen,Germany,52.44758,9.73741,55.8
Langenfeld,Germany,51.10821,6.94831,49.6
Langen,Germany,53.60554,8.59509,6.3
Langen,Germany,49.98955,8.66852,130.2
Landshut,Germany,48.52961,12.16179,487.1
Landsberg am Lech,Germany,48.04819,10.88282,637.2
Landau in der Pfalz,Germany,49.19844,8.11692,143.9
Lampertheim,Germany,49.59786,8.4725,94.3
Lahr,Germany,48.34042,7.86886,171.2
Lahnstein,Germany,50.3,7.61667,136.3
Lage,Germany,51.99223,8.79301,103.9
Laatzen,Germany,52.31506,9.79739,75.0
Bad Laasphe,Germany,50.93139,8.42502,319.7
Kürten,Germany,51.05,7.26667,182.5
Künzelsau,Germany,49.2818,9.68352,224.4
Künzell,Germany,50.5442,9.71792,304.1
Kulmbach,Germany,50.10068,11.45032,331.1
Kronberg,Germany,50.18424,8.5232,250.0
Kronach,Germany,50.23963,11.33308,312.6
Kreuztal,Germany,50.96775,7.98848,331.7
Kreuzberg,Germany,52.49973,13.40338,40.9
Kreuzau,Germany,50.74699,6.49069,145.8
Krefeld,Germany,51.33921,6.58615,35.1
Köthen,Germany,51.75185,11.97093,81.4
Korschenbroich,Germany,51.19139,6.51352,46.8
Kornwestheim,Germany,48.86158,9.18569,300.2
Korntal,Germany,48.83218,9.1214,306.5
Korbach,Germany,51.27561,8.873,370.8
Köpenick,Germany,52.4455,13.57455,38.4
Berlin Köpenick,Germany,52.44254,13.58228,35.7
Konz,Germany,49.70045,6.57652,139.8
Konstanz,Germany,47.66033,9.17582,403.7
Königs Wusterhausen,Germany,52.30141,13.633,33.5
Königswinter,Germany,50.68376,7.18675,62.0
Königstein im Taunus,Germany,50.17943,8.47132,360.7
Königslutter am Elm,Germany,52.25116,10.81683,135.6
Königsbrunn,Germany,48.27506,10.89178,514.0
Köln,Germany,50.93333,6.95,56.8
Kolbermoor,Germany,47.84965,12.06696,458.6
Koblenz,Germany,50.35357,7.57883,72.4
Kleve,Germany,51.78826,6.13865,27.6
Kleinmachnow,Germany,52.40786,13.22514,45.8
Kitzingen,Germany,49.73973,10.15072,199.1
Kirchlengern,Germany,52.2,8.63333,65.6
Kirchheim unter Teck,Germany,48.64683,9.45378,316.8
Kirchhain,Germany,50.8272,8.92806,211.0
Kierspe,Germany,51.13403,7.59075,394.8
Kiel,Germany,54.32133,10.13489,8.3
Kevelaer,Germany,51.58243,6.24603,22.5
Kerpen,Germany,50.86991,6.69691,81.4
Kempten (Allgäu),Germany,47.72674,10.31389,681.2
Kempen,Germany,51.36432,6.41858,38.9
Kelkheim (Taunus),Germany,50.13703,8.4502,196.9
Kelheim,Germany,48.91725,11.88618,345.0
Kehl,Germany,48.57297,7.81523,139.2
Kaulsdorf,Germany,52.51732,13.58871,56.6
Kaufbeuren,Germany,47.88238,10.62192,671.6
Kassel,Germany,51.31667,9.5,162.5
Karow,Germany,52.60904,13.48117,57.8
Karlstadt,Germany,49.96034,9.77239,170.3
Karlsruhe,Germany,49.00937,8.40444,117.5
Karlshorst,Germany,52.48419,13.53185,37.2
Karlsfeld,Germany,48.21667,11.46667,500.5
Karben,Germany,50.23019,8.77155,116.4
Kamp-Lintfort,Germany,51.50467,6.54587,29.2
Kamenz,Germany,51.26798,14.09374,198.8
Kamen,Germany,51.59231,7.6638,64.1
Kaltenkirchen,Germany,53.83292,9.9581,33.6
Kaiserslautern,Germany,49.443,7.77161,238.8
Kaarst,Germany,51.22929,6.61883,40.1
Jülich,Germany,50.92149,6.36267,81.9
Jüchen,Germany,51.1,6.5,74.2
Johannisthal,Germany,52.44653,13.5066,36.7
Jena,Germany,50.92878,11.5899,147.3
Itzehoe,Germany,53.92099,9.51529,5.0
Isernhagen Farster Bauerschaft,Germany,52.47093,9.84179,83.8
Iserlohn,Germany,51.37547,7.70281,256.7
Ingolstadt,Germany,48.76508,11.42372,377.0
Ilmenau,Germany,50.68322,10.91858,481.8
Illingen,Germany,49.37362,7.04758,291.3
Illertissen,Germany,48.22336,10.10347,514.5
Idstein,Germany,50.21773,8.26679,270.6
Idar-Oberstein,Germany,49.71443,7.30776,272.6
Ibbenbüren,Germany,52.27964,7.71457,78.0
Husum,Germany,54.4858,9.05239,7.9
Hürth,Germany,50.87079,6.86761,91.5
Hünfeld,Germany,50.67966,9.76727,279.8
Hummelsbüttel,Germany,53.64773,10.04149,20.4
Humboldtkolonie,Germany,50.93182,6.99469,48.0
Hude,Germany,53.10766,8.46322,14.8
Hückeswagen,Germany,51.14979,7.34471,257.0
Hückelhoven,Germany,51.0555,6.22658,60.9
Hoyerswerda,Germany,51.43787,14.23549,117.2
Höxter,Germany,51.77501,9.38155,100.3
Hövelhof,Germany,51.81667,8.65,103.6
Hörstel,Germany,52.29763,7.58382,45.3
Horb am Neckar,Germany,48.44423,8.6913,391.8
Homburg,Germany,49.32637,7.33867,239.2
Holzwickede,Germany,51.5,7.63333,133.4
Holzminden,Germany,51.82798,9.4455,92.2
Holzkirchen,Germany,47.87663,11.70181,693.6
Hohenstein-Ernstthal,Germany,50.80064,12.71287,357.4
Hohen Neuendorf,Germany,52.67631,13.27775,58.5
Hofheim am Taunus,Germany,50.09019,8.4493,144.6
Hofgeismar,Germany,51.49607,9.385,156.9
Hof,Germany,50.31297,11.91261,489.7
Hockenheim,Germany,49.32334,8.55194,103.0
Hochheim am Main,Germany,50.01436,8.35218,129.6
Hochfeld,Germany,51.41943,6.75462,36.2
Hille,Germany,52.33333,8.75,59.4
Hildesheim,Germany,52.15077,9.95112,94.7
Hilden,Germany,51.16818,6.93093,50.8
Hilchenbach,Germany,50.99687,8.11062,353.1
Hiddenhausen,Germany,52.16667,8.61667,81.1
Heusweiler,Germany,49.35,6.93333,230.7
Heusenstamm,Germany,50.05553,8.80076,130.3
Hettstedt,Germany,51.6503,11.51146,174.6
Hessisch Oldendorf,Germany,52.17269,9.24913,65.2
Herzogenrath,Germany,50.87067,6.10136,145.3
Herzogenaurach,Germany,49.56798,10.88565,297.6
Herten,Germany,51.59638,7.14387,63.9
Herrenberg,Germany,48.59523,8.86648,431.4
Herne,Germany,51.5388,7.22572,69.4
Hermsdorf,Germany,52.61131,13.31783,33.7
Herford,Germany,52.11457,8.67343,70.8
Herdecke,Germany,51.39999,7.43584,117.2
Herborn,Germany,50.68135,8.30369,204.1
Heppenheim an der Bergstrasse,Germany,49.64145,8.63206,100.3
Hennigsdorf,Germany,52.63598,13.20419,34.4
Hennef,Germany,50.77555,7.28308,71.1
Hemmingen,Germany,52.31425,9.72359,58.8
Hemer,Germany,51.38707,7.77019,215.8
Helmstedt,Germany,52.2279,11.00985,135.2
Hellersdorf,Germany,52.53319,13.6088,62.4
Heinsberg,Germany,51.06358,6.0998,37.3
Heilbad Heiligenstadt,Germany,51.37819,10.13744,259.9
Heiligensee,Germany,52.61449,13.24501,35.7
Heiligenhaus,Germany,51.32662,6.97106,180.1
Heilbronn,Germany,49.13995,9.22054,167.1
Heidenheim an der Brenz,Germany,48.67798,10.15162,497.5
Heidenau,Germany,50.97221,13.86741,119.6
Heidelberg,Germany,49.40768,8.69079,116.0
Heide,Germany,54.19579,9.0988,17.0
Hechingen,Germany,48.35149,8.96317,533.4
Hattingen,Germany,51.39894,7.18557,96.3
Hattersheim,Germany,50.07854,8.47552,110.3
Haßloch,Germany,49.36278,8.25806,114.8
Harsewinkel,Germany,51.96224,8.22766,64.8
Haren,Germany,52.79262,7.24142,11.1
Harburg,Germany,53.46057,9.98388,9.2
Hannover,Germany,52.37052,9.73322,60.3
Hanau am Main,Germany,50.13423,8.91418,109.0
Hamminkeln,Germany,51.73262,6.59031,22.4
Hamm,Germany,51.68033,7.82089,70.4
Hameln,Germany,52.10397,9.35623,76.2
Wandsbek,Germany,53.56667,10.1,18.6
Marienthal,Germany,53.56667,10.08333,9.2
Hamburg-Mitte,Germany,53.55,10.01667,8.7
Eimsbüttel,Germany,53.56667,9.98333,14.3
Altona,Germany,53.55,9.93333,39.0
Hamburg,Germany,53.57532,10.01534,7.0
Halver,Germany,51.18612,7.49817,413.7
Haltern,Germany,51.74297,7.18163,41.8
Halstenbek,Germany,53.63333,9.85,15.5
Halle,Germany,52.06007,8.36083,130.2
Halle (Saale),Germany,51.5,12,111.8
Haldensleben I,Germany,52.28906,11.40982,51.5
Halberstadt,Germany,51.89562,11.05622,124.5
Hakenfelde,Germany,52.55877,13.20831,33.8
Haiger,Germany,50.74162,8.20778,275.5
Hagen,Germany,51.36081,7.47168,111.7
Haar,Germany,48.10881,11.72653,544.2
Haan,Germany,51.19382,7.0133,164.5
Gütersloh,Germany,51.90693,8.37853,80.3
Güstrow,Germany,53.7972,12.17337,11.2
Gunzenhausen,Germany,49.11663,10.75971,429.2
Günzburg,Germany,48.45599,10.27695,469.7
Gummersbach,Germany,51.02608,7.56473,247.6
Guben,Germany,51.94987,14.71447,46.1
Groß-Umstadt,Germany,49.86899,8.9321,159.5
Großostheim,Germany,49.91985,9.07596,132.4
Groß-Gerau,Germany,49.92139,8.48255,93.0
Großenhain,Germany,51.28951,13.5335,117.9
Gronau,Germany,52.21099,7.02238,42.2
Gröbenzell,Germany,48.2,11.36667,505.6
Grimma,Germany,51.23367,12.71959,144.6
Griesheim,Germany,49.86085,8.5725,101.4
Grevenbroich,Germany,51.09102,6.5827,50.8
Greven,Germany,52.09364,7.59396,43.7
Greiz,Germany,50.65778,12.19918,263.7
Greifswald,Germany,54.09311,13.38786,2.7
Grefrath,Germany,51.3363,6.34072,37.8
Göttingen,Germany,51.53443,9.93228,157.8
Gotha,Germany,50.94823,10.70193,304.6
Goslar,Germany,51.90425,10.42766,271.9
Görlitz,Germany,51.15518,14.98853,213.5
Göppingen,Germany,48.70354,9.65209,325.3
Goch,Germany,51.67873,6.15895,16.6
Glinde,Germany,53.5441,10.20048,32.0
Glauchau,Germany,50.81987,12.54493,264.8
Gladbeck,Germany,51.57077,6.98593,59.2
Ginsheim-Gustavsburg,Germany,49.9711,8.34532,85.6
Gilching,Germany,48.10755,11.2936,560.4
Gifhorn,Germany,52.47774,10.5511,60.7
Gießen,Germany,50.58727,8.67554,161.2
Giengen an der Brenz,Germany,48.62219,10.24312,472.7
Gevelsberg,Germany,51.31971,7.3392,164.8
Gesundbrunnen,Germany,52.55035,13.39139,47.8
Geseke,Germany,51.64091,8.5109,101.3
Gescher,Germany,51.954,7.00481,61.2
Gersthofen,Germany,48.42432,10.87273,469.8
Germersheim,Germany,49.22306,8.36389,99.0
Germering,Germany,48.13392,11.3765,544.5
Gerlingen,Germany,48.79954,9.06316,339.6
Geretsried,Germany,47.85775,11.48054,604.5
Gera,Germany,50.88029,12.08187,204.2
Georgsmarienhütte,Germany,52.20296,8.0448,122.2
Gelsenkirchen,Germany,51.5075,7.12283,52.8
Gelnhausen,Germany,50.20164,9.18742,134.5
Geldern,Germany,51.51908,6.32363,24.8
Geislingen an der Steige,Germany,48.62423,9.82736,425.9
Geilenkirchen,Germany,50.96745,6.11763,94.5
Geesthacht,Germany,53.43575,10.3779,24.9
Gauting,Germany,48.06919,11.37703,581.2
Garmisch-Partenkirchen,Germany,47.49209,11.09576,705.0
Garching bei München,Germany,48.24896,11.65101,483.2
Garbsen,Germany,52.41371,9.5899,49.3
Ganderkesee,Germany,53.03333,8.53333,34.6
Gaggenau,Germany,48.8,8.33333,187.5
Fürth,Germany,49.47593,10.98856,305.8
Fürstenwalde,Germany,52.36067,14.06185,45.6
Fürstenfeldbruck,Germany,48.17904,11.2547,522.5
Fulda,Germany,50.55162,9.67518,262.2
Fröndenberg,Germany,51.47563,7.76946,162.1
Frohnau,Germany,52.63336,13.29024,57.7
Friesoythe,Germany,53.0226,7.85764,8.8
Friedrichshain,Germany,52.51559,13.45482,43.4
Friedrichshagen,Germany,52.45052,13.62463,39.3
Friedrichshafen,Germany,47.65689,9.47554,405.5
Friedrichsfelde,Germany,52.50575,13.50812,42.8
Friedrichsdorf,Germany,50.24962,8.64281,198.2
Friedenau,Germany,52.47133,13.32813,47.5
Friedberg,Germany,50.33739,8.75591,157.6
Friedberg,Germany,48.35693,10.98461,517.5
Freudenstadt,Germany,48.46695,8.41371,732.5
Freudenberg,Germany,50.89741,7.87415,296.5
Freital,Germany,51.00166,13.6488,168.6
Freising,Germany,48.40351,11.74876,448.1
Freilassing,Germany,47.84085,12.98114,422.0
Freiburg,Germany,47.9959,7.85222,280.5
Freiberg am Neckar,Germany,48.93196,9.2024,254.3
Freiberg,Germany,50.91089,13.33881,412.5
Frechen,Germany,50.91485,6.8118,72.7
Frankfurt am Main,Germany,50.11552,8.68417,123.5
Frankfurt (Oder),Germany,52.34714,14.55062,26.7
Frankenthal,Germany,49.53414,8.35357,99.9
Frankenberg,Germany,51.0589,8.80077,314.8
Frankenberg,Germany,50.91297,13.04011,279.4
Forst,Germany,51.73544,14.63971,76.9
Forchheim,Germany,49.71754,11.05877,261.6
Flörsheim,Germany,50.01311,8.42779,95.8
Flensburg,Germany,54.78431,9.43961,6.8
Finsterwalde,Germany,51.63388,13.70662,109.5
Finnentrop,Germany,51.168,7.973,235.3
Stuttgart Feuerbach,Germany,48.80867,9.15719,284.0
Fellbach,Germany,48.80912,9.27697,286.0
Falkensee,Germany,52.56014,13.0927,31.3
Eutin,Germany,54.14054,10.60751,46.0
Euskirchen,Germany,50.66057,6.78722,162.4
Ettlingen,Germany,48.94094,8.40763,139.6
Esslingen,Germany,48.73961,9.30473,242.2
Essen,Germany,51.45657,7.01228,85.7
Espelkamp,Germany,52.38251,8.62127,49.9
Eschweiler,Germany,50.81854,6.27184,137.4
Eschwege,Germany,51.18386,10.05329,180.8
Eschborn,Germany,50.14328,8.57111,124.4
Erwitte,Germany,51.6127,8.3384,100.2
Erlangen,Germany,49.59099,11.00783,284.8
Erkrath,Germany,51.22235,6.90831,53.7
Erkelenz,Germany,51.07947,6.31531,101.5
Erfurt,Germany,50.9787,11.03283,196.5
Erftstadt,Germany,50.81481,6.79387,94.3
Erding,Germany,48.30603,11.90686,467.7
Eppingen,Germany,49.13645,8.91229,187.1
Eppelborn,Germany,49.4,6.96667,240.3
Ennigerloh,Germany,51.83843,8.03093,105.5
Ennepetal,Germany,51.29848,7.3629,199.2
Enger,Germany,52.14063,8.55772,97.3
Engelskirchen,Germany,50.98333,7.4,207.7
Emsdetten,Germany,52.1734,7.52781,43.6
Emmerich,Germany,51.83933,6.24792,18.3
Emmendingen,Germany,48.12096,7.85359,209.1
Emden,Germany,53.36745,7.20778,2.6
Eltville,Germany,50.02858,8.11754,96.2
Elsdorf,Germany,50.93739,6.56828,77.2
Elmshorn,Germany,53.75396,9.65339,7.0
Ellwangen,Germany,48.96164,10.13173,443.8
Eitorf,Germany,50.76667,7.45,98.4
Eislingen,Germany,48.69515,9.70676,338.0
Eisenhüttenstadt,Germany,52.15,14.65,43.5
Eisenach,Germany,50.9807,10.31522,212.1
Einbeck,Germany,51.82018,9.86961,119.4
Eilenburg,Germany,51.45984,12.63338,104.6
Ehingen,Germany,48.28259,9.72749,521.1
Eggenstein-Leopoldshafen,Germany,49.09006,8.39879,109.5
Edewecht,Germany,53.12699,7.98406,8.0
Eckernförde,Germany,54.46854,9.83824,2.2
Eberswalde,Germany,52.83492,13.81951,15.2
Ebersbach an der Fils,Germany,48.716,9.5236,283.1
Eberbach,Germany,49.4668,8.99016,145.2
Düsseldorf,Germany,51.22172,6.77616,40.9
Düren,Germany,50.80434,6.49299,141.6
Dülmen,Germany,51.83149,7.28075,71.2
Duisburg,Germany,51.43247,6.76516,36.4
Duderstadt,Germany,51.51312,10.25951,183.1
Dresden,Germany,51.05089,13.73832,127.5
Drensteinfurt,Germany,51.79535,7.73815,62.4
Dreieich,Germany,50.01997,8.69611,132.5
Dortmund,Germany,51.51494,7.466,96.2
Dorsten,Germany,51.66166,6.96514,34.1
Dormagen,Germany,51.09683,6.83167,46.5
Donauwörth,Germany,48.71804,10.7793,406.2
Donaueschingen,Germany,47.95514,8.49707,701.3
Döbeln,Germany,51.1221,13.11027,175.2
Ditzingen,Germany,48.82672,9.06703,299.7
Dinslaken,Germany,51.56227,6.7434,29.7
Dingolfing,Germany,48.64244,12.49283,358.8
Dillingen an der Donau,Germany,48.58153,10.49527,434.4
Dillingen,Germany,49.35557,6.72781,186.9
Dillenburg,Germany,50.74114,8.28699,231.5
Dietzenbach,Germany,50.00976,8.77783,154.3
Diepholz,Germany,52.60783,8.37005,40.1
Dieburg,Germany,49.89738,8.84613,144.2
Deutz,Germany,50.93463,6.97495,50.2
Detmold,Germany,51.93855,8.87318,137.8
Dessau,Germany,51.83864,12.24555,63.6
Delmenhorst,Germany,53.0511,8.63091,10.4
Delitzsch,Germany,51.52546,12.34284,96.1
Delbrück,Germany,51.76503,8.56223,100.3
Deggendorf,Germany,48.84085,12.96068,319.8
Datteln,Germany,51.66667,7.38333,44.7
Darmstadt,Germany,49.87167,8.65027,147.3
Damme,Germany,52.52157,8.19793,66.5
Dahlem,Germany,52.4581,13.28702,55.4
Dachau,Germany,48.26,11.43402,505.7
Cuxhaven,Germany,53.87176,8.69087,5.3
Crimmitschau,Germany,50.81644,12.39045,236.6
Crailsheim,Germany,49.13444,10.07193,412.5
Cottbus,Germany,51.75769,14.32888,80.5
Coswig,Germany,51.13204,13.58312,116.8
Coesfeld,Germany,51.94349,7.16809,82.3
Coburg,Germany,50.25937,10.96384,303.1
Cloppenburg,Germany,52.84754,8.045,40.8
Clausthal-Zellerfeld,Germany,51.80949,10.33821,553.7
Chemnitz,Germany,50.8357,12.92922,303.1
Charlottenburg,Germany,52.51667,13.28333,46.0
Cham,Germany,49.22565,12.65501,399.3
Celle,Germany,52.62264,10.08047,42.8
Castrop-Rauxel,Germany,51.55657,7.31155,79.9
Calw,Germany,48.71419,8.74031,337.2
Buxtehude,Germany,53.46716,9.68636,15.3
Butzbach,Germany,50.43395,8.67122,204.8
Bürstadt,Germany,49.64266,8.45936,93.5
Burscheid,Germany,51.1,7.11667,190.1
Burghausen,Germany,48.16925,12.83139,423.5
Burgdorf,Germany,52.44628,10.0064,54.8
Burg bei Magdeburg,Germany,52.27152,11.85493,43.8
Büren,Germany,51.55109,8.55956,241.4
Bünde,Germany,52.19837,8.58644,71.7
Bühl,Germany,48.69676,8.13523,139.5
Büdingen,Germany,50.29013,9.1114,134.5
Buckow,Germany,52.432,13.46018,41.3
Bückeburg,Germany,52.26065,9.04939,70.0
Buchholz in der Nordheide,Germany,53.32641,9.86812,74.3
Französisch Buchholz,Germany,52.60242,13.43019,50.5
Buchen,Germany,49.52416,9.32293,341.6
Brühl,Germany,50.82928,6.90499,68.1
Brüggen,Germany,51.24053,6.18376,39.9
Bruckmühl,Germany,47.87859,11.91098,511.7
Bruchsal,Germany,49.12426,8.59804,117.7
Bruchköbel,Germany,50.17853,8.92315,115.0
Britz,Germany,52.44293,13.43388,44.9
Brilon,Germany,51.39462,8.57146,439.5
Bretten,Germany,49.03685,8.70745,181.4
Bremervörde,Germany,53.48458,9.14306,9.7
Bremerhaven,Germany,53.55021,8.57673,4.0
Bremen,Germany,53.07516,8.80777,22.6
Braunschweig,Germany,52.26594,10.52673,72.5
Brandenburg an der Havel,Germany,52.41667,12.55,53.6
Bramsche,Germany,52.40881,7.97288,60.3
Brakel,Germany,51.7175,9.18596,132.5
Brake (Unterweser),Germany,53.33333,8.48333,3.3
Brackenheim,Germany,49.07787,9.06601,196.7
Bottrop,Germany,51.52392,6.9285,53.8
Bornheim,Germany,50.76313,6.99089,58.6
Borna,Germany,51.12416,12.49639,142.0
Borken,Germany,51.84382,6.85774,50.7
Boppard,Germany,50.23085,7.58992,76.2
Bonn,Germany,50.73438,7.09549,62.1
Bönen,Germany,51.6,7.76667,69.6
Bogenhausen,Germany,48.15221,11.61585,523.7
Bochum,Germany,51.48165,7.21648,97.5
Bocholt,Germany,51.83879,6.61531,32.7
Böblingen,Germany,48.68212,9.01171,441.5
Bobingen,Germany,48.27091,10.8339,522.1
Blomberg,Germany,51.94331,9.09067,185.3
Blieskastel,Germany,49.23724,7.25617,242.9
Blankenburg,Germany,51.79025,10.95509,224.0
Bitterfeld-Wolfen,Germany,51.62355,12.32395,77.9
Bingen am Rhein,Germany,49.96675,7.8992,114.8
Bietigheim-Bissingen,Germany,48.94407,9.11755,227.5
Biesdorf,Germany,52.50906,13.5534,41.1
Bielefeld,Germany,52.03333,8.53333,111.2
Biberach an der Riß,Germany,48.09345,9.79053,535.0
Bexbach,Germany,49.34615,7.25527,249.3
Beverungen,Germany,51.66801,9.37417,102.4
Bernburg,Germany,51.79464,11.7401,87.9
Bernau bei Berlin,Germany,52.67982,13.58708,76.5
Berlin,Germany,52.52437,13.41053,36.8
Bergneustadt,Germany,51.02496,7.65599,246.6
Bergkamen,Germany,51.61633,7.64451,65.2
Bergisch Gladbach,Germany,50.9856,7.13298,95.5
Bergheim,Germany,50.95572,6.63986,64.8
Bensheim,Germany,49.68369,8.61839,101.3
Bendorf,Germany,50.42289,7.57924,95.0
Bedburg,Germany,50.99258,6.57128,62.0
Beckum,Germany,51.75571,8.04075,115.1
Beckingen,Germany,49.4,6.7,213.4
Bayreuth,Germany,49.94782,11.57893,339.5
Bautzen,Germany,51.18035,14.43494,212.8
Baunatal,Germany,51.25182,9.40747,215.5
Baumschulenweg,Germany,52.46583,13.48523,39.2
Bassum,Germany,52.85059,8.72791,44.5
Bamberg,Germany,49.89873,10.90067,245.9
Balingen,Germany,48.27525,8.85464,511.8
Baiersbronn,Germany,48.50318,8.37699,602.7
Baesweiler,Germany,50.90964,6.18874,112.4
Bad Zwischenahn,Germany,53.18333,8,8.0
Bad Wildungen,Germany,51.11963,9.12475,278.8
Bad Waldsee,Germany,47.92027,9.7549,589.5
Bad Vilbel,Germany,50.17866,8.73756,116.5
Bad Tölz,Germany,47.76111,11.5589,663.2
Bad Soden am Taunus,Germany,50.1408,8.50449,136.9
Bad Segeberg,Germany,53.94313,10.30215,38.0
Bad Schwartau,Germany,53.91887,10.69691,11.0
Bad Salzungen,Germany,50.81342,10.2361,247.3
Bad Salzuflen,Germany,52.0862,8.74434,82.7
Bad Säckingen,Germany,47.55371,7.94612,293.4
Bad Reichenhall,Germany,47.72947,12.87819,470.1
Bad Rappenau,Germany,49.23848,9.1018,236.4
Bad Pyrmont,Germany,51.98589,9.25246,110.9
Bad Oldesloe,Germany,53.81167,10.37417,10.6
Bad Oeynhausen,Germany,52.20699,8.80365,58.4
Bad Neustadt an der Saale,Germany,50.32174,10.20673,232.1
Bad Neuenahr-Ahrweiler,Germany,50.54322,7.1113,100.6
Bad Nauheim,Germany,50.36463,8.73859,156.3
Bad Münstereifel,Germany,50.55667,6.76424,278.6
Bad Münder am Deister,Germany,52.19551,9.46421,114.5
Bad Mergentheim,Germany,49.4925,9.77361,210.3
Bad Lippspringe,Germany,51.78333,8.81683,144.7
Bad Langensalza,Germany,51.10771,10.646,189.1
Bad Kreuznach,Germany,49.8414,7.86713,109.2
Bad Kissingen,Germany,50.20228,10.07784,206.6
Bad Honnef,Germany,50.64336,7.2278,76.3
Bad Homburg vor der Höhe,Germany,50.22683,8.61816,183.9
Bad Hersfeld,Germany,50.87197,9.70891,208.4
Bad Harzburg,Germany,51.88268,10.56157,259.4
Bad Essen,Germany,52.31667,8.33333,126.5
Baden-Baden,Germany,48.7606,8.23975,171.7
Bad Dürkheim,Germany,49.4618,8.17236,132.1
Bad Driburg,Germany,51.73297,9.01969,216.0
Bad Berleburg,Germany,51.05224,8.39227,416.6
Bad Bentheim,Germany,52.31814,7.16343,47.4
Bad Aibling,Germany,47.8638,12.01055,481.2
Backnang,Germany,48.94743,9.43718,245.4
Babenhausen,Germany,49.96519,8.95129,126.8
Aurich,Germany,53.46919,7.48232,9.9
Augsburg,Germany,48.37154,10.89851,489.1
Auerbach,Germany,50.51155,12.40083,455.9
Aue,Germany,50.59034,12.70657,403.9
Attendorn,Germany,51.12645,7.90333,257.6
Aschersleben,Germany,51.75742,11.46084,115.9
Ascheberg,Germany,51.78333,7.61667,67.7
Aschaffenburg,Germany,49.97704,9.15214,137.7
Bad Arolsen,Germany,51.37982,9.01445,290.7
Arnstadt,Germany,50.84048,10.95198,277.1
Arnsberg,Germany,51.38333,8.08333,292.8
Apolda,Germany,51.02624,11.51638,167.3
Ansbach,Germany,49.30481,10.5931,452.4
Annaberg-Buchholz,Germany,50.57953,13.00627,620.6
Angermünde,Germany,53.01499,13.99924,50.1
Andernach,Germany,50.43109,7.40425,77.1
Amberg,Germany,49.44287,11.86267,377.6
Alzey,Germany,49.74657,8.11513,175.3
Alzenau in Unterfranken,Germany,50.0888,9.06455,128.3
Altglienicke,Germany,52.41116,13.5355,46.2
Altenburg,Germany,50.98763,12.43684,188.6
Altena,Germany,51.29472,7.67337,170.6
Altdorf,Germany,49.3856,11.3573,444.1
Alsfeld,Germany,50.75185,9.27082,275.5
Alsdorf,Germany,50.87673,6.16399,168.0
Alfter,Germany,50.73333,7.01667,83.6
Alfeld,Germany,51.98382,9.81989,83.3
Albstadt,Germany,48.21644,9.02596,726.2
Aichach,Germany,48.45755,11.13413,448.5
Ahrensburg,Germany,53.67515,10.22593,42.1
Ahlen,Germany,51.76338,7.8887,83.6
Ahaus,Germany,52.07936,7.01344,50.7
Adlershof,Germany,52.43548,13.54825,42.5
Achim,Germany,53.01416,9.0263,12.3
Achern,Germany,48.63115,8.07607,143.4
Aalen,Germany,48.83777,10.0933,436.0
Vellmar,Germany,51.35806,9.47974,177.1
Rehlingen-Siersburg,Germany,49.36667,6.68333,182.6
Henstedt-Ulzburg,Germany,53.79132,9.97979,42.9
Aachen,Germany,50.77664,6.08342,175.8
Mörfelden-Walldorf,Germany,49.99472,8.58361,108.7
Riedstadt,Germany,49.83411,8.49621,90.1
Lauda-Königshofen,Germany,49.56526,9.70816,196.3
Filderstadt,Germany,48.65698,9.22049,391.2
Ostfildern,Germany,48.72704,9.24954,407.8
Rodgau,Germany,50.02627,8.88588,127.3
Gropiusstadt,Germany,52.425,13.46667,55.5
Seeheim-Jugenheim,Germany,49.765,8.65194,166.5
Charlottenburg-Nord,Germany,52.53048,13.29371,29.2
Mitte,Germany,52.52003,13.40489,36.8
Spremberg,Germany,51.56971,14.37355,101.2
Rheinstetten,Germany,48.9685,8.30704,115.7
Altstadt Sud,Germany,50.93331,6.95954,49.9
Altstadt Nord,Germany,50.93893,6.95752,60.0
Neuehrenfeld,Germany,50.95753,6.93611,50.3
Bilderstoeckchen,Germany,50.96983,6.92997,52.0
Stuttgart-Ost,Germany,48.78363,9.21032,256.2
Bochum-Hordel,Germany,51.50168,7.1756,54.5
St. Pauli,Germany,53.557,9.964,16.0
Eidelstedt,Germany,53.60697,9.90538,23.5
Halle Neustadt,Germany,51.47924,11.91605,82.8
Bergedorf,Germany,53.48462,10.22904,21.9
Spandau,Germany,52.5511,13.19921,39.2
Berlin Schöneberg,Germany,52.48388,13.3477,38.4
Berlin Treptow,Germany,52.49376,13.44469,34.1
Niederrad,Germany,50.08309,8.62852,97.0
Haselbachtal,Germany,51.2357,14.02576,224.3
Barmbek-Nord,Germany,53.6052,10.03988,19.3
Farmsen-Berne,Germany,53.60639,10.11972,23.1
Falkenhagener Feld,Germany,52.55191,13.16802,34.6
Neu-Hohenschönhausen,Germany,52.56681,13.51255,59.0
Alt-Hohenschönhausen,Germany,52.54608,13.5013,58.7
Fennpfuhl,Germany,52.52921,13.47267,58.2
Hamburg-Nord,Germany,53.58935,9.984,10.9
Burg Unter-Falkenstein,Germany,47.7044,12.10466,1246.6
Neustadt/Nord,Germany,50.949,6.9479,51.6
Neustadt/Süd,Germany,50.92509,6.94762,55.5
Kalk,Germany,50.94013,7.00605,49.5
Mülheim,Germany,50.96639,7.00384,54.4
Gartenstadt,Germany,49.45937,8.40377,97.4
Tadjoura,Djibouti,11.78528,42.88444,6.5
Obock,Djibouti,11.96306,43.29056,6.6
Djibouti,Djibouti,11.58901,43.14503,3.5
Ḏânan,Djibouti,11.18333,42.93333,446.9
'Ali Sabieh,Djibouti,11.15583,42.7125,700.7
Viborg,Denmark,56.45319,9.40201,49.5
Vejle,Denmark,55.70927,9.5357,3.2
Vanløse,Denmark,55.68361,12.48713,16.5
Taastrup,Denmark,55.65173,12.29216,17.2
Svendborg,Denmark,55.05982,10.60677,15.9
Stenløse,Denmark,55.76828,12.19723,15.0
Sønderborg,Denmark,54.90926,9.80737,16.1
Slagelse,Denmark,55.40276,11.35459,49.8
Skive,Denmark,56.56381,9.04025,1.2
Silkeborg,Denmark,56.1697,9.54508,23.4
Roskilde,Denmark,55.64152,12.08035,38.1
Rødovre,Denmark,55.68062,12.45373,18.7
Ringsted,Denmark,55.4426,11.79011,54.7
Randers,Denmark,56.4607,10.03639,10.6
Odense,Denmark,55.39594,10.38831,12.1
Nykøbing Falster,Denmark,54.76906,11.87425,2.5
Nyborg,Denmark,55.31274,10.78964,7.7
Næstved,Denmark,55.22992,11.76092,16.4
Lillerød,Denmark,55.87496,12.34579,44.3
Korsør,Denmark,55.32993,11.13857,2.1
Køge,Denmark,55.45802,12.18214,4.1
Copenhagen,Denmark,55.67594,12.56553,10.8
Kolding,Denmark,55.4904,9.47216,7.0
Kalundborg,Denmark,55.67954,11.08864,2.0
Ishøj,Denmark,55.61543,12.35182,4.7
Hvidovre,Denmark,55.65719,12.47364,7.0
Horsens,Denmark,55.86066,9.85034,4.0
Hørsholm,Denmark,55.88098,12.50111,29.9
Holstebro,Denmark,56.36009,8.61607,18.6
Holbæk,Denmark,55.71354,11.7169,15.5
Hjørring,Denmark,57.46417,9.98229,47.8
Hillerød,Denmark,55.92791,12.30081,27.0
Herning,Denmark,56.13932,8.97378,58.2
Helsingør,Denmark,56.03606,12.6136,6.5
Haderslev,Denmark,55.25377,9.48982,10.0
Greve,Denmark,55.58333,12.3,3.7
Glostrup,Denmark,55.6666,12.40377,18.4
Frederikshavn,Denmark,57.44073,10.53661,7.1
Frederiksberg,Denmark,55.67938,12.53463,15.1
Fredericia,Denmark,55.56568,9.75257,12.9
Farum,Denmark,55.80858,12.36066,31.3
Esbjerg,Denmark,55.47028,8.45187,17.2
Charlottenlund,Denmark,55.75367,12.59181,13.5
Birkerød,Denmark,55.84759,12.42791,53.7
Ballerup,Denmark,55.73165,12.36328,33.5
Århus,Denmark,56.15674,10.21076,9.9
Aalborg,Denmark,57.048,9.9187,9.0
Albertslund,Denmark,55.65691,12.36381,12.3
Aabenraa,Denmark,55.04434,9.41741,15.3
Roseau,Dominica,15.30174,-61.38808,4.8
Villa Francisca,Dominican Republic,18.46667,-69.9,19.6
Villa Consuelo,Dominican Republic,18.48333,-69.9,52.1
Villa Bisonó,Dominican Republic,19.56378,-70.87582,129.9
Villa Altagracia,Dominican Republic,18.67297,-70.17095,174.4
Tamboril,Dominican Republic,19.48538,-70.61104,263.0
Santo Domingo,Dominican Republic,18.50012,-69.98857,49.2
Santiago de los Caballeros,Dominican Republic,19.4517,-70.69703,194.7
Santa Cruz de El Seibo,Dominican Republic,18.76559,-69.03886,105.5
Santa Cruz de Barahona,Dominican Republic,18.20854,-71.10077,34.3
San Pedro de Macorís,Dominican Republic,18.46156,-69.29718,7.4
San Juan de la Maguana,Dominican Republic,18.80588,-71.22991,414.1
San José de Ocoa,Dominican Republic,18.54661,-70.50631,478.7
San Francisco de Macorís,Dominican Republic,19.30099,-70.25259,119.6
San Fernando de Monte Cristi,Dominican Republic,19.84826,-71.64597,13.3
Puerto Plata,Dominican Republic,19.79344,-70.6884,31.9
Salvaleón de Higüey,Dominican Republic,18.61501,-68.70798,96.8
Salcedo,Dominican Republic,19.37762,-70.41762,193.8
Sabaneta,Dominican Republic,19.47793,-71.34125,124.1
Sabana Grande de Boyá,Dominican Republic,18.94498,-69.79331,289.0
Río Grande,Dominican Republic,19.66667,-70.76667,391.9
Quisqueya,Dominican Republic,18.55542,-69.40814,29.5
Punta Cana,Dominican Republic,18.58182,-68.40431,27.4
Neiba,Dominican Republic,18.48137,-71.41965,15.9
Nagua,Dominican Republic,19.3832,-69.8474,2.6
Monte Plata,Dominican Republic,18.807,-69.78399,55.5
Moca,Dominican Republic,19.39352,-70.52598,188.6
Mao,Dominican Republic,19.55186,-71.07813,82.3
Las Matas de Farfán,Dominican Republic,18.87309,-71.51656,446.0
La Romana,Dominican Republic,18.42733,-68.97285,31.9
Jarabacoa,Dominican Republic,19.11683,-70.63595,545.1
Hato Mayor del Rey,Dominican Republic,18.76278,-69.25681,105.8
Esperanza,Dominican Republic,19.58469,-70.98489,113.3
Dajabón,Dominican Republic,19.54878,-71.70829,37.7
Cotuí,Dominican Republic,19.05272,-70.14939,65.7
Constanza,Dominican Republic,18.90919,-70.74499,1173.0
Concepción de La Vega,Dominican Republic,19.22207,-70.52956,100.4
Ciudad Nueva,Dominican Republic,18.46667,-69.9,19.6
Bonao,Dominican Republic,18.93687,-70.40923,176.1
Boca Chica,Dominican Republic,18.45,-69.6,8.8
San Cristóbal,Dominican Republic,18.41667,-70.1,31.1
Bella Vista,Dominican Republic,18.45539,-69.9454,54.6
Bayaguana,Dominican Republic,18.75031,-69.63525,58.3
Baní,Dominican Republic,18.27964,-70.33185,63.9
Bajos de Haina,Dominican Republic,18.41538,-70.03317,35.5
Azua,Dominican Republic,18.45319,-70.7349,80.4
Santo Domingo Oeste,Dominican Republic,18.5,-70,65.1
Boumerdas,Algeria,36.76639,3.47717,4.1
Zeribet el Oued,Algeria,34.68284,6.51109,49.8
Zeralda,Algeria,36.71169,2.84244,36.1
Zemoura,Algeria,35.72251,0.75509,291.3
Touggourt,Algeria,33.10527,6.05796,73.2
Tolga,Algeria,34.72224,5.37845,162.1
Tlemcen,Algeria,34.87833,-1.315,813.0
Tizi Rached,Algeria,36.67176,4.19176,406.6
Tizi Ouzou,Algeria,36.71182,4.04591,209.7
Tizi-n-Tleta,Algeria,36.54569,4.05712,486.0
Tizi Gheniff,Algeria,36.58839,3.77445,366.6
Tissemsilt,Algeria,35.60722,1.81081,867.1
Tirmitine,Algeria,36.65393,3.98143,541.2
Tipasa,Algeria,36.58972,2.4475,36.9
Tindouf,Algeria,27.67111,-8.14743,401.0
Timizart,Algeria,36.8,4.26667,311.8
Timimoun,Algeria,29.26388,0.23098,281.0
el hed,Algeria,36.65,4.77361,88.9
Tiaret,Algeria,35.37103,1.31699,1031.1
Theniet el Had,Algeria,35.87111,2.02806,1131.4
Thenia,Algeria,36.72544,3.55665,148.2
Telerghma,Algeria,36.11653,6.35434,752.2
Tébessa,Algeria,35.40417,8.12417,867.3
Tebesbest,Algeria,33.11667,6.08333,67.8
Tazoult-Lambese,Algeria,35.48171,6.26074,1208.8
Tamanrasset,Algeria,22.785,5.52278,1369.0
Tamalous,Algeria,36.83763,6.64018,66.2
Tadmaït,Algeria,36.74413,3.90045,53.8
Sour el Ghozlane,Algeria,36.14766,3.69123,883.5
Souma,Algeria,36.51833,2.90528,155.4
Lardjem,Algeria,35.74922,1.54778,549.3
Souk Ahras,Algeria,36.28639,7.95111,692.1
Sougueur,Algeria,35.18568,1.49612,1132.4
Skikda,Algeria,36.87617,6.90921,14.7
Sig,Algeria,35.52832,-0.19369,65.1
Sidi Okba,Algeria,34.74512,5.89833,53.0
Sidi Moussa,Algeria,36.60637,3.08783,47.7
Sidi Mérouane,Algeria,36.52056,6.26111,290.4
Sidi Khaled,Algeria,34.387,4.98785,207.3
Sidi ech Chahmi,Algeria,35.65903,-0.52168,95.7
Sidi Bel Abbès,Algeria,35.18994,-0.63085,478.7
Sidi Amrane,Algeria,33.49885,6.00803,45.1
Sidi Akkacha,Algeria,36.46472,1.30258,118.8
Sidi Aïssa,Algeria,35.88548,3.77236,663.0
Sidi Abdelli,Algeria,35.06937,-1.13706,468.0
Sfizef,Algeria,35.23464,-0.24435,553.6
Sétif,Algeria,36.19112,5.41373,1098.2
Sedrata,Algeria,36.12868,7.53376,796.1
Seddouk,Algeria,36.54722,4.68611,351.6
Sebdou,Algeria,34.63703,-1.33143,920.1
Saoula,Algeria,36.70456,3.02462,107.0
Salah Bey,Algeria,35.85451,5.29053,978.7
Saïda,Algeria,34.83033,0.15171,842.5
Rouissat,Algeria,31.92427,5.35018,138.1
Rouiba,Algeria,36.73829,3.28079,19.7
Rouached,Algeria,36.45774,6.04267,545.6
Robbah,Algeria,33.27967,6.90984,89.0
Remchi,Algeria,35.06196,-1.43362,209.9
Relizane,Algeria,35.73734,0.55599,96.9
Reguiba,Algeria,33.56391,6.70326,57.0
Reghaïa,Algeria,36.73587,3.34018,16.4
Reggane,Algeria,26.71576,0.1714,208.2
Râs el Oued,Algeria,35.9441,5.03107,1102.8
Râs el Aïoun,Algeria,35.67384,5.6453,871.4
Oum el Bouaghi,Algeria,35.87541,7.11353,929.2
Ouled Mimoun,Algeria,34.90472,-1.03394,701.8
Oued Sly,Algeria,36.10124,1.19949,93.8
Oued Rhiou,Algeria,35.96124,0.91896,97.3
Oued Fodda,Algeria,36.18503,1.53299,168.5
Oued el Alleug,Algeria,36.55528,2.79028,48.9
Oued el Abtal,Algeria,35.45595,0.68778,260.3
Ouargla,Algeria,31.94932,5.32502,137.3
Oran,Algeria,35.69111,-0.64167,111.2
Nedroma,Algeria,35.01361,-1.74799,356.3
Naciria,Algeria,36.74625,3.83163,170.0
M’Sila,Algeria,35.70583,4.54194,478.7
Mouzaïa,Algeria,36.46695,2.68991,122.8
Mostaganem,Algeria,35.93115,0.08918,110.2
Mila,Algeria,36.45028,6.26444,467.0
Metlili Chaamba,Algeria,32.26667,3.63333,546.3
Messaad,Algeria,34.15429,3.50309,774.8
Meskiana,Algeria,35.63058,7.66606,850.9
Mers el Kebir,Algeria,35.7279,-0.7081,22.5
Merouana,Algeria,35.63106,5.91186,993.3
Melouza,Algeria,35.97999,4.18665,938.2
Mekla,Algeria,36.68178,4.26378,324.6
Mehdia,Algeria,35.43058,1.75714,908.0
Megarine,Algeria,33.19195,6.08695,69.1
Meftah,Algeria,36.6204,3.22248,78.7
Médéa,Algeria,36.26417,2.75393,914.9
Mazouna,Algeria,36.12232,0.89865,334.7
Mascara,Algeria,35.39664,0.14027,589.9
Mansourah,Algeria,36.08725,4.45192,665.7
Mansoûra,Algeria,34.86158,-1.33935,904.7
Makouda,Algeria,36.78567,4.06273,296.0
L’Arbaa Naït Irathen,Algeria,36.63112,4.19864,710.2
Larbaâ,Algeria,36.56471,3.15434,105.4
Lakhdaria,Algeria,36.56463,3.5933,179.4
Laghouat,Algeria,33.8,2.86514,763.1
Ksar el Boukhari,Algeria,35.88889,2.74905,625.9
Ksar Chellala,Algeria,35.21222,2.31889,846.1
Kolea,Algeria,36.63888,2.76845,135.7
Khenchela,Algeria,35.43583,7.14333,1131.4
Khemis Miliana,Algeria,36.26104,2.22015,301.9
Khemis el Khechna,Algeria,36.64997,3.3308,94.3
Kerkera,Algeria,36.92917,6.58556,44.0
Jijel,Algeria,36.82055,5.76671,12.6
Djidiouia,Algeria,35.92989,0.82871,71.8
Isser,Algeria,36.71859,3.66924,69.0
I-n-Salah,Algeria,27.19351,2.46069,270.1
Ighram,Algeria,36.46295,4.50532,334.4
Hennaya,Algeria,34.95139,-1.36806,432.8
Héliopolis,Algeria,36.50361,7.44278,263.7
Hassi Messaoud,Algeria,31.68041,6.07286,148.5
Hammamet,Algeria,35.44862,7.95184,879.7
Hammam Bou Hadjar,Algeria,35.37889,-0.96778,150.0
Hamma Bouziane,Algeria,36.41205,6.59603,480.3
Hadjout,Algeria,36.51257,2.41382,87.7
Guelma,Algeria,36.46214,7.42608,307.8
Ghardaïa,Algeria,32.49094,3.67347,502.3
Frenda,Algeria,35.06544,1.04945,1057.0
Freha,Algeria,36.75234,4.3155,175.6
Feraoun,Algeria,36.56041,4.85454,637.7
Es Senia,Algeria,35.64779,-0.62397,90.5
El Tarf,Algeria,36.7672,8.31377,28.6
El Oued,Algeria,33.35608,6.86319,86.1
El Malah,Algeria,35.39137,-1.09238,85.8
El Kseur,Algeria,36.67942,4.8555,88.7
El Khroub,Algeria,36.26333,6.69361,626.8
El Kala,Algeria,36.89556,8.44333,20.7
El Idrissia,Algeria,34.44542,2.52749,1071.8
El Hadjira,Algeria,32.61336,5.51259,131.2
El Hadjar,Algeria,36.80377,7.73684,12.6
El Eulma,Algeria,36.15281,5.69016,959.5
El Bayadh,Algeria,33.68318,1.01927,1309.5
El Attaf,Algeria,36.22393,1.67187,158.7
Chlef,Algeria,36.16525,1.33452,120.4
El Aouinet,Algeria,35.86691,7.88673,656.5
El Amria,Algeria,35.52439,-1.01577,100.5
El Affroun,Algeria,36.4701,2.62528,103.0
El Achir,Algeria,36.06386,4.62744,1000.3
El Abiodh Sidi Cheikh,Algeria,32.893,0.54839,905.4
El Abadia,Algeria,36.26951,1.68609,175.6
Ech Chettia,Algeria,36.19591,1.25537,143.1
Drean,Algeria,36.68482,7.75111,23.3
Draa el Mizan,Algeria,36.53628,3.8334,419.4
Draa Ben Khedda,Algeria,36.73436,3.96223,46.3
Douera,Algeria,36.67,2.94444,177.1
Djelfa,Algeria,34.67279,3.263,1136.9
Djamaa,Algeria,33.53388,5.99306,42.0
Didouche Mourad,Algeria,36.4525,6.63639,536.2
Dellys,Algeria,36.91716,3.91311,76.8
Debila,Algeria,33.51667,6.95,56.1
Dar el Beïda,Algeria,36.71333,3.2125,18.6
Dar Chioukh,Algeria,34.89638,3.48543,1099.0
Constantine,Algeria,36.365,6.61472,584.4
Chorfa,Algeria,36.36505,4.32636,343.2
Chiffa,Algeria,36.46293,2.73873,113.5
Chetouane,Algeria,34.92129,-1.29512,581.7
Cheria,Algeria,35.27306,7.75194,1095.8
Cheraga,Algeria,36.76775,2.95924,174.9
Chemini,Algeria,36.6,4.61667,843.7
Chelghoum el Aïd,Algeria,36.16286,6.16651,769.7
Chebli,Algeria,36.57722,3.00917,60.4
Charef,Algeria,34.62098,2.79503,1152.1
Chabet el Ameur,Algeria,36.63709,3.69474,249.3
Brezina,Algeria,33.09892,1.26082,852.3
Bou Tlelis,Algeria,35.57272,-0.8996,100.5
Boumahra Ahmed,Algeria,36.45833,7.51389,213.9
Boukadir,Algeria,36.06629,1.12602,82.6
Bou Ismaïl,Algeria,36.64262,2.69007,34.4
Bouïra,Algeria,36.37489,3.902,518.4
Bouinan,Algeria,36.53167,2.99194,93.2
Bou Hanifia el Hamamat,Algeria,35.31473,-0.05037,230.8
Bougara,Algeria,36.54178,3.081,113.4
Bougaa,Algeria,36.33293,5.08843,872.0
Boufarik,Algeria,36.57413,2.91214,51.3
Boudouaou,Algeria,36.72735,3.40995,18.0
Boudjima,Algeria,36.80218,4.15187,283.2
Boû Arfa,Algeria,36.46298,2.81464,244.3
Bordj Zemoura,Algeria,36.27462,4.85668,1027.1
Bordj Ghdir,Algeria,35.90111,4.89806,1085.8
Bordj el Kiffan,Algeria,36.74871,3.19249,10.9
Bordj Bou Arreridj,Algeria,36.07321,4.76108,911.6
Boghni,Algeria,36.54222,3.95306,253.6
Blida,Algeria,36.47004,2.8277,261.4
Biskra,Algeria,34.85038,5.72805,119.6
Birkhadem,Algeria,36.71499,3.05002,94.6
Birine,Algeria,35.635,3.225,741.6
Bir el Djir,Algeria,35.72,-0.545,160.3
Bir el Ater,Algeria,34.74488,8.06024,892.2
Besbes,Algeria,36.70222,7.84722,23.4
Berrouaghia,Algeria,36.13516,2.91085,948.4
Berriane,Algeria,32.82648,3.76689,530.1
Berrahal,Algeria,36.83528,7.45333,28.8
Bensekrane,Algeria,35.07465,-1.22431,247.1
Ben Mehidi,Algeria,36.76967,7.90641,6.9
Beni Saf,Algeria,35.30099,-1.38226,35.7
Beni Mester,Algeria,34.87045,-1.42319,685.5
Beni Mered,Algeria,36.52389,2.86131,140.6
Beni Douala,Algeria,36.61954,4.08282,801.4
Beni Amrane,Algeria,36.66774,3.59115,132.0
Bejaïa,Algeria,36.75587,5.08433,76.5
Béchar,Algeria,31.61667,-2.21667,779.2
Batna,Algeria,35.55597,6.17414,1040.2
Barika,Algeria,35.38901,5.36584,478.9
Barbacha,Algeria,36.56667,4.96667,574.1
Baraki,Algeria,36.66655,3.09606,25.6
Bab Ezzouar,Algeria,36.72615,3.18291,18.6
Azzaba,Algeria,36.73944,7.10528,101.0
Azazga,Algeria,36.74472,4.37222,436.2
Arris,Algeria,35.25881,6.34706,1200.3
Arhribs,Algeria,36.79361,4.31158,375.7
Arbatache,Algeria,36.63773,3.37127,153.0
Aoulef,Algeria,26.96667,1.08333,284.9
Annaba,Algeria,36.9,7.76667,2.4
Ammi Moussa,Algeria,35.86781,1.11143,161.3
Amizour,Algeria,36.64022,4.90131,99.8
Algiers,Algeria,36.7525,3.04197,195.3
Akbou,Algeria,36.4575,4.53494,220.0
Aïn Touta,Algeria,35.37675,5.90001,929.8
Aïn Temouchent,Algeria,35.29749,-1.14037,242.6
Aïn Taya,Algeria,36.79333,3.28694,25.8
Aïn Smara,Algeria,36.2674,6.50135,627.5
Aïn Sefra,Algeria,32.75,-0.58333,1073.8
Aïn Oussera,Algeria,35.45139,2.90583,687.5
’Aïn Merane,Algeria,36.16277,0.97037,505.8
Aïn Kercha,Algeria,35.92472,6.69528,821.4
Aïn Fakroun,Algeria,35.97108,6.87374,956.1
’Aïn el Turk,Algeria,35.74381,-0.7693,33.8
’Aïn el Melh,Algeria,34.84146,4.16383,938.5
’Aïn el Hammam,Algeria,36.56471,4.30619,830.0
‘Aïn el Hadjel,Algeria,35.67003,3.88153,550.0
Aïn el Bya,Algeria,35.80389,-0.30178,64.0
’Aïn el Berd,Algeria,35.36395,-0.51279,485.7
’Aïn el Bell,Algeria,34.34381,3.22475,1005.1
’Aïn Deheb,Algeria,34.84218,1.54697,1082.7
Aïn Defla,Algeria,36.26405,1.9679,265.1
Aïn Bessem,Algeria,36.29333,3.67319,677.2
’Aïn Benian,Algeria,36.80277,2.92185,30.9
Aïn Beïda,Algeria,35.79639,7.39278,1013.9
Aïn Arnat,Algeria,36.18683,5.31347,1019.9
’Aïn Abid,Algeria,36.23194,6.94333,868.0
Aflou,Algeria,34.11279,2.10228,1392.0
Adrar,Algeria,27.87429,-0.29388,260.2
Abou el Hassan,Algeria,36.41657,1.19616,187.8
BABOR - VILLE,Algeria,36.48994,5.5393,948.8
Zamora,Ecuador,-4.06685,-78.95488,920.6
Yaguachi Nuevo,Ecuador,-2.0968,-79.69485,5.7
Vinces,Ecuador,-1.55611,-79.75191,18.6
Ventanas,Ecuador,-1.44158,-79.45943,23.0
Velasco Ibarra,Ecuador,-1.04376,-79.63837,74.0
Tulcán,Ecuador,0.81187,-77.71727,2959.7
Tena,Ecuador,-0.9938,-77.81286,504.8
Sucre,Ecuador,-1.27974,-80.41885,119.2
Santo Domingo de los Colorados,Ecuador,-0.25305,-79.17536,548.9
Santa Rosa,Ecuador,-3.44882,-79.95952,12.6
Santa Elena,Ecuador,-2.22622,-80.85873,42.5
San Lorenzo de Esmeraldas,Ecuador,1.28626,-78.83514,12.2
San Gabriel,Ecuador,0.59318,-77.83078,2858.1
Samborondón,Ecuador,-1.96276,-79.72402,7.5
Salinas,Ecuador,-2.21452,-80.95151,10.6
Rosa Zarate,Ecuador,0.32779,-79.47407,81.3
Riobamba,Ecuador,-1.67098,-78.64712,2758.0
Quito,Ecuador,-0.22985,-78.52495,2848.1
Quevedo,Ecuador,-1.02863,-79.46352,52.2
Puyo,Ecuador,-1.48369,-78.00257,930.0
Pujilí,Ecuador,-0.95759,-78.69636,2943.5
Puerto Francisco de Orellana,Ecuador,-0.46645,-76.98719,254.6
Portoviejo,Ecuador,-1.05458,-80.45445,41.5
Playas,Ecuador,-2.63199,-80.38808,8.3
Piñas,Ecuador,-3.68107,-79.68083,1016.8
Pelileo,Ecuador,-1.3299,-78.54341,2590.6
Pedro Carbo,Ecuador,-1.81563,-80.23309,51.7
Pasaje,Ecuador,-3.32561,-79.80697,32.6
Otavalo,Ecuador,0.23457,-78.26248,2526.6
Naranjito,Ecuador,-2.16671,-79.4654,29.9
Naranjal,Ecuador,-2.67364,-79.6183,23.9
Montecristi,Ecuador,-1.04576,-80.65889,128.7
Montalvo,Ecuador,-1.79008,-79.28759,65.7
Manta,Ecuador,-0.96212,-80.71271,21.8
Machala,Ecuador,-3.25861,-79.96053,12.1
Machachi,Ecuador,-0.51011,-78.56712,2933.3
Macas,Ecuador,-2.30868,-78.11135,911.1
Loja,Ecuador,-3.99313,-79.20422,2062.0
La Troncal,Ecuador,-2.42355,-79.33977,83.2
Latacunga,Ecuador,-0.93521,-78.61554,2769.4
La Maná,Ecuador,-0.94094,-79.22506,211.2
La Libertad,Ecuador,-2.233,-80.91039,22.9
Nueva Loja,Ecuador,0.086,-76.89528,302.5
Jipijapa,Ecuador,-1.34872,-80.57875,281.0
Ibarra,Ecuador,0.35171,-78.12233,2208.5
Huaquillas,Ecuador,-3.47523,-80.23084,9.2
Guayaquil,Ecuador,-2.20584,-79.90795,3.7
Guaranda,Ecuador,-1.59263,-79.00098,2668.2
Gualaceo,Ecuador,-2.89264,-78.77814,2234.0
Esmeraldas,Ecuador,0.9592,-79.65397,13.8
El Triunfo,Ecuador,-1.93333,-79.96667,3.9
Eloy Alfaro,Ecuador,-2.17579,-79.85519,5.8
Cuenca,Ecuador,-2.90055,-79.00453,2547.1
Chone,Ecuador,-0.69819,-80.09361,15.0
Cayambe,Ecuador,0.04084,-78.14524,2810.4
Catamayo,Ecuador,-3.98652,-79.35912,1269.3
Cariamanga,Ecuador,-4.32796,-79.55554,1952.8
Calceta,Ecuador,-0.84582,-80.16389,19.9
Boca Suno,Ecuador,-0.69832,-77.14083,260.1
Balzar,Ecuador,-1.36501,-79.90494,36.3
Bahía de Caráquez,Ecuador,-0.59792,-80.42367,3.9
Babahoyo,Ecuador,-1.80217,-79.53443,9.7
Azogues,Ecuador,-2.73969,-78.8486,2512.9
Atuntaqui,Ecuador,0.33247,-78.21371,2411.2
Ambato,Ecuador,-1.24908,-78.61675,2598.1
Tutamandahostel,Ecuador,-0.19727,-78.4975,2802.6
Viljandi,Estonia,58.36389,25.59,76.2
Tartu,Estonia,58.38062,26.72509,33.2
Tallinn,Estonia,59.43696,24.75353,4.6
Sillamäe,Estonia,59.39697,27.76331,11.5
Rakvere,Estonia,59.34639,26.35583,79.4
Pärnu,Estonia,58.38588,24.49711,4.8
Narva,Estonia,59.37722,28.19028,33.1
Maardu,Estonia,59.47667,25.025,37.7
Kohtla-Järve,Estonia,59.39861,27.27306,57.8
Ziftá,Egypt,30.7142,31.24425,14.4
Toukh,Egypt,30.35394,31.20071,22.6
Tanda,Egypt,30.78847,31.00192,22.6
Ţāmiyah,Egypt,29.47639,30.96119,-2.1
Ţalkhā,Egypt,31.0539,31.37787,9.0
Talā,Egypt,30.68025,30.94292,17.0
Ţahţā,Egypt,26.7693,31.50214,62.5
Sumusţā as Sulţānī,Egypt,28.91667,30.85,31.1
Sohag,Egypt,26.55695,31.69478,66.7
Sīdī Sālim,Egypt,31.27133,30.78617,7.4
Shirbīn,Egypt,31.19688,31.5243,12.4
Shibīn al Qanāţir,Egypt,30.31269,31.32018,23.8
Shibīn al Kawm,Egypt,30.55258,31.00904,22.0
Samannūd,Egypt,30.9616,31.24069,15.1
Samālūţ,Egypt,28.31214,30.71007,37.9
Rosetta,Egypt,31.39951,30.41718,14.7
Ras Gharib,Egypt,28.35831,33.07829,10.7
Quwaysinā,Egypt,30.56482,31.15777,16.1
Quţūr,Egypt,30.97225,30.95614,11.6
Kousa,Egypt,25.91407,32.76362,83.0
Qinā,Egypt,26.16418,32.72671,80.9
Qalyūb,Egypt,30.17922,31.2056,28.3
Naj‘ Ḩammādī,Egypt,26.04949,32.24142,78.9
Minyat an Naşr,Egypt,31.12624,31.64313,2.1
Minūf,Egypt,30.46579,30.93164,23.7
Maţāy,Egypt,28.41899,30.77924,42.4
Mashtūl as Sūq,Egypt,30.36056,31.3776,20.5
Mersa Matruh,Egypt,31.3529,27.23725,6.7
Manfalūţ,Egypt,27.3104,30.97004,54.2
Mallawī,Egypt,27.7314,30.84165,50.9
Madīnat Sittah Uktūbar,Egypt,29.81667,31.05,126.3
Kawm Umbū,Egypt,24.47669,32.94626,103.6
Kawm Ḩamādah,Egypt,30.76095,30.69733,8.3
Kafr Şaqr,Egypt,30.79336,31.62575,11.6
Kafr az Zayyāt,Egypt,30.8248,30.81805,17.6
Kafr ash Shaykh,Egypt,31.1143,30.94012,1.1
Kafr ad Dawwār,Egypt,31.13379,30.12969,11.4
Juhaynah,Egypt,26.67319,31.4976,66.0
Jirjā,Egypt,26.33826,31.89161,71.5
‘Izbat al Burj,Egypt,31.5084,31.84106,11.9
Iţsā,Egypt,29.2376,30.78944,20.7
Isnā,Egypt,25.29336,32.55402,83.1
Idkū,Egypt,31.3073,30.2981,11.7
Idfū,Egypt,24.97916,32.87722,91.2
Ibshawāy,Egypt,29.35805,30.68142,10.4
Ḩalwān,Egypt,29.84144,31.30084,29.4
Hihyā,Egypt,30.6713,31.58801,15.7
Ḩawsh ‘Īsá,Egypt,30.9128,30.29019,10.2
Fuwwah,Egypt,31.20365,30.54908,9.2
Farshūţ,Egypt,26.05494,32.16329,76.1
Fāraskūr,Egypt,31.32977,31.71507,15.2
Fāqūs,Egypt,30.73006,31.80182,11.6
Damietta,Egypt,31.41648,31.81332,13.3
Diyarb Najm,Egypt,30.75438,31.44016,11.6
Disūq,Egypt,31.13259,30.64784,14.4
Dishnā,Egypt,26.12467,32.47598,74.1
Dikirnis,Egypt,31.08898,31.59478,14.8
Dayrūţ,Egypt,27.55602,30.80764,53.0
Dayr Mawās,Egypt,27.64176,30.84662,47.1
Damanhūr,Egypt,31.03408,30.46823,5.5
Būsh,Egypt,29.14816,31.12733,35.1
Port Said,Egypt,31.25654,32.28411,4.1
Būr Safājah,Egypt,26.72918,33.93651,23.5
Bilqās,Egypt,31.21452,31.35798,13.2
Bilbays,Egypt,30.42039,31.56223,18.7
Basyūn,Egypt,30.93976,30.81338,13.1
Banī Suwayf,Egypt,29.07441,31.09785,35.8
Banī Mazār,Egypt,28.5036,30.8004,41.2
Banhā,Egypt,30.45906,31.17858,13.5
Zagazig,Egypt,30.58768,31.502,15.1
Awsīm,Egypt,30.12303,31.13571,24.9
At Tall al Kabīr,Egypt,30.54448,31.78525,13.3
Asyūţ,Egypt,27.18096,31.18368,59.1
Aswan,Egypt,24.09082,32.89942,94.7
Suez,Egypt,29.97371,32.52627,10.5
Aş Şaff,Egypt,29.56472,31.28111,27.2
Ash Shuhadā’,Egypt,30.59618,30.89875,17.2
Ashmūn,Egypt,30.29857,30.97635,18.7
Al Wāsiţah,Egypt,29.33778,31.20556,33.9
Luxor,Egypt,25.69893,32.6421,88.3
Al Qūşīyah,Egypt,27.4402,30.81841,57.2
Al Quşayr,Egypt,26.10426,34.27793,19.3
Al Qurayn,Egypt,30.61618,31.73514,12.8
Al Qanāyāt,Egypt,30.6188,31.46099,16.2
Al Qanāţir al Khayrīyah,Egypt,30.19327,31.13703,22.1
Cairo,Egypt,30.06263,31.24967,22.0
Al Minyā,Egypt,28.10988,30.7503,40.0
Al Maţarīyah,Egypt,31.18287,32.03108,10.9
Al Manzilah,Egypt,31.15815,31.937,12.7
Al Manşūrah,Egypt,31.03637,31.38069,11.1
Al Manshāh,Egypt,26.47686,31.8035,70.4
Al Maḩallah al Kubrá,Egypt,30.97063,31.1669,9.3
Al Khārijah,Egypt,25.45141,30.54635,82.2
Al Khānkah,Egypt,30.21035,31.36812,24.6
Al Jīzah,Egypt,30.00808,31.21093,30.5
Al Jamālīyah,Egypt,31.18086,31.86518,8.8
Ismailia,Egypt,30.60427,32.27225,8.7
Alexandria,Egypt,31.21564,29.95527,0.0
Al Ibrāhīmīyah,Egypt,30.71877,31.56299,10.3
Al Ḩawāmidīyah,Egypt,29.9,31.25,20.7
Al Ḩāmūl,Egypt,31.31146,31.14766,5.0
Hurghada,Egypt,27.25738,33.81291,6.1
Al Fayyūm,Egypt,29.30995,30.8418,32.1
Al Fashn,Egypt,28.82431,30.89948,35.8
Al Bawīţī,Egypt,28.34919,28.86591,129.6
Al Balyanā,Egypt,26.23568,32.00347,74.9
Al Bājūr,Egypt,30.43026,31.03681,21.8
Al Badārī,Egypt,26.99257,31.41554,62.6
Al ‘Ayyāţ,Egypt,29.61972,31.2575,27.2
Arish,Egypt,31.13159,33.79844,14.0
Akhmīm,Egypt,26.56217,31.74503,79.7
Ajā,Egypt,30.94162,31.29039,14.1
Ad Dilinjāt,Egypt,30.82791,30.53633,7.8
Abū Tīj,Egypt,27.04411,31.31897,65.9
Abū Qurqāş,Egypt,27.9312,30.83841,48.3
Abū Kabīr,Egypt,30.72508,31.67148,16.8
Abū al Maţāmīr,Egypt,30.91018,30.17438,2.9
Abnūb,Egypt,27.2696,31.15105,60.8
Az Zarqā,Egypt,31.20864,31.63528,4.0
Ain Sukhna,Egypt,29.60018,32.31671,23.9
Smara,Western Sahara,26.73841,-11.67194,188.3
Laâyoune / El Aaiún,Western Sahara,27.1418,-13.18797,69.4
Dakhla,Western Sahara,23.68477,-15.95798,7.8
Massawa,Eritrea,15.60811,39.47455,6.3
Keren,Eritrea,15.77792,38.45107,1396.0
Barentu,Eritrea,15.10582,37.59067,1007.2
Asmara,Eritrea,15.33805,38.93184,2334.4
Assab,Eritrea,13.00917,42.73944,19.1
Mendefera,Eritrea,14.88722,38.81528,1977.0
Zubia,Spain,37.11906,-3.584,757.1
Zafra,Spain,38.41667,-6.41667,504.4
Yecla,Spain,38.61365,-1.11468,612.7
Villena,Spain,38.6373,-0.86568,527.2
Villarrobledo,Spain,39.26992,-2.60119,726.1
Vila-real,Spain,39.9383,-0.10087,48.2
Villanueva de la Serena,Spain,38.97655,-5.7974,288.6
Villajoyosa,Spain,38.50754,-0.23346,35.9
Vícar,Spain,36.83155,-2.64273,273.9
Vélez-Málaga,Spain,36.78107,-4.10266,63.6
Valencia,Spain,39.46975,-0.37739,24.3
Valdepeñas,Spain,38.76211,-3.38483,715.2
Utrera,Spain,37.18516,-5.78093,52.2
Ubrique,Spain,36.67777,-5.446,325.1
Úbeda,Spain,38.01328,-3.3705,759.0
Totana,Spain,37.7688,-1.50229,260.3
Torrox,Spain,36.75793,-3.95233,135.7
Torrevieja,Spain,37.97872,-0.68222,14.7
Torre-Pacheco,Spain,37.74293,-0.95396,45.5
Torrent,Spain,39.43705,-0.46546,52.9
Torremolinos,Spain,36.62035,-4.49976,41.1
Tomelloso,Spain,39.15759,-3.02156,668.8
Tomares,Spain,37.37281,-6.04589,70.3
Toledo,Spain,39.8581,-4.02263,526.2
Tías,Spain,28.96108,-13.64502,173.2
Telde,Spain,27.99243,-15.41915,155.3
Teguise,Spain,29.06049,-13.56397,285.7
Tarifa,Spain,36.01393,-5.60695,22.4
Talavera de la Reina,Spain,39.96348,-4.83076,382.3
Tacoronte,Spain,28.47688,-16.41016,571.6
Tavernes de la Valldigna,Spain,39.07195,-0.26623,17.0
Sueca,Spain,39.2026,-0.31114,16.1
Silla,Spain,39.36667,-0.41667,12.6
Sevilla,Spain,37.38283,-5.97317,10.8
San Vicent del Raspeig,Spain,38.3964,-0.5255,111.7
Santomera,Spain,38.06147,-1.04877,42.2
Santa Pola,Spain,38.19165,-0.5658,-2.0
Santa Lucía,Spain,27.91174,-15.54071,701.7
Santafé,Spain,37.18856,-3.71887,581.9
Santa Eulària des Riu,Spain,38.98457,1.53409,8.0
Santa Cruz de Tenerife,Spain,28.46824,-16.25462,47.5
Santa Cruz de la Palma,Spain,28.68351,-17.76421,12.0
Santa Brígida,Spain,28.03197,-15.50425,489.2
San Roque,Spain,36.21067,-5.38415,108.4
San Pedro del Pinatar,Spain,37.83568,-0.79102,18.3
San Miguel,Spain,28.09826,-16.61708,599.6
Sanlúcar de Barrameda,Spain,36.77808,-6.3515,13.6
San Juan de Aznalfarache,Spain,37.35813,-6.03731,54.4
San Juan de Alicante,Spain,38.40148,-0.43623,44.2
San Javier,Spain,37.80626,-0.83736,31.9
San Isidro,Spain,28.07617,-16.558,216.2
San Fernando,Spain,36.4759,-6.19817,13.4
La Laguna,Spain,28.4853,-16.32014,554.0
San Bartolomé de Tirajana,Spain,27.92481,-15.57329,896.0
San Bartolomé,Spain,29.00093,-13.613,271.6
Sant Antoni de Portmany,Spain,38.98068,1.30362,11.9
Sagunto,Spain,39.68333,-0.26667,38.5
Rota,Spain,36.62545,-6.3622,15.8
Roquetas de Mar,Spain,36.76419,-2.61475,12.2
Ronda,Spain,36.74231,-5.16709,722.9
Rojales,Spain,38.08799,-0.72544,9.3
Rincón de la Victoria,Spain,36.71715,-4.27583,8.4
Ribarroja,Spain,39.54595,-0.57069,110.4
Requena,Spain,39.48834,-1.10044,701.0
Realejo Alto,Spain,28.37645,-16.58575,393.7
Puçol,Spain,39.61667,-0.3,11.5
Puerto Real,Spain,36.52819,-6.19011,10.7
Puertollano,Spain,38.68712,-4.10734,692.7
Puerto del Rosario,Spain,28.50038,-13.86272,38.0
Puerto de la Cruz,Spain,28.41397,-16.54867,48.8
Puente-Genil,Spain,37.38943,-4.76686,216.0
La Pobla de Vallbona,Spain,39.59747,-0.55468,116.3
Priego de Córdoba,Spain,37.43807,-4.19523,661.6
Pozoblanco,Spain,38.37906,-4.84827,655.4
Pollença,Spain,39.87678,3.01626,47.9
Pilar de la Horadada,Spain,37.86591,-0.79256,37.8
Picassent,Spain,39.3635,-0.45949,53.1
Paterna,Spain,39.5,-0.43333,59.9
Palma,Spain,39.56939,2.65024,33.5
Palma del Río,Spain,37.70024,-5.28121,59.9
Pájara,Spain,28.35039,-14.1076,205.1
Paiporta,Spain,39.42814,-0.41765,27.5
Osuna,Spain,37.2376,-5.10311,289.5
Orihuela,Spain,38.08483,-0.94401,30.3
Ontinyent,Spain,38.82191,-0.60603,368.9
Onda,Spain,39.96495,-0.26041,188.9
Oliva,Spain,38.91971,-0.11935,17.5
Novelda,Spain,38.38479,-0.76773,248.7
Níjar,Spain,36.96655,-2.20595,365.5
Nerja,Spain,36.75278,-3.8744,49.5
Navalmoral de la Mata,Spain,39.89158,-5.54064,293.7
Murcia,Spain,37.98704,-1.13004,49.6
Mula,Spain,38.04095,-1.49014,307.5
Muchamiel,Spain,38.4158,-0.44529,73.5
Motril,Spain,36.75066,-3.5179,63.9
Morón de la Frontera,Spain,37.12084,-5.45403,228.3
Montilla,Spain,37.58627,-4.63805,381.0
Montijo,Spain,38.90839,-6.61785,199.7
Moncada,Spain,39.54555,-0.39551,34.9
Molina de Segura,Spain,38.05456,-1.20763,107.0
Moguer,Spain,37.27559,-6.83851,55.0
Mogán,Spain,27.88385,-15.72538,235.9
Mislata,Spain,39.47523,-0.41825,34.8
Mijas,Spain,36.59575,-4.63728,416.3
Mérida,Spain,38.91611,-6.34366,230.6
Melilla,Spain,35.29369,-2.93833,6.0
Mazarrón,Spain,37.5992,-1.31493,70.4
Maspalomas,Spain,27.76056,-15.58602,30.4
Massamagrell,Spain,39.56667,-0.33333,17.7
Martos,Spain,37.72107,-3.97264,663.4
Marratxí,Spain,39.62142,2.7253,72.5
Marchena,Spain,37.329,-5.41681,134.3
Marbella,Spain,36.51543,-4.88583,57.6
Maracena,Spain,37.20764,-3.63493,661.3
Manzanares,Spain,38.99915,-3.36991,664.2
Manises,Spain,39.49139,-0.46349,56.5
Manacor,Spain,39.56964,3.20955,92.8
Málaga,Spain,36.72016,-4.42034,19.2
Mairena del Aljarafe,Spain,37.34461,-6.06391,67.3
Mairena del Alcor,Spain,37.37301,-5.74951,136.0
Maó,Spain,39.88853,4.26583,38.1
Lucena,Spain,37.40881,-4.48522,494.8
Los Palacios y Villafranca,Spain,37.16181,-5.92433,11.6
Los Llanos de Aridane,Spain,28.65851,-17.91821,340.1
Los Barrios,Spain,36.18482,-5.49213,21.9
Los Alcázares,Spain,37.74425,-0.85041,4.0
Lorca,Spain,37.67119,-1.7017,343.3
Lora del Río,Spain,37.65896,-5.52751,43.8
Loja,Spain,37.16887,-4.15129,460.4
Llucmajor,Spain,39.49093,2.89108,144.5
Llíria,Spain,39.62894,-0.59783,177.5
Linares,Spain,38.09519,-3.63602,413.5
Lepe,Spain,37.25482,-7.20433,23.4
Lebrija,Spain,36.92077,-6.07529,38.6
La Unión,Spain,37.61915,-0.87799,110.6
Las Torres de Cotillas,Spain,38.02822,-1.24188,86.9
Las Palmas de Gran Canaria,Spain,28.09973,-15.41343,17.5
La Solana,Spain,38.94422,-3.2381,765.0
Las Cabezas de San Juan,Spain,36.9838,-5.93933,49.0
La Roda,Spain,39.20735,-2.15723,710.2
La Rinconada,Spain,37.48613,-5.98091,12.8
La Orotava,Spain,28.39076,-16.52309,362.1
La Oliva,Spain,28.61052,-13.92912,219.1
la Nucia,Spain,38.61372,-0.1269,239.8
La Línea de la Concepción,Spain,36.16809,-5.34777,4.0
L'Eliana,Spain,39.56667,-0.53333,92.7
La Carolina,Spain,38.27559,-3.61535,599.8
Jumilla,Spain,38.47917,-1.325,526.0
Jerez de la Frontera,Spain,36.68645,-6.13606,52.8
Javea,Spain,38.78333,0.16667,11.3
Xàtiva,Spain,38.99042,-0.51852,115.0
Jaén,Spain,37.76922,-3.79028,560.1
Isla Cristina,Spain,37.2,-7.31667,6.0
Ingenio,Spain,27.91855,-15.43433,264.3
Inca,Spain,39.7211,2.91093,123.7
Icod de los Vinos,Spain,28.37241,-16.71188,226.1
Ibiza,Spain,38.90883,1.43296,8.1
Ibi,Spain,38.62533,-0.57225,751.0
Huércal-Overa,Spain,37.38897,-1.94536,284.1
Huelva,Spain,37.26638,-6.94004,34.4
Hellín,Spain,38.5106,-1.70096,554.6
Güimar,Spain,28.31122,-16.41276,269.9
Guía de Isora,Spain,28.21154,-16.77947,593.4
Guardamar del Segura,Spain,38.09031,-0.65556,34.1
Guadix,Spain,37.29932,-3.13922,922.8
Granadilla de Abona,Spain,28.11882,-16.57599,633.6
Granada,Spain,37.18817,-3.60667,689.1
Gandia,Spain,38.96667,-0.18333,32.7
Gáldar,Spain,28.14701,-15.6502,149.8
Fuengirola,Spain,36.53998,-4.62473,13.2
Felanitx,Spain,39.4696,3.14831,122.8
Estepona,Spain,36.42764,-5.14589,12.8
El Viso del Alcor,Spain,37.39106,-5.71993,170.1
El Puerto de Santa María,Spain,36.59389,-6.23298,4.0
El Ejido,Spain,36.77629,-2.81456,83.9
Elda,Spain,38.47783,-0.79157,408.3
Elche,Spain,38.26218,-0.70107,77.5
El Arahal,Spain,37.26273,-5.5453,118.5
Écija,Spain,37.5422,-5.0826,108.0
Dos Hermanas,Spain,37.28287,-5.92088,43.0
Don Benito,Spain,38.95627,-5.86162,285.9
Denia,Spain,38.84078,0.10574,19.0
Daimiel,Spain,39.07004,-3.61498,625.7
Cullera,Spain,39.16667,-0.25,110.2
Quart de Poblet,Spain,39.48139,-0.43937,42.9
Crevillente,Spain,38.24994,-0.80975,139.7
Coria del Río,Spain,37.28766,-6.0541,11.0
Córdoba,Spain,37.89155,-4.77275,114.1
Conil de la Frontera,Spain,36.27719,-6.0885,35.3
Coín,Spain,36.65947,-4.75639,209.5
Ciudad Real,Spain,38.98626,-3.92907,634.3
Cieza,Spain,38.23998,-1.41987,190.8
Xirivella,Spain,39.46588,-0.42589,36.1
Chipiona,Spain,36.73663,-6.43703,6.9
Chiclana de la Frontera,Spain,36.41915,-6.14941,10.1
Cehegín,Spain,38.09242,-1.7985,536.6
Catarroja,Spain,39.4,-0.4,11.7
Castilleja de la Cuesta,Spain,37.38594,-6.05258,98.5
Castelló de la Plana,Spain,39.98567,-0.04935,37.7
Cartaya,Spain,37.28114,-7.15071,14.8
Cártama,Spain,36.71068,-4.63297,103.2
Cartagena,Spain,37.60512,-0.98623,9.3
Carmona,Spain,37.47125,-5.64608,219.7
Carlet,Spain,39.2266,-0.52142,54.4
Carcaixent,Spain,39.1218,-0.44812,26.7
Caravaca,Spain,38.10558,-1.86343,650.7
Candelaria,Spain,28.3548,-16.37268,39.3
Campo de Criptana,Spain,39.40463,-3.12492,707.8
Campiña,Spain,38.21896,-2.98069,637.2
el Campello,Spain,38.42885,-0.39774,27.0
Camas,Spain,37.40202,-6.03314,12.2
Calvià,Spain,39.5657,2.50621,125.6
Calp,Spain,38.6447,0.0445,57.1
Callosa de Segura,Spain,38.12497,-0.87822,21.6
Cadiz,Spain,36.52978,-6.29465,17.4
Cáceres,Spain,39.47649,-6.37224,434.2
Cabra,Spain,37.47249,-4.44206,459.1
Burriana,Spain,39.88901,-0.08499,22.3
Burjassot,Spain,39.50984,-0.41327,52.1
Bormujos,Spain,37.37358,-6.07233,111.1
Bétera,Spain,39.59111,-0.46151,110.5
Berja,Spain,36.84693,-2.94966,342.1
Benidorm,Spain,38.53816,-0.13098,26.0
Benetússer,Spain,39.42265,-0.39686,18.6
Benalmádena,Spain,36.5961,-4.57267,241.1
Baza,Spain,37.49073,-2.77259,840.8
Barbate de Franco,Spain,36.19237,-5.92186,16.7
Bailén,Spain,38.09639,-3.77786,349.7
Baeza,Spain,37.99384,-3.47103,761.5
Baena,Spain,37.6167,-4.32245,412.1
Badajoz,Spain,38.87789,-6.97061,197.0
Ayamonte,Spain,37.21329,-7.40807,9.5
Atarfe,Spain,37.22479,-3.68686,614.9
Aspe,Spain,38.34511,-0.76721,243.6
Arucas,Spain,28.11983,-15.52325,270.5
Arrecife,Spain,28.96302,-13.54769,14.5
Arona,Spain,28.09962,-16.68102,628.5
Armilla,Spain,37.14386,-3.62534,671.8
Arcos de la Frontera,Spain,36.75075,-5.81056,147.6
Archena,Spain,38.11631,-1.30043,118.5
Antequera,Spain,37.01938,-4.56123,518.0
Andújar,Spain,38.03922,-4.05077,218.6
Altea,Spain,38.59885,-0.05139,64.2
Almuñécar,Spain,36.73393,-3.69072,22.0
Almoradí,Spain,38.10879,-0.79197,16.6
Almonte,Spain,37.2647,-6.51667,74.7
Almería,Spain,36.83814,-2.45974,28.1
Almendralejo,Spain,38.68316,-6.40747,336.6
Almassora,Spain,39.94729,-0.06313,35.1
Almansa,Spain,38.86917,-1.09713,700.3
Aljaraque,Spain,37.26989,-7.02313,29.7
Alicante,Spain,38.34517,-0.48149,13.7
Alhaurín el Grande,Spain,36.643,-4.68728,254.8
Alhaurín de la Torre,Spain,36.66401,-4.56139,91.5
Alhama de Murcia,Spain,37.85103,-1.42507,197.0
Algemesí,Spain,39.19042,-0.43572,25.0
Algeciras,Spain,36.13326,-5.45051,25.4
Alfafar,Spain,39.41667,-0.38333,7.5
Aldaia,Spain,39.46569,-0.46005,48.2
Alcúdia,Spain,39.85316,3.12138,20.1
Alcoy,Spain,38.70545,-0.47432,546.6
Alzira,Spain,39.15,-0.43333,27.8
Alcázar de San Juan,Spain,39.39011,-3.20827,647.4
Alcantarilla,Spain,37.96939,-1.21714,75.1
Alcalá la Real,Spain,37.4614,-3.92301,910.7
Alcalá de Guadaira,Spain,37.33791,-5.83951,65.9
Alboraya,Spain,39.5,-0.35,11.8
Albolote,Spain,37.23088,-3.6551,653.8
Albal,Spain,39.4,-0.41667,11.2
Albacete,Spain,38.99424,-1.85643,692.2
Alaquàs,Spain,39.45568,-0.461,50.3
Agüimes,Spain,27.90539,-15.44609,285.1
Águilas,Spain,37.4063,-1.58289,25.4
Adra,Spain,36.74961,-3.02055,21.2
Adeje,Spain,28.12271,-16.726,286.2
Groa de Murviedro,Spain,39.64167,-0.23889,4.2
Zarautz,Spain,43.28444,-2.16992,4.5
Zaragoza,Spain,41.65606,-0.87734,201.9
Zamora,Spain,41.50633,-5.74456,662.6
Viveiro,Spain,43.66228,-7.59344,26.3
Gasteiz / Vitoria,Spain,42.84998,-2.67268,543.7
Vinaròs,Spain,40.47033,0.47559,13.8
Villaviciosa de Odón,Spain,40.35692,-3.90011,645.6
Villaverde,Spain,40.35,-3.7,596.0
Villaquilambre,Spain,42.64685,-5.55835,891.3
Vilanova i la Geltrú,Spain,41.22392,1.72511,25.0
Villanueva del Pardillo,Spain,40.49014,-3.96383,653.7
Villanueva de la Cañada,Spain,40.44689,-4.00428,658.2
Vilalba,Spain,43.29806,-7.6813,477.2
Vilagarcía de Arousa,Spain,42.59631,-8.76426,11.0
Vilafranca del Penedès,Spain,41.34618,1.69713,230.8
Vila-seca,Spain,41.11118,1.14764,42.6
Vilaseca,Spain,42.06174,2.25528,537.8
Viladecans,Spain,41.31405,2.01427,13.3
Vigo,Spain,42.23282,-8.72264,78.8
Vic,Spain,41.93012,2.25486,508.2
Vicálvaro,Spain,40.4,-3.6,655.2
El Vendrell,Spain,41.21667,1.53333,40.8
Valls,Spain,41.28612,1.24993,227.1
Valladolid,Spain,41.65518,-4.72372,700.0
Valdemoro,Spain,40.19081,-3.67887,606.1
Vaciamadrid,Spain,40.32605,-3.51089,566.2
Utebo,Spain,41.70826,-0.99916,212.3
Tui,Spain,42.04713,-8.64435,52.0
Tudela,Spain,42.06166,-1.60452,262.8
Tortosa,Spain,40.81249,0.5216,22.3
Torrelodones,Spain,40.57654,-3.92658,852.5
Torrelavega,Spain,43.34943,-4.04785,28.7
Torrejón de Ardoz,Spain,40.45535,-3.46973,590.7
Torredembarra,Spain,41.14505,1.39861,23.5
Tordera,Spain,41.69914,2.71888,36.5
Tolosa,Spain,43.13484,-2.07801,77.9
Tetuán de las Victorias,Spain,40.46667,-3.71667,675.8
Teruel,Spain,40.3456,-1.10646,907.6
Teo,Spain,42.75,-8.5,165.9
Tàrrega,Spain,41.64704,1.13957,382.9
Terrassa,Spain,41.56667,2.01667,296.7
Tarragona,Spain,41.11667,1.25,45.4
Tarancón,Spain,40.00851,-3.00731,815.8
Soria,Spain,41.76401,-2.46883,1060.1
Sitges,Spain,41.23506,1.81193,16.0
Sestao,Spain,43.30975,-3.00716,64.9
Seseña,Spain,40.10473,-3.69793,611.7
Segovia,Spain,40.94808,-4.11839,986.6
Cerdanyola del Vallès,Spain,41.49109,2.14079,85.9
Sant Vicenç dels Horts,Spain,41.39317,2.00689,49.4
Barakaldo,Spain,43.29639,-2.98813,30.1
Santurtzi,Spain,43.32842,-3.03248,21.6
Sant Just Desvern,Spain,41.38389,2.06758,92.2
Santiago de Compostela,Spain,42.88052,-8.54569,254.3
Santa Perpètua de Mogoda,Spain,41.53333,2.18333,73.1
Santander,Spain,43.46472,-3.80444,21.8
Barberà del Vallès,Spain,41.5159,2.12457,135.5
Santa Coloma de Gramenet,Spain,41.45152,2.2081,32.9
San Sebastián de los Reyes,Spain,40.55555,-3.62733,678.4
Donostia / San Sebastián,Spain,43.31283,-1.97499,2.7
Sant Quirze del Vallès,Spain,41.53333,2.08333,176.7
Sant Pere de Ribes,Spain,41.26045,1.77391,48.7
San Martín de la Vega,Spain,40.20735,-3.57063,517.1
San Lorenzo de El Escorial,Spain,40.59144,-4.14738,1043.6
Vilassar de Mar,Spain,41.50507,2.39227,16.7
Sant Joan Despí,Spain,41.36718,2.0574,22.6
Sanxenxo,Spain,42.39996,-8.80698,8.7
San Fernando de Henares,Spain,40.42386,-3.53261,583.3
Sant Feliu de Llobregat,Spain,41.38333,2.05,45.1
Sant Feliu de Guíxols,Spain,41.78333,3.03333,8.7
Sant Cugat del Vallès,Spain,41.47063,2.08611,119.7
Sant Celoni,Spain,41.68921,2.48965,160.1
Sant Carles de la Ràpita,Spain,40.61667,0.6,0.0
Sant Boi de Llobregat,Spain,41.34357,2.03659,41.2
Sant Andreu de Palomar,Spain,41.43541,2.18982,32.5
San Andrés del Rabanedo,Spain,42.61174,-5.61671,850.9
Sant Andreu de la Barca,Spain,41.44659,1.97187,57.7
Sant Adrià de Besòs,Spain,41.43073,2.21855,9.2
Sama,Spain,43.29568,-5.68416,215.9
Salt,Spain,41.97489,2.79281,82.7
Salou,Spain,41.07663,1.14163,10.8
Salamanca,Spain,40.96882,-5.66388,815.0
Sabadell,Spain,41.54329,2.10942,186.5
Rubí,Spain,41.49226,2.03305,143.6
Roses,Spain,42.26199,3.17689,9.2
Ripollet,Spain,41.49686,2.15739,76.6
Ribeira,Spain,42.74611,-8.44392,61.5
Reus,Spain,41.15612,1.10687,129.8
Errenteria,Spain,43.31195,-1.90234,11.8
Redondela,Spain,42.28337,-8.6096,5.1
Puente de Vallecas,Spain,40.39354,-3.662,629.5
Ponteareas,Spain,42.17476,-8.50398,43.3
Premià de Mar,Spain,41.49206,2.36524,6.1
Pozuelo de Alarcón,Spain,40.43293,-3.81338,705.6
Poio,Spain,42.44775,-8.68594,45.1
Portugalete,Spain,43.32099,-3.02064,50.6
Porriño,Spain,42.16156,-8.6198,42.0
Pontevedra,Spain,42.431,-8.64435,21.7
Ponferrada,Spain,42.54664,-6.59619,520.0
Plasencia,Spain,40.03116,-6.08845,371.7
Pinto,Spain,40.24147,-3.69999,610.8
Pineda de Mar,Spain,41.62763,2.6889,8.7
Parla,Spain,40.23604,-3.76752,644.0
Parets del Vallès,Spain,41.57481,2.23306,97.7
Pamplona,Spain,42.81687,-1.64323,449.5
Palencia,Spain,42.00955,-4.52406,739.1
Palamós,Spain,41.84843,3.12912,11.5
Palafrugell,Spain,41.91738,3.1631,68.5
Oviedo,Spain,43.36029,-5.84476,241.6
Oria,Spain,43.25541,-2.01873,33.4
Ourense,Spain,42.33669,-7.86407,146.0
Olot,Spain,42.18096,2.49012,438.0
Olesa de Montserrat,Spain,41.54372,1.89407,116.1
Oleiros,Spain,43.33333,-8.31667,125.9
Nigrán,Spain,42.14153,-8.80656,35.8
Navalcarnero,Spain,40.28908,-4.01197,664.1
Narón,Spain,43.50175,-8.19082,24.4
Mungia,Spain,43.35461,-2.84524,40.7
Móstoles,Spain,40.32234,-3.86496,656.6
Moratalaz,Spain,40.41667,-3.65,671.4
Monzón,Spain,41.91084,0.19406,278.4
Montornès del Vallès,Spain,41.54206,2.26748,94.0
Monforte de Lemos,Spain,42.52165,-7.51422,295.5
Arrasate / Mondragón,Spain,43.06441,-2.48977,208.7
Montcada i Reixac,Spain,41.48333,2.18333,66.1
Mollet del Vallès,Spain,41.54026,2.21306,70.6
Molins de Rei,Spain,41.41667,2.01667,43.0
Moaña,Spain,42.28333,-8.75,112.6
Miranda de Ebro,Spain,42.6865,-2.94695,468.0
Mieres,Spain,43.25,-5.76667,361.6
Mejorada del Campo,Spain,40.39283,-3.48194,575.5
Medina del Campo,Spain,41.31239,-4.91413,725.5
Mataró,Spain,41.54211,2.4445,32.6
El Masnou,Spain,41.47978,2.3188,8.3
Martorell,Spain,41.47402,1.93062,72.9
Marín,Spain,42.38333,-8.7,18.4
Manresa,Spain,41.72815,1.82399,239.1
Manlleu,Spain,42.00228,2.28476,460.8
Malgrat de Mar,Spain,41.64662,2.74135,10.7
Majadahonda,Spain,40.47353,-3.87182,743.5
Madrid,Spain,40.4165,-3.70256,663.1
Lugo,Spain,43.00992,-7.55602,463.7
Logroño,Spain,42.46667,-2.45,388.2
Lloret de Mar,Spain,41.69993,2.84565,13.5
Laudio / Llodio,Spain,43.14322,-2.96204,129.2
Lleida,Spain,41.61674,0.62218,181.9
León,Spain,42.60003,-5.57032,844.5
Leioa,Spain,43.32686,-2.98884,22.3
Leganés,Spain,40.32718,-3.7635,666.7
Las Rozas de Madrid,Spain,40.49292,-3.87371,719.2
Lasarte,Spain,43.26774,-2.02169,15.3
La Pineda,Spain,41.07625,1.18515,0.0
Lalín,Spain,42.66085,-8.11285,551.6
Laguna de Duero,Spain,41.58151,-4.72332,707.2
A Estrada,Spain,42.68911,-8.48842,294.4
A Coruña,Spain,43.37135,-8.396,10.0
Irun,Spain,43.33904,-1.78938,18.5
Illescas,Spain,40.12213,-3.84704,587.0
Igualada,Spain,41.58098,1.6172,319.4
Humanes de Madrid,Spain,40.25038,-3.83062,676.3
Huesca,Spain,42.13615,-0.4087,468.6
L'Hospitalet de Llobregat,Spain,41.35967,2.10028,17.5
Hortaleza,Spain,40.47444,-3.6411,703.0
Hernani,Spain,43.26615,-1.97615,49.5
Gernika-Lumo,Spain,43.31667,-2.68333,79.0
Getxo,Spain,43.35689,-3.01146,37.3
Guadalajara,Spain,40.62862,-3.16185,718.8
Granollers,Spain,41.60797,2.28773,154.5
Gràcia,Spain,41.40237,2.15641,72.9
Gijón,Spain,43.53573,-5.66152,16.9
Getafe,Spain,40.30571,-3.73295,634.9
Girona,Spain,41.98311,2.82493,79.9
Gavà,Spain,41.30605,2.00123,16.2
Galdakao,Spain,43.23333,-2.83333,109.8
Galapagar,Spain,40.5783,-4.00426,881.0
Hondarribia,Spain,43.36859,-1.79622,25.7
Fuenlabrada,Spain,40.28419,-3.79415,668.4
Figueras,Spain,43.53943,-7.02559,7.1
Figueres,Spain,42.26645,2.96163,38.8
Esplugues de Llobregat,Spain,41.37732,2.08809,103.0
Esparreguera,Spain,41.53809,1.87025,177.6
Ermua,Spain,43.18725,-2.50261,177.4
Erandio,Spain,43.30438,-2.97352,6.5
El Prat de Llobregat,Spain,41.32784,2.09472,8.6
Ferrol,Spain,43.48321,-8.23689,31.5
El Astillero,Spain,43.40094,-3.82051,22.1
Ejea de los Caballeros,Spain,42.12632,-1.13716,327.5
Eibar,Spain,43.18493,-2.47158,135.8
Durango,Spain,43.17124,-2.6338,116.9
Culleredo,Spain,43.28788,-8.38858,75.6
Cuenca,Spain,40.06667,-2.13333,940.0
Coslada,Spain,40.42378,-3.56129,617.0
Cornellà de Llobregat,Spain,41.35,2.08333,12.1
Colmenar Viejo,Spain,40.65909,-3.76762,886.8
Collado-Villalba,Spain,40.63506,-4.00486,883.3
Ciudad Lineal,Spain,40.45455,-3.64808,697.3
Ciutadella,Spain,40.00112,3.84144,22.8
Ciempozuelos,Spain,40.15913,-3.62103,585.0
Chamartín,Spain,40.46206,-3.6766,714.4
Castro-Urdiales,Spain,43.38285,-3.22043,14.8
Castelldefels,Spain,41.27794,1.97033,5.3
Castellar del Vallès,Spain,41.61667,2.08333,297.9
Cardedeu,Spain,41.63976,2.35739,198.1
Carballo,Spain,43.213,-8.69104,106.8
Canovelles,Spain,41.61667,2.28333,155.9
Cangas do Morrazo,Spain,42.26413,-8.78463,9.6
Cambrils,Spain,41.06997,1.05949,11.8
Cambre,Spain,43.29438,-8.34736,50.5
Camargo,Spain,43.40744,-3.88498,29.1
Calella,Spain,41.61381,2.65423,16.4
Caldes de Montbui,Spain,41.63333,2.16667,230.6
Calatayud,Spain,41.35353,-1.64318,541.9
Calahorra,Spain,42.30506,-1.96521,353.3
Calafell,Spain,41.19997,1.5683,44.8
Burlata,Spain,42.82562,-1.61671,437.8
Burgos,Spain,42.35022,-3.67527,867.5
Boiro,Spain,42.64725,-8.88459,27.8
Boadilla del Monte,Spain,40.405,-3.87835,671.8
Blanes,Spain,41.67419,2.79036,11.9
Bilbao,Spain,43.26271,-2.92528,23.1
Bermeo,Spain,43.42088,-2.72152,27.1
Berga,Spain,42.10429,1.84628,719.3
Benicàssim,Spain,40.05,0.06667,7.9
Benicarló,Spain,40.4165,0.42709,15.9
Benavente,Spain,42.00249,-5.67826,744.1
Béjar,Spain,40.38641,-5.76341,942.6
Barcelona,Spain,41.38879,2.15899,44.4
Barbastro,Spain,42.03565,0.12686,337.0
Barañáin,Spain,42.80567,-1.67731,441.5
Barajas de Madrid,Spain,40.47366,-3.57777,623.5
Banyoles,Spain,42.11667,2.76667,169.0
Balaguer,Spain,41.79117,0.81094,222.8
Badalona,Spain,41.45004,2.24741,15.1
Azuqueca de Henares,Spain,40.56566,-3.26753,634.8
Avilés,Spain,43.55473,-5.92483,24.6
Ávila,Spain,40.65724,-4.69951,1130.5
Arteixo,Spain,43.30482,-8.50749,22.3
Arganda,Spain,40.30076,-3.43722,625.5
Aranjuez,Spain,40.03108,-3.60246,507.8
Aranda de Duero,Spain,41.67041,-3.6892,796.9
Amposta,Spain,40.70995,0.57856,11.5
Amorebieta,Spain,43.21667,-2.73333,65.3
Amés,Spain,42.90426,-8.65551,100.0
Algorta,Spain,43.34927,-3.0094,45.1
Algete,Spain,40.59711,-3.49743,717.9
Alcorcón,Spain,40.34582,-3.82487,723.5
Alcobendas,Spain,40.54746,-3.64197,692.1
Alcañiz,Spain,41.05,-0.13333,343.1
Alcalá de Henares,Spain,40.48205,-3.35996,589.4
Nou Barris,Spain,41.44163,2.17727,78.9
Pinar de Chamartín,Spain,40.47903,-3.66836,724.1
Playa del Ingles,Spain,27.7567,-15.5787,43.0
Puerto del Carmen,Spain,28.92313,-13.66579,37.9
Ceuta,Spain,35.88933,-5.31979,12.1
Moncloa-Aravaca,Spain,40.43547,-3.7317,610.2
Eixample,Spain,41.38896,2.16179,36.6
les Corts,Spain,41.38712,2.13007,73.6
Sarrià-Sant Gervasi,Spain,41.40104,2.1394,119.1
Horta-Guinardó,Spain,41.41849,2.1677,164.7
Sants-Montjuïc,Spain,41.37263,2.1546,40.7
Sant Martí,Spain,41.41814,2.19933,14.3
Ciutat Vella,Spain,41.38022,2.17319,31.1
Arganzuela,Spain,40.40021,-3.69618,602.8
San Blas,Spain,40.43893,-3.61537,659.1
Latina,Spain,40.38897,-3.74569,648.0
Usera,Spain,40.38866,-3.70035,584.3
Salamanca,Spain,40.42972,-3.67975,678.1
Chamberí,Spain,40.43404,-3.70379,684.9
Carabanchel,Spain,40.39094,-3.7242,619.4
City Center,Spain,40.41831,-3.70275,672.0
Retiro,Spain,40.41317,-3.68307,662.7
l'Alfàs del Pi,Spain,38.58055,-0.10321,92.5
Las Gabias,Spain,37.13548,-3.67029,689.5
Delicias,Spain,41.64928,-0.90757,228.0
Almozara,Spain,41.66124,-0.90169,203.5
Montecanal,Spain,41.62965,-0.93873,259.1
Oliver-Valdefierro,Spain,41.64454,-0.93349,242.3
Santutxu,Spain,43.25347,-2.9161,84.0
Los Realejos,Spain,28.38487,-16.58275,302.7
Pasaia,Spain,43.3253,-1.92707,12.8
Basauri,Spain,43.2397,-2.8858,60.0
Llefià,Spain,41.43806,2.2195,13.1
Corvera de Asturias,Spain,43.53554,-5.88893,62.7
Tres Cantos,Spain,40.60092,-3.70806,725.9
Iturrama,Spain,42.80847,-1.65825,449.0
Ermitagaña,Spain,42.81084,-1.66409,444.1
Primer Ensanche,Spain,42.81483,-1.64898,449.9
Segundo Ensanche,Spain,42.8139,-1.64295,454.3
Fuencarral-El Pardo,Spain,40.4984,-3.7314,685.4
Villa de Vallecas,Spain,40.36695,-3.60146,646.1
Natahoyo,Spain,43.54035,-5.68233,6.5
Ziway,Ethiopia,7.93333,38.71667,1647.7
Yirga ‘Alem,Ethiopia,6.75,38.41667,1771.5
Yabēlo,Ethiopia,4.88333,38.08333,1901.5
Werota,Ethiopia,11.91667,37.7,1806.9
Wenjī,Ethiopia,8.45,39.28333,1586.2
Tippi,Ethiopia,7.2,35.45,1168.8
Shashemenē,Ethiopia,7.2,38.6,1918.8
Shambu,Ethiopia,9.56667,37.1,2570.0
Shakīso,Ethiopia,5.75,38.91667,1683.8
Sebeta,Ethiopia,8.91667,38.61667,2304.0
Robīt,Ethiopia,12.01667,39.63333,1593.6
Nejo,Ethiopia,9.5,35.5,1882.8
Nazrēt,Ethiopia,8.55,39.26667,1625.5
Mojo,Ethiopia,8.58679,39.12111,1774.4
Metu,Ethiopia,8.3,35.58333,1695.9
Metahāra,Ethiopia,8.9,39.91667,958.8
Mendī,Ethiopia,9.8,35.1,1661.4
Mekele,Ethiopia,13.49667,39.47528,2066.7
Maych’ew,Ethiopia,12.7875,39.54222,2390.8
Korem,Ethiopia,12.50583,39.52278,2489.7
K’olīto,Ethiopia,7.31667,38.08333,1775.7
Kibre Mengist,Ethiopia,5.88333,38.98333,1689.2
Kemisē,Ethiopia,10.71668,39.86997,1435.3
Kombolcha,Ethiopia,11.08155,39.74339,1881.0
Jinka,Ethiopia,5.65,36.65,1426.7
Jīma,Ethiopia,7.66667,36.83333,1712.5
Jijiga,Ethiopia,9.35,42.8,1644.6
Inda Silasē,Ethiopia,14.10307,38.28289,1909.7
Harar,Ethiopia,9.31387,42.11815,1915.8
Hāgere Hiywet,Ethiopia,8.98333,37.85,2087.5
Gondar,Ethiopia,12.6,37.46667,2196.0
Goba,Ethiopia,7.01667,39.98333,2677.7
Waliso,Ethiopia,8.53417,37.96515,2024.6
Ginir,Ethiopia,7.13952,40.71083,1943.7
Gimbi,Ethiopia,9.17031,35.83491,1972.6
Genet,Ethiopia,9.06667,38.5,2398.7
Gelemso,Ethiopia,8.81667,40.51667,1793.9
Gebre Guracha,Ethiopia,9.8,38.4,2540.9
Gambēla,Ethiopia,8.25,34.58333,433.3
Finote Selam,Ethiopia,10.7,37.26667,1905.8
Fichē,Ethiopia,9.8,38.73333,2786.4
Felege Neway,Ethiopia,6.3,36.88333,1357.1
Dubti,Ethiopia,11.73292,41.082,378.8
Dodola,Ethiopia,6.98333,39.18333,2460.3
Dire Dawa,Ethiopia,9.59306,41.86611,1205.1
Dīla,Ethiopia,6.41667,38.31667,1586.8
Desē,Ethiopia,11.13333,39.63333,2488.0
Dembī Dolo,Ethiopia,8.53333,34.8,1843.1
Bishoftu,Ethiopia,8.75225,38.97846,1989.1
Debre Tabor,Ethiopia,11.85,38.01667,2686.5
Debre Mark’os,Ethiopia,10.35,37.73333,2476.1
Debre Birhan,Ethiopia,9.67954,39.53262,2827.9
Debark’,Ethiopia,13.15611,37.89806,2853.5
Butajīra,Ethiopia,8.11667,38.36667,2070.2
Burē,Ethiopia,10.7,37.06667,2050.1
Bonga,Ethiopia,7.28333,36.23333,1590.3
Bodītī,Ethiopia,6.96667,37.86667,1996.7
Bichena,Ethiopia,10.45,38.2,2541.0
Bedēsa,Ethiopia,8.9,40.78333,1680.1
Bedelē,Ethiopia,8.456,36.35302,2009.4
Batī,Ethiopia,11.19152,40.01675,1660.0
Bako,Ethiopia,5.78333,36.56667,1397.5
Bahir Dar,Ethiopia,11.59364,37.39077,1795.0
Hawassa,Ethiopia,7.06205,38.47635,1692.2
Āsosa,Ethiopia,10.06667,34.53333,1526.6
Āsbe Teferī,Ethiopia,9.08569,40.86708,1751.0
Asaita,Ethiopia,11.56838,41.43869,372.9
Āsasa,Ethiopia,7.1,39.2,2364.8
Āreka,Ethiopia,7.06667,37.7,1732.9
Ārba Minch’,Ethiopia,6.03333,37.55,1268.8
Āksum,Ethiopia,14.12448,38.72444,2141.7
Hagere Maryam,Ethiopia,5.63418,38.23603,1883.1
Āgaro,Ethiopia,7.85,36.65,1601.7
Ādīs Zemen,Ethiopia,12.11667,37.78333,2024.8
Addis Ababa,Ethiopia,9.02497,38.74689,2400.5
Ādīgrat,Ethiopia,14.277,39.462,2443.9
Addiet Canna,Ethiopia,11.26667,37.48333,2184.4
Abomsa,Ethiopia,9.98333,39.98333,1306.7
Ylöjärvi,Finland,61.55632,23.59606,125.6
Vihti,Finland,60.41699,24.31965,45.7
Varkaus,Finland,62.31533,27.873,85.9
Vantaa,Finland,60.29414,25.04099,17.2
Valkeakoski,Finland,61.26421,24.03122,91.8
Vaasa,Finland,63.096,21.61577,9.0
Uusikaupunki,Finland,60.80043,21.40841,5.9
Tuusula,Finland,60.40368,25.02638,48.4
Turku,Finland,60.45148,22.26869,9.7
Tornio,Finland,65.84811,24.14662,11.7
Tampere,Finland,61.49911,23.78712,106.2
Siilinjärvi,Finland,63.08333,27.66667,88.5
Sibbo,Finland,60.37752,25.26906,16.1
Seinäjoki,Finland,62.79446,22.82822,45.3
Savonlinna,Finland,61.8699,28.87999,88.8
Salo,Finland,60.38333,23.13333,5.0
Rovaniemi,Finland,66.5,25.71667,95.4
Riihimäki,Finland,60.73769,24.77726,93.3
Rauma,Finland,61.12724,21.51127,8.2
Raisio,Finland,60.48592,22.16895,12.6
Raahe,Finland,64.68333,24.48333,5.0
Pori,Finland,61.48333,21.78333,8.5
Pirkkala,Finland,61.46125,23.63228,96.1
Oulu,Finland,65.01236,25.46816,11.0
Nurmijärvi,Finland,60.46407,24.8073,64.9
Nokia,Finland,61.46667,23.5,122.1
Mikkeli,Finland,61.68857,27.27227,89.5
Mäntsälä,Finland,60.63333,25.31667,68.6
Lovisa,Finland,60.45659,26.22505,19.8
Lohja,Finland,60.24859,24.06534,61.8
Lieto,Finland,60.51032,22.46176,22.1
Lempäälä,Finland,61.31667,23.75,89.1
Laukaa,Finland,62.41407,25.95194,100.4
Lappeenranta,Finland,61.05871,28.18871,108.7
Lahti,Finland,60.98267,25.66151,104.7
Kirkkonummi,Finland,60.12381,24.43853,9.2
Kuusamo,Finland,65.96667,29.18333,262.1
Kuopio,Finland,62.89238,27.67703,100.1
Kouvola,Finland,60.86667,26.7,75.2
Kotka,Finland,60.46667,26.91667,0.0
Korsholm,Finland,63.11418,21.68216,7.8
Kokkola,Finland,63.83847,23.13066,11.3
Kerava,Finland,60.40338,25.105,49.3
Kemi,Finland,65.73641,24.56371,5.3
Karhula,Finland,60.52156,26.93125,17.6
Kangasala,Finland,61.46383,24.07602,105.6
Kajaani,Finland,64.22728,27.72846,142.1
Kaarina,Finland,60.40724,22.36904,15.2
Jyväskylä,Finland,62.24147,25.72088,115.2
Joensuu,Finland,62.60118,29.76316,81.7
Järvenpää,Finland,60.47369,25.08992,49.4
Janakkala,Finland,60.9,24.6,118.9
Jämsä,Finland,61.8642,25.19002,90.0
Jakobstad,Finland,63.67486,22.70256,7.2
Imatra,Finland,61.17185,28.75242,65.0
Iisalmi,Finland,63.55915,27.19067,97.4
Hyvinge,Finland,60.63333,24.86667,121.0
Hollola,Finland,61.05,25.43333,86.7
Helsinki,Finland,60.16952,24.93545,11.0
Heinola,Finland,61.20564,26.03811,95.2
Haukipudas,Finland,65.17654,25.35233,7.1
Hamina,Finland,60.56974,27.19794,14.6
Hämeenlinna,Finland,60.99596,24.46434,100.0
Forssa,Finland,60.81462,23.62146,99.9
Espoo,Finland,60.2052,24.6522,15.1
Porvoo,Finland,60.39233,25.66507,14.6
Anjala,Finland,60.68333,26.83333,23.5
Länsi-Turunmaa,Finland,60.29972,22.3004,7.1
Suva,Fiji,-18.14161,178.44149,55.4
Nadi,Fiji,-17.8,177.41667,10.3
Lautoka,Fiji,-17.61667,177.46667,19.8
Labasa,Fiji,-16.4332,179.36451,4.4
Stanley,Falkland Islands,-51.7,-57.85,37.4
Palikir - National Government Center,Micronesia,6.92477,158.16109,80.7
Tórshavn,Faroe Islands,62.00973,-6.77164,12.6
Yerres,France,48.71785,2.49338,77.7
Wittenheim,France,47.8078,7.33702,230.6
Wattrelos,France,50.70118,3.21812,32.2
Wasquehal,France,50.67043,3.13382,23.8
Voiron,France,45.36395,5.59209,285.8
Vitry-sur-Seine,France,48.78716,2.40332,32.8
Vitry-le-François,France,48.73333,4.58333,99.7
Vitrolles,France,43.46,5.24861,138.1
Vitré,France,48.11776,-1.20577,115.7
Viry-Châtillon,France,48.67211,2.39318,42.7
Viroflay,France,48.80078,2.16181,108.8
Vincennes,France,48.8486,2.43769,57.7
Villiers-sur-Marne,France,48.831,2.54844,98.7
Villiers-le-Bel,France,49.00875,2.39819,87.6
Villeurbanne,France,45.76667,4.88333,171.6
Villers-lès-Nancy,France,48.67103,6.15083,244.2
Villepinte,France,48.96203,2.53253,57.1
Villeparisis,France,48.94208,2.61463,62.8
Villeneuve-sur-Lot,France,44.40854,0.70415,56.9
Villeneuve-Saint-Georges,France,48.73219,2.44925,37.3
Villeneuve-le-Roi,France,48.73684,2.40081,86.8
Villeneuve-la-Garenne,France,48.93935,2.31478,33.6
Villenave-d’Ornon,France,44.77327,-0.5442,8.6
Villemomble,France,48.88333,2.5,71.1
Villejuif,France,48.7939,2.35992,111.7
Villefranche-sur-Saône,France,45.98333,4.71667,193.7
Villefontaine,France,45.6125,5.14558,285.3
Vigneux-sur-Seine,France,48.70291,2.41357,34.1
Vierzon,France,47.21667,2.08333,102.0
Vienne,France,45.51667,4.86667,153.5
Vichy,France,46.11667,3.41667,251.3
Vesoul,France,47.63333,6.16667,230.3
Vertou,France,47.16869,-1.46929,31.3
Versailles,France,48.8,2.13333,139.1
Verrières-le-Buisson,France,48.74565,2.26796,84.2
Vernon,France,49.09292,1.46332,28.4
Verneuil-sur-Seine,France,48.97388,1.9648,60.4
Verdun,France,49.16667,5.38333,200.2
Vénissieux,France,45.70254,4.87147,201.6
Vendôme,France,47.8,1.06667,80.8
Vence,France,43.72254,7.11183,319.5
Vélizy-Villacoublay,France,48.78198,2.19395,175.2
Vauréal,France,49.03333,2.03333,41.0
Vaulx-en-Velin,France,45.7818,4.92085,172.0
Vanves,France,48.82345,2.29025,65.6
Vannes,France,47.66667,-2.75,20.9
Vandœuvre-lès-Nancy,France,48.65,6.18333,237.9
Vallauris,France,43.57803,7.05451,110.3
Valenciennes,France,50.35,3.53333,30.8
Valence,France,44.93333,4.9,129.3
Tulle,France,45.26667,1.76667,260.4
Troyes,France,48.3,4.08333,106.5
Tremblay-en-France,France,48.94956,2.5684,61.7
Trappes,France,48.77413,2.01781,175.3
Tours,France,47.38333,0.68333,48.2
Tournefeuille,France,43.58872,1.31922,185.7
Tourlaville,France,49.63829,-1.56639,28.2
Tourcoing,France,50.72391,3.16117,29.9
Toulouse,France,43.60426,1.44367,148.2
Toulon,France,43.11667,5.93333,0.0
Toul,France,48.68333,5.9,206.6
Torcy,France,48.85,2.65,100.3
Thonon-les-Bains,France,46.36667,6.48333,447.3
Thionville,France,49.36667,6.16667,154.1
Thiais,France,48.76496,2.3961,50.2
Tergnier,France,49.65607,3.30107,55.8
Taverny,France,49.02542,2.21691,82.3
Tassin-la-Demi-Lune,France,45.75499,4.78812,259.5
Tarbes,France,43.23333,0.08333,311.4
Talence,France,44.80477,-0.59543,18.3
Suresnes,France,48.87143,2.22929,39.1
Sucy-en-Brie,France,48.76872,2.53474,97.5
Strasbourg,France,48.58392,7.74553,148.0
Stains,France,48.95,2.38333,38.9
Sotteville-lès-Rouen,France,49.40972,1.09005,14.9
Sorgues,France,44.01023,4.87381,28.7
Soisy-sous-Montmorency,France,48.98813,2.30156,49.0
Soissons,France,49.38167,3.32361,50.6
Six-Fours-les-Plages,France,43.1,5.85,67.6
Sin-le-Noble,France,50.36159,3.13113,14.5
Seynod,France,45.88549,6.08831,544.7
Sèvres,France,48.82292,2.21757,85.4
Sevran,France,48.94472,2.52746,58.2
Sète,France,43.4028,3.69278,25.8
Sens,France,48.2,3.28333,72.6
Senlis,France,49.2,2.58333,59.5
Sélestat,France,48.26667,7.45,175.2
Sedan,France,49.7,4.95,159.9
Schiltigheim,France,48.60749,7.74931,144.1
Sceaux,France,48.77644,2.29026,92.2
Savigny-sur-Orge,France,48.67677,2.34835,69.4
Savigny-le-Temple,France,48.57409,2.58287,72.4
Saumur,France,47.26667,-0.08333,22.4
Sartrouville,France,48.9482,2.19169,58.0
Sarreguemines,France,49.10995,7.06747,204.1
Sarcelles,France,49,2.38333,83.7
Saran,France,47.95013,1.87601,118.3
Sannois,France,48.96667,2.25,104.0
Sanary-sur-Mer,France,43.11783,5.80007,7.3
Salon-de-Provence,France,43.64074,5.09545,78.0
Sallanches,France,45.94423,6.63162,540.0
Saint-Sébastien-sur-Loire,France,47.20768,-1.50332,18.2
Saint-Raphaël,France,43.42332,6.7735,23.6
Saint-Quentin,France,49.84889,3.28757,108.2
Saint-Priest,France,45.69613,4.93891,204.2
Saint-Pol-sur-Mer,France,51.03116,2.33983,3.3
Saint-Pierre-des-Corps,France,47.38623,0.74849,49.9
Saint-Ouen-l’Aumône,France,49.04353,2.12134,28.9
Saint-Ouen,France,48.90654,2.33339,37.7
Saint-Omer,France,50.75,2.25,22.0
Saint-Nazaire,France,47.28333,-2.2,1.0
Saint-Michel-sur-Orge,France,48.63479,2.30831,66.1
Saint-Médard-en-Jalles,France,44.89692,-0.72136,26.5
Saint-Maximin-la-Sainte-Baume,France,43.45214,5.86219,307.3
Saint-Maur-des-Fossés,France,48.79395,2.49323,37.2
Saint-Martin-d’Hères,France,45.16528,5.76337,218.4
Saint-Mandé,France,48.83864,2.41579,57.5
Saint-Malo,France,48.65,-2.01667,6.9
Saint-Louis,France,47.58836,7.56247,253.4
Saint-Lô,France,49.11624,-1.09031,40.8
Saint-Leu-la-Forêt,France,49.01667,2.25,81.3
Saint-Leu,France,46.7306,4.50083,369.8
Saint-Laurent-du-Var,France,43.67097,7.17606,61.1
Saint-Jean-de-la-Ruelle,France,47.91127,1.86483,111.0
Saint-Jean-de-Braye,France,47.91303,1.97705,110.0
Saint-Herblain,France,47.21765,-1.64841,36.6
Saint-Gratien,France,48.9735,2.28729,44.7
Saint-Germain-en-Laye,France,48.9,2.08333,93.8
Saint-Genis-Laval,France,45.69558,4.7934,244.4
Saint-Fons,France,45.7088,4.86057,176.2
Saint-Étienne-du-Rouvray,France,49.37794,1.10467,13.0
Saint-Étienne,France,45.43389,4.39,527.9
Saintes,France,45.75,-0.63333,26.6
Sainte-Geneviève-des-Bois,France,48.64682,2.31965,78.0
Sainte-Foy-lès-Lyon,France,45.73692,4.79688,283.1
Saint-Égrève,France,45.23333,5.68333,217.5
Saint-Dizier,France,48.63333,4.95,136.6
Saint-Dié-des-Vosges,France,48.28333,6.95,346.9
Saint-Denis,France,48.93333,2.36667,34.0
Saint-Cyr-sur-Loire,France,47.4,0.66667,83.4
Saint-Cyr-l’École,France,48.79865,2.06814,146.6
Saint-Cloud,France,48.84598,2.20289,122.9
Saint-Chamond,France,45.47365,4.52541,393.9
Saint-Brieuc,France,48.51513,-2.76838,94.1
Saint-Avold,France,49.1027,6.70064,255.9
Saint-Avertin,France,47.36357,0.73993,87.0
Saint-Amand-les-Eaux,France,50.44718,3.43076,20.9
Rueil-Malmaison,France,48.8765,2.18967,63.9
Royan,France,45.62846,-1.0281,19.9
Rouen,France,49.44313,1.09932,18.6
Roubaix,France,50.69421,3.17456,35.6
Rosny-sous-Bois,France,48.87017,2.4991,80.8
Ronchin,France,50.59883,3.09056,42.8
Romorantin-Lanthenay,France,47.36667,1.75,93.5
Romans-sur-Isère,France,45.04639,5.0562,166.9
Romainville,France,48.8854,2.43482,120.1
Roissy-en-Brie,France,48.79159,2.64747,102.0
Rodez,France,44.35258,2.57338,626.3
Rochefort,France,45.93333,-0.98333,2.7
Roanne,France,46.03333,4.06667,277.9
Ris-Orangis,France,48.6511,2.41406,72.9
Riom,France,45.9,3.11667,322.9
Rillieux-la-Pape,France,45.81667,4.9,283.0
Rezé,France,47.18144,-1.54965,28.0
Rennes,France,48.11198,-1.67429,37.0
Reims,France,49.25,4.03333,84.5
Rambouillet,France,48.65,1.83333,156.3
Quimper,France,48,-4.1,32.2
Puteaux,France,48.88341,2.23894,32.7
Port-de-Bouc,France,43.40657,4.9809,15.7
Pontoise,France,49.05,2.1,46.2
Pontivy,France,48.06667,-2.98333,110.9
Pontarlier,France,46.90347,6.35542,837.3
Pont-à-Mousson,France,48.90786,6.0589,182.0
Poitiers,France,46.58333,0.33333,74.4
Poissy,France,48.92902,2.04952,34.2
Ploemeur,France,47.73333,-3.43333,33.9
Plaisir,France,48.82319,1.9541,120.2
Plaisance-du-Touch,France,43.56566,1.29749,165.8
Pierrefitte-sur-Seine,France,48.96691,2.36104,60.2
Pessac,France,44.81011,-0.64129,37.9
Pertuis,France,43.69252,5.50285,211.4
Perpignan,France,42.69764,2.89541,42.5
Périgueux,France,45.18333,0.71667,103.3
Pau,France,43.3,-0.36667,212.5
Paris,France,48.85341,2.3488,36.0
Pantin,France,48.89437,2.40935,54.9
Pamiers,France,43.11667,1.6,275.0
Palaiseau,France,48.71667,2.25,84.8
Ozoir-la-Ferrière,France,48.76699,2.66871,107.3
Oyonnax,France,46.25917,5.65727,556.4
Outreau,France,50.70535,1.5897,59.0
Oullins,France,45.71774,4.80382,170.6
Osny,France,49.05937,2.06183,55.9
Orvault,France,47.27095,-1.6219,39.0
Orsay,France,48.69572,2.18727,93.1
Orly,France,48.74792,2.39253,79.6
Orléans,France,47.90289,1.90389,114.7
Orange,France,44.1392,4.80791,46.9
Olivet,France,47.86219,1.8991,104.6
Octeville,France,49.62612,-1.64349,92.8
Noyon,France,49.58333,3,55.2
Noisy-le-Sec,France,48.89148,2.46451,62.2
Noisy-le-Grand,France,48.84979,2.56266,79.1
Noisiel,France,48.84868,2.62435,78.9
Nogent-sur-Oise,France,49.27158,2.47074,29.4
Nogent-sur-Marne,France,48.83333,2.48333,37.1
Niort,France,46.32313,-0.45877,20.7
Nîmes,France,43.83333,4.35,54.3
Nice,France,43.70313,7.26608,16.8
Nevers,France,46.98956,3.159,195.5
Neuilly-sur-Seine,France,48.8846,2.26965,35.8
Neuilly-sur-Marne,France,48.85373,2.54903,36.0
Neuilly-Plaisance,France,48.86342,2.506,59.6
Narbonne,France,43.18333,3,16.6
Nantes,France,47.21725,-1.55336,21.8
Nanterre,France,48.89198,2.20675,57.2
Nancy,France,48.68439,6.18496,207.3
Muret,France,43.46667,1.35,185.0
Mulhouse,France,47.75,7.33333,241.7
Moulins,France,46.56667,3.33333,227.1
Mougins,France,43.59873,7.00434,159.5
Morsang-sur-Orge,France,48.66181,2.35338,77.0
Morlaix,France,48.58333,-3.83333,9.5
Mont-Saint-Aignan,France,49.46307,1.09364,113.7
Montrouge,France,48.8162,2.31393,74.8
Montreuil,France,48.86415,2.44322,77.8
Montpellier,France,43.61092,3.87723,58.3
Montmorency,France,48.98826,2.3434,68.0
Montluçon,France,46.33333,2.6,204.8
Montivilliers,France,49.54518,0.18769,10.6
Montigny-lès-Metz,France,49.09435,6.15167,189.6
Montigny-lès-Cormeilles,France,48.98201,2.20035,164.8
Montigny-le-Bretonneux,France,48.76636,2.03405,160.7
Montgeron,France,48.70543,2.45039,76.0
Montfermeil,France,48.8982,2.57913,105.6
Montesson,France,48.90924,2.13754,38.3
Montereau-Fault-Yonne,France,48.38333,2.95,50.8
Montélimar,France,44.55838,4.75094,92.8
Mont-de-Marsan,France,43.89022,-0.49713,48.2
Montceau-les-Mines,France,46.66667,4.36667,315.2
Montbrison,France,45.6,4.05,472.0
Montbéliard,France,47.51667,6.8,319.8
Montauban,France,44.01667,1.35,75.3
Montargis,France,48,2.75,94.0
Mons-en-Barœul,France,50.63333,3.11667,28.1
Moissy-Cramayel,France,48.62605,2.60125,89.6
Mitry-Mory,France,48.98333,2.61667,67.6
Miramas,France,43.58666,5.00464,52.5
Millau,France,44.1,3.08333,365.0
Meyzieu,France,45.76667,5,199.8
Meylan,France,45.21988,5.79007,282.8
Meudon,France,48.81381,2.235,111.2
Metz,France,49.11911,6.17269,186.5
Mérignac,France,44.83248,-0.63381,34.5
Menton,France,43.77649,7.50435,13.3
Melun,France,48.53333,2.66667,44.4
Meaux,France,48.96014,2.87885,59.9
Mayenne,France,48.3,-0.61667,108.2
Maurepas,France,48.76486,1.92923,170.9
Mauguio,France,43.6181,4.00739,9.1
Maubeuge,France,50.27875,3.97267,140.5
Massy,France,48.72692,2.28301,86.6
Martigues,France,43.40735,5.05526,2.9
Marseille,France,43.29695,5.38107,26.8
Marmande,France,44.5,0.16667,34.1
Marly-le-Roi,France,48.86667,2.08333,164.6
Marignane,France,43.41604,5.21453,13.7
Marcq-en-Barœul,France,50.66667,3.08333,19.0
Mantes-la-Ville,France,48.97374,1.70253,77.0
Mantes-la-Jolie,France,48.98333,1.71667,33.5
Manosque,France,43.82883,5.78688,360.1
Mandelieu-la-Napoule,France,43.55,6.93333,47.6
Malakoff,France,48.81999,2.29998,67.4
Maisons-Laffitte,France,48.95264,2.14521,44.7
Maisons-Alfort,France,48.81171,2.43945,39.2
Mâcon,France,46.3,4.83333,169.0
Lyon,France,45.74846,4.84671,168.0
Lunéville,France,48.6,6.5,222.0
Lunel,France,43.67778,4.13611,8.3
Lucé,France,48.43689,1.46359,156.0
Louviers,France,49.21667,1.16667,24.2
Lourdes,France,43.1,-0.05,413.4
Lormont,France,44.87495,-0.51782,47.1
Lorient,France,47.75,-3.36667,9.6
Loos,France,50.60982,3.01874,26.9
Lons-le-Saunier,France,46.66667,5.55,286.3
Longjumeau,France,48.69503,2.30735,47.2
Lomme,France,50.64358,2.98715,36.5
Lognes,France,48.83541,2.62998,93.0
Livry-Gargan,France,48.9193,2.54305,80.1
L’Isle-sur-la-Sorgue,France,43.91915,5.05092,65.7
Lisieux,France,49.1466,0.22925,61.2
Lingolsheim,France,48.55752,7.68253,148.7
Limoges,France,45.83153,1.25781,282.7
Limeil-Brévannes,France,48.7448,2.48705,69.6
Limay,France,48.99553,1.74081,49.4
Lille,France,50.63297,3.05858,26.3
Liévin,France,50.4198,2.78068,44.0
Libourne,France,44.91667,-0.23333,19.3
L'Haÿ-les-Roses,France,48.78333,2.33333,61.6
Le Vésinet,France,48.89281,2.13308,43.1
Levallois-Perret,France,48.89389,2.28864,42.7
Les Sables-d'Olonne,France,46.5,-1.78333,5.3
Les Pennes-Mirabeau,France,43.41028,5.31306,138.2
Les Pavillons-sous-Bois,France,48.90683,2.50648,56.0
Les Mureaux,France,48.99173,1.90972,24.4
Les Lilas,France,48.87992,2.42057,120.8
Les Herbiers,France,46.86667,-1.01667,110.4
Les Clayes-sous-Bois,France,48.82206,1.98677,129.4
Le Puy-en-Velay,France,45.04366,3.88523,640.2
Le Pré-Saint-Gervais,France,48.88549,2.40422,75.9
Le Pontet,France,43.96119,4.86008,27.0
Le Plessis-Trévise,France,48.81074,2.57363,105.8
Le Plessis-Robinson,France,48.78889,2.27078,154.3
Le Petit-Quevilly,France,49.41338,1.06155,28.0
Le Perreux-sur-Marne,France,48.85,2.5,56.4
Le Pecq,France,48.89317,2.10371,29.6
Lens,France,50.43302,2.82791,36.2
Le Mée-sur-Seine,France,48.53157,2.62829,69.6
Le Mans,France,48,0.2,54.2
Le Kremlin-Bicêtre,France,48.81471,2.36073,64.1
Le Havre,France,49.4938,0.10767,4.7
Le Grand-Quevilly,France,49.40076,1.04582,43.8
Le Creusot,France,46.80714,4.41632,370.5
Le Chesnay,France,48.8222,2.12213,122.9
Le Cannet,France,43.57662,7.01912,84.4
Le Bouscat,France,44.866,-0.59411,8.1
Le Blanc-Mesnil,France,48.93872,2.46138,51.6
Laxou,France,48.68315,6.14799,228.3
La Valette-du-Var,France,43.13741,5.98314,65.8
Laval,France,48.06667,-0.76667,47.5
Lattes,France,43.56752,3.9046,4.1
La Teste-de-Buch,France,44.62875,-1.14059,5.8
La Seyne-sur-Mer,France,43.09818,5.88471,8.1
La Roche-sur-Yon,France,46.66667,-1.43333,64.0
La Rochelle,France,46.16667,-1.15,10.7
Laon,France,49.56667,3.61667,131.5
Lannion,France,48.73333,-3.46667,5.6
Lanester,France,47.76132,-3.33965,22.3
Landerneau,France,48.45252,-4.25252,12.6
Lambersart,France,50.65,3.03333,20.8
La Madeleine,France,50.64603,3.07585,30.4
Lagny-sur-Marne,France,48.86667,2.71667,109.1
La Garenne-Colombes,France,48.90472,2.2469,40.7
La Garde,France,43.12277,6.00745,23.7
La Flèche,France,47.69815,-0.07553,33.4
La Crau,France,43.14981,6.07425,46.3
La Courneuve,France,48.92805,2.39627,36.2
La Ciotat,France,43.17476,5.60449,9.9
La Chapelle-sur-Erdre,France,47.29583,-1.55309,39.6
La Celle-Saint-Cloud,France,48.85029,2.14523,154.3
Jouy-le-Moutier,France,49.01068,2.04028,87.3
Joué-lés-Tours,France,47.35223,0.66905,81.4
Joinville-le-Pont,France,48.82538,2.47458,39.7
Ivry-sur-Seine,France,48.81568,2.38487,39.2
Istres,France,43.51667,4.98333,24.5
Issy-les-Moulineaux,France,48.82104,2.27718,70.1
Issoire,France,45.55,3.25,387.3
Illzach,France,47.78088,7.34662,233.9
Illkirch-Graffenstaden,France,48.52894,7.71523,141.4
Hyères,France,43.11954,6.13897,23.8
Houilles,France,48.92161,2.19263,29.3
Hérouville-Saint-Clair,France,49.21088,-0.30653,4.4
Herblay,France,48.98994,2.1699,69.5
Hénin-Beaumont,France,50.41359,2.96485,32.3
Hem,France,50.65256,3.18681,31.2
Hazebrouck,France,50.72374,2.53729,25.7
Hayange,France,49.33428,6.05267,192.7
Hautmont,France,50.25077,3.92143,141.1
Yutz,France,49.35571,6.1926,156.1
Haubourdin,France,50.60826,2.99143,26.9
Halluin,France,50.78628,3.12611,14.2
Haguenau,France,48.81557,7.79051,145.3
Guyancourt,France,48.77334,2.07393,162.0
Gujan-Mestras,France,44.63333,-1.06667,5.5
Guéret,France,46.16667,1.86667,497.8
Guérande,France,47.32911,-2.42829,52.6
Grigny,France,48.65412,2.39343,78.1
Grenoble,France,45.16667,5.71667,220.5
Grasse,France,43.66667,6.91667,554.3
Grande-Synthe,France,51.0154,2.29975,3.4
Gradignan,France,44.77262,-0.61393,27.8
Goussainville,France,49.01367,2.46595,72.0
Gonesse,France,48.98693,2.44892,50.8
Givors,France,45.58415,4.77256,158.1
Gif-sur-Yvette,France,48.68333,2.13333,143.1
Gien,France,47.69332,2.63094,151.6
Gentilly,France,48.81294,2.3417,64.0
Gennevilliers,France,48.93333,2.3,25.6
Garges-lès-Gonesse,France,48.96791,2.39781,63.4
Gardanne,France,43.45491,5.46913,217.0
Garches,France,48.84226,2.18232,131.3
Gap,France,44.56667,6.08333,760.0
Gagny,France,48.88333,2.53333,57.2
Frontignan,France,43.44848,3.754,8.0
Fresnes,France,48.75568,2.32241,69.5
Fréjus,France,43.43286,6.73524,28.3
Franconville,France,48.98333,2.23333,76.3
Fougères,France,48.35,-1.2,109.2
Fos-sur-Mer,France,43.43774,4.94457,13.5
Forbach,France,49.18333,6.9,288.8
Fontenay-sous-Bois,France,48.85442,2.48268,72.3
Fontenay-le-Comte,France,46.46667,-0.81667,32.6
Fontenay-aux-Roses,France,48.79325,2.29275,100.4
Fontainebleau,France,48.4,2.7,70.2
Fontaine,France,45.19839,5.68265,209.2
Floirac,France,44.83238,-0.51411,65.5
Fleury-les-Aubrais,France,47.93328,1.91811,118.1
Flers,France,48.73722,-0.57466,201.4
Firminy,France,45.38732,4.29074,505.0
Fécamp,France,49.75787,0.37457,16.7
Faches-Thumesnil,France,50.58333,3.06667,40.8
Eysines,France,44.88352,-0.64686,25.8
Évry,France,48.63333,2.45,52.9
Évreux,France,49.02414,1.15082,69.8
Étampes,France,48.43333,2.15,101.1
La Baule-Escoublac,France,47.29221,-2.36395,23.9
Ermont,France,48.99004,2.25804,57.2
Éragny,France,49.01667,2.1,54.3
Équeurdreville-Hainneville,France,49.64868,-1.65306,18.4
Épinay-sur-Seine,France,48.9535,2.31514,33.2
Épinal,France,48.18333,6.45,353.1
Épernay,France,49.05,3.95,82.5
Elbeuf,France,49.28669,1.00288,19.6
Élancourt,France,48.78421,1.9552,131.8
Écully,France,45.77726,4.77481,241.6
Échirolles,France,45.1439,5.72883,226.7
Eaubonne,France,48.99712,2.28249,53.6
Dunkerque,France,51.03297,2.377,6.9
Dreux,France,48.73333,1.36667,91.5
Draveil,France,48.68466,2.41418,57.7
Drancy,France,48.92578,2.44533,47.2
Draguignan,France,43.53333,6.46667,183.5
Douarnenez,France,48.09542,-4.32904,24.8
Douai,France,50.36667,3.06667,30.1
Domont,France,49.02782,2.32638,134.3
Dole,France,47.1,5.5,225.9
Dijon,France,47.31667,5.01667,236.9
Digne-les-Bains,France,44.09252,6.23199,600.0
Dieppe,France,49.93333,1.08333,4.8
Deuil-la-Barre,France,48.97674,2.32722,53.9
Denain,France,50.3293,3.3943,37.4
Décines-Charpieu,France,45.76899,4.97277,191.5
Dax,France,43.71032,-1.05366,15.1
Dammarie-les-Lys,France,48.51667,2.65,61.3
Cugnaux,France,43.53635,1.34428,169.6
Croix,France,50.67846,3.1493,36.1
Créteil,France,48.78333,2.46667,51.2
Crépy-en-Valois,France,49.23359,2.88807,97.7
Creil,France,49.25672,2.48477,71.8
Cran-Gevrier,France,45.9,6.1,505.3
Cournon-d’Auvergne,France,45.73543,3.19608,373.6
Courbevoie,France,48.89672,2.25666,43.2
Coulommiers,France,48.81451,3.08498,78.3
Couëron,France,47.21508,-1.72171,26.9
Coudekerque-Branche,France,51.02288,2.39359,2.3
Cormeilles-en-Parisis,France,48.97111,2.20491,81.0
Corbeil-Essonnes,France,48.60603,2.48757,36.9
Conflans-Sainte-Honorine,France,49.00158,2.09694,49.3
Concarneau,France,47.87502,-3.92245,19.3
Compiègne,France,49.41794,2.82606,44.6
Combs-la-Ville,France,48.66497,2.56957,82.1
Pontault-Combault,France,48.79813,2.60676,106.2
Colomiers,France,43.61058,1.33467,184.5
Colombes,France,48.91882,2.25404,42.2
Colmar,France,48.08333,7.36667,188.4
Cognac,France,45.7,-0.33333,8.4
Cluses,France,46.06251,6.57497,481.8
Clichy-sous-Bois,France,48.9102,2.55323,112.5
Clichy,France,48.90018,2.30952,34.0
Clermont-Ferrand,France,45.77966,3.08628,413.1
Clamart,France,48.80299,2.26692,100.9
Cholet,France,47.06667,-0.88333,118.4
Choisy-le-Roi,France,48.76846,2.41874,33.3
Chilly-Mazarin,France,48.71489,2.31638,90.3
Chevilly-Larue,France,48.76476,2.3503,96.0
Cherbourg-Octeville,France,49.63984,-1.61636,5.7
Chenôve,France,47.29323,5.00457,268.7
Chennevières-sur-Marne,France,48.79702,2.54046,104.9
Chelles,France,48.88109,2.59295,38.1
Chaville,France,48.80565,2.18864,105.5
Chaumont,France,48.11121,5.14134,320.8
Chatou,France,48.8898,2.15863,41.6
Châtillon,France,48.8024,2.29346,102.5
Châtenay-Malabry,France,48.76507,2.26655,111.8
Châtellerault,France,46.8,0.53333,55.0
Château-Thierry,France,49.05,3.4,91.6
Châteauroux,France,46.81667,1.7,155.6
Châteaudun,France,48.08333,1.33333,103.3
Chartres,France,48.44685,1.48925,157.3
Charleville-Mézières,France,49.76667,4.71667,145.8
Charenton-le-Pont,France,48.82209,2.41217,53.2
Champs-sur-Marne,France,48.85,2.6,72.0
Champigny-sur-Marne,France,48.81642,2.49366,41.7
Chambéry,France,45.56667,5.93333,279.1
Chamalières,France,45.77559,3.0631,410.9
Chalon-sur-Saône,France,46.78333,4.85,184.1
Châlons-en-Champagne,France,48.95393,4.36724,88.3
Challans,France,46.84363,-1.87491,8.1
Cestas,France,44.74345,-0.67905,50.8
Cesson-Sévigné,France,48.1212,-1.603,40.3
Cergy,France,49.03645,2.07613,49.7
Cenon,France,44.8559,-0.51839,61.7
Cavaillon,France,43.83125,5.03586,69.5
Castres,France,43.6,2.25,191.7
Castelnau-le-Lez,France,43.63333,3.9,38.1
Carvin,France,50.49235,2.95815,28.3
Carrières-sous-Poissy,France,48.94952,2.04068,38.4
Carquefou,France,47.29821,-1.49024,31.5
Carpentras,France,44.05,5.05,84.4
Carcassonne,France,43.21667,2.35,110.4
Canteleu,France,49.44065,1.02459,115.2
Cannes,France,43.55135,7.01275,4.4
Cambrai,France,50.16667,3.23333,60.1
Caluire-et-Cuire,France,45.79041,4.84112,251.6
Calais,France,50.95194,1.85635,5.1
Cahors,France,44.4491,1.43663,136.3
Cagnes-sur-Mer,France,43.66459,7.15339,16.8
Caen,France,49.18585,-0.35912,21.4
Cachan,France,48.79632,2.33661,45.3
Bry-sur-Marne,France,48.83811,2.52488,54.5
Brunoy,France,48.6942,2.49223,80.8
Bruay-la-Buissière,France,50.48333,2.55,58.9
Bron,France,45.73333,4.91667,205.0
Brive-la-Gaillarde,France,45.15,1.53333,143.1
Brignoles,France,43.4,6.06667,258.4
Brie-Comte-Robert,France,48.68333,2.61667,77.0
Brétigny-sur-Orge,France,48.61135,2.30593,70.0
Brest,France,48.4,-4.48333,56.7
Bressuire,France,46.85,-0.48333,175.9
Bourgoin,France,45.58333,5.28333,300.5
Bourg-lès-Valence,France,44.95601,4.91023,149.4
Bourg-la-Reine,France,48.77888,2.31781,56.4
Bourges,France,47.08333,2.4,147.9
Bourg-en-Bresse,France,46.20574,5.2258,233.5
Boulogne-sur-Mer,France,50.71667,1.61667,24.7
Boulogne-Billancourt,France,48.83333,2.25,38.2
Bouguenais,France,47.17762,-1.62143,23.8
Bordeaux,France,44.84044,-0.5805,26.4
Bonneuil-sur-Marne,France,48.7695,2.4793,48.7
Bondy,France,48.9018,2.48931,51.8
Boissy-Saint-Léger,France,48.75149,2.51163,90.4
Bois-Colombes,France,48.91936,2.27485,31.3
Bobigny,France,48.9,2.45,54.9
Blois,France,47.58333,1.33333,63.1
Blanquefort,France,44.91248,-0.63663,26.8
Blagnac,France,43.63276,1.39399,137.4
Bischheim,France,48.61612,7.75343,146.5
Biarritz,France,43.48012,-1.55558,40.5
Bezons,France,48.92426,2.2128,28.2
Béziers,France,43.34122,3.21402,62.8
Béthune,France,50.53333,2.63333,23.3
Besançon,France,47.24878,6.01815,298.3
Bergerac,France,44.85,0.48333,35.6
Berck,France,50.4,1.6,3.3
Berck-Plage,France,50.40704,1.56446,9.5
Belfort,France,47.63333,6.86667,376.5
Bègles,France,44.80845,-0.54809,8.0
Beauvais,France,49.43333,2.08333,69.8
Beaune,France,47.03333,4.83333,226.6
Bayonne,France,43.48333,-1.48333,22.7
Bayeux,France,49.27732,-0.7039,52.5
Bastia,France,42.70278,9.45,15.4
Bar-le-Duc,France,48.78333,5.16667,263.5
Balma,France,43.61111,1.49944,158.1
Bagnols-sur-Cèze,France,44.1599,4.61776,73.7
Bagnolet,France,48.86667,2.41667,83.9
Bagneux,France,48.79565,2.30796,105.9
Avon,France,48.40219,2.72022,78.3
Avion,France,50.41038,2.83053,31.7
Avignon,France,43.94834,4.80892,29.4
Auxerre,France,47.8,3.56667,123.3
Autun,France,46.95,4.3,337.3
Aurillac,France,44.91667,2.45,726.2
Aulnay-sous-Bois,France,48.93814,2.49402,46.8
Audincourt,France,47.48327,6.85341,339.7
Auch,France,43.65,0.58333,149.9
Aubervilliers,France,48.91667,2.38333,36.2
Aubagne,France,43.29276,5.57067,119.3
Athis-Mons,France,48.70522,2.39147,35.6
Asnières-sur-Seine,France,48.91667,2.28333,33.3
Arras,France,50.29301,2.78186,74.3
Armentières,France,50.68568,2.88214,23.2
Arles,France,43.67681,4.63031,28.9
Argenteuil,France,48.95,2.25,37.3
Argentan,France,48.75,-0.01667,161.3
Arcueil,France,48.79993,2.33256,44.7
Antony,France,48.75,2.3,48.3
Antibes,France,43.56241,7.12777,43.0
Annonay,France,45.23969,4.67075,335.0
Annemasse,France,46.19439,6.23775,437.8
Annecy-le-Vieux,France,45.91971,6.14393,492.7
Annecy,France,45.9,6.11667,455.8
Angoulême,France,45.65,0.15,103.9
Anglet,France,43.47664,-1.51346,25.9
Angers,France,47.46667,-0.55,51.1
Amiens,France,49.9,2.3,25.8
Allauch,France,43.33573,5.48201,226.6
Alfortville,France,48.80575,2.4204,39.0
Alès,France,44.13333,4.08333,157.0
Alençon,France,48.43333,0.08333,140.2
Albi,France,43.9298,2.148,181.8
Albertville,France,45.67452,6.39061,343.8
Ajaccio,France,41.92723,8.73462,31.1
Aix-les-Bains,France,45.68338,5.92241,362.4
Aix-en-Provence,France,43.5283,5.44973,202.9
Agen,France,44.2,0.63333,48.9
Agde,France,43.31083,3.47583,14.2
Achères,France,48.96115,2.06882,33.4
Abbeville,France,50.1,1.83333,5.8
Villeneuve-d'Ascq,France,50.61669,3.16664,32.1
Les Ulis,France,48.68167,2.16944,163.3
Bourgoin-Jallieu,France,45.58611,5.27361,250.6
Marseille 01,France,43.29814,5.38407,32.5
Marseille 02,France,43.29664,5.37034,2.3
Marseille 03,France,43.30257,5.37583,29.7
Marseille 04,France,43.30213,5.40141,42.5
Marseille 05,France,43.29551,5.40055,32.8
Marseille 06,France,43.28764,5.37918,32.0
Marseille 07,France,43.28289,5.36021,51.7
Marseille 08,France,43.27083,5.3821,18.8
Marseille 10,France,43.27889,5.41523,19.8
Marseille 09,France,43.25433,5.4057,28.4
Marseille 11,France,43.2907,5.4384,45.4
Marseille 12,France,43.29614,5.43617,88.7
Marseille 13,France,43.31856,5.40836,59.3
Marseille 14,France,43.34447,5.38004,69.2
Marseille 15,France,43.37224,5.35386,154.3
Marseille 16,France,43.35982,5.33421,30.0
La Defense,France,48.89198,2.23881,66.3
Saint-Quentin-en-Yvelines,France,48.77186,2.01891,165.1
Cergy-Pontoise,France,49.03894,2.07805,51.7
Tchibanga,Gabon,-2.93323,10.98178,47.4
Port-Gentil,Gabon,-0.71933,8.78151,3.0
Oyem,Gabon,1.5995,11.57933,657.9
Mouila,Gabon,-1.86846,11.05594,87.3
Moanda,Gabon,-1.56652,13.1987,412.1
Libreville,Gabon,0.39241,9.45356,4.5
Lambaréné,Gabon,-0.7001,10.24055,18.8
Koulamoutou,Gabon,-1.13032,12.47359,312.6
Franceville,Gabon,-1.63333,13.58357,405.5
York,United Kingdom,53.95763,-1.08271,16.3
Yeovil,United Kingdom,50.94159,-2.63211,53.2
Yeadon,United Kingdom,53.86437,-1.68743,164.4
Yate,United Kingdom,51.54074,-2.41839,80.4
Wrexham,United Kingdom,53.04664,-2.99132,85.7
Worthing,United Kingdom,50.81795,-0.37538,6.2
Worksop,United Kingdom,53.30182,-1.12404,42.6
Workington,United Kingdom,54.6425,-3.54413,18.8
Worcester,United Kingdom,52.18935,-2.22001,27.7
Woodford Green,United Kingdom,51.60938,0.02329,59.4
Wombwell,United Kingdom,53.52189,-1.39698,52.0
Wolverhampton,United Kingdom,52.58547,-2.12296,155.6
Wokingham,United Kingdom,51.4112,-0.83565,72.2
Woking,United Kingdom,51.31903,-0.55893,38.3
Witney,United Kingdom,51.7836,-1.4854,85.0
Witham,United Kingdom,51.80007,0.64038,23.2
Wishaw,United Kingdom,55.76667,-3.91667,136.7
Wisbech,United Kingdom,52.66622,0.15938,4.1
Winsford,United Kingdom,53.18333,-2.51667,39.1
Windsor,United Kingdom,51.48333,-0.6,47.4
Winchester,United Kingdom,51.06513,-1.3187,65.4
Wilmslow,United Kingdom,53.32803,-2.23148,77.6
Willenhall,United Kingdom,52.58514,-2.05934,134.5
Wigston Magna,United Kingdom,52.58128,-1.09248,98.5
Wigan,United Kingdom,53.53333,-2.61667,38.0
Widnes,United Kingdom,53.3618,-2.73406,9.0
Wickford,United Kingdom,51.61101,0.52331,7.9
Whitstable,United Kingdom,51.3607,1.0257,3.4
Whitley Bay,United Kingdom,55.03973,-1.44713,28.3
Whitehaven,United Kingdom,54.54897,-3.58412,19.5
Whitefield,United Kingdom,53.55,-2.3,124.3
Whickham,United Kingdom,54.94561,-1.67635,115.1
Weymouth,United Kingdom,50.61448,-2.45991,0.3
Weybridge,United Kingdom,51.37178,-0.45975,15.2
Weston-super-Mare,United Kingdom,51.34603,-2.97665,11.1
West Molesey,United Kingdom,51.39985,-0.37997,10.0
Westhoughton,United Kingdom,53.54899,-2.52464,103.4
West Bromwich,United Kingdom,52.51868,-1.9945,163.0
West Bridgford,United Kingdom,52.92979,-1.12537,24.8
Welwyn Garden City,United Kingdom,51.80174,-0.20691,89.4
Wellington,United Kingdom,52.7,-2.51667,98.8
Wellingborough,United Kingdom,52.30273,-0.69446,67.4
Welling,United Kingdom,51.46246,0.10759,44.6
Wednesfield,United Kingdom,52.5963,-2.08508,136.7
Wednesbury,United Kingdom,52.5514,-2.02355,131.3
Wath upon Dearne,United Kingdom,53.50291,-1.3458,29.5
Watford,United Kingdom,51.65531,-0.39602,75.5
Waterlooville,United Kingdom,50.88067,-1.0304,55.3
Washington,United Kingdom,54.9,-1.51667,52.9
Warwick,United Kingdom,52.28333,-1.58333,54.6
Warrington,United Kingdom,53.39254,-2.58024,9.7
Warminster,United Kingdom,51.20434,-2.17873,121.7
Ware,United Kingdom,51.81058,-0.02875,35.6
Walton-on-Thames,United Kingdom,51.38533,-0.42066,23.4
Waltham Abbey,United Kingdom,51.687,-0.00421,21.5
Walsall,United Kingdom,52.58528,-1.98396,127.1
Wallsend,United Kingdom,54.99111,-1.53397,31.2
Wallasey,United Kingdom,53.42324,-3.06497,12.0
Walkden,United Kingdom,53.51667,-2.4,64.4
Wakefield,United Kingdom,53.68331,-1.49768,47.0
Urmston,United Kingdom,53.44852,-2.35419,22.3
Uckfield,United Kingdom,52.19166,-1.70734,44.7
Stowmarket,United Kingdom,52.18893,0.99774,28.3
Stourport-on-Severn,United Kingdom,52.35,-2.26667,21.7
Stourbridge,United Kingdom,52.45608,-2.14317,83.6
Stoke-on-Trent,United Kingdom,53.00415,-2.18538,112.2
Stockton-on-Tees,United Kingdom,54.56848,-1.3187,14.4
Stockport,United Kingdom,53.40979,-2.15761,57.7
Stirling,United Kingdom,56.11903,-3.93682,24.9
Stevenage,United Kingdom,51.90224,-0.20256,93.9
Staveley,United Kingdom,53.26667,-1.35,66.3
Stamford,United Kingdom,52.65,-0.48333,23.9
Stalybridge,United Kingdom,53.48414,-2.05908,110.4
Staines,United Kingdom,51.43092,-0.50606,14.9
Stafford,United Kingdom,52.80521,-2.11636,76.6
Spennymoor,United Kingdom,54.6988,-1.60229,112.1
Spalding,United Kingdom,52.78709,-0.15141,9.7
South Shields,United Kingdom,54.99859,-1.4323,8.7
Southsea,United Kingdom,50.79205,-1.08593,6.1
Southport,United Kingdom,53.64779,-3.00648,6.9
South Ockendon,United Kingdom,51.50799,0.28333,17.3
Southend-on-Sea,United Kingdom,51.53782,0.71433,25.1
South Elmsall,United Kingdom,53.59709,-1.28034,59.8
South Benfleet,United Kingdom,51.55295,0.55962,6.4
Southampton,United Kingdom,50.90395,-1.40428,18.6
Southall,United Kingdom,51.50896,-0.3713,30.1
Solihull,United Kingdom,52.41426,-1.78094,129.6
Slough,United Kingdom,51.50949,-0.59541,29.6
Sleaford,United Kingdom,52.99826,-0.40941,15.6
Skelmersdale,United Kingdom,53.55024,-2.77348,70.7
Skegness,United Kingdom,53.14362,0.3363,3.3
Sittingbourne,United Kingdom,51.34128,0.73282,19.5
Shrewsbury,United Kingdom,52.71009,-2.75208,77.5
Shoreham-by-Sea,United Kingdom,50.83413,-0.27431,7.1
Shoreham,United Kingdom,51.3334,0.17801,57.3
Shipley,United Kingdom,53.83333,-1.76667,92.4
Sheffield,United Kingdom,53.38297,-1.4659,76.5
Sevenoaks,United Kingdom,51.27266,0.18883,142.0
Selby,United Kingdom,53.78333,-1.06667,5.5
Seaham,United Kingdom,54.83903,-1.34575,41.6
Seaford,United Kingdom,50.77141,0.10268,10.1
Scunthorpe,United Kingdom,53.57905,-0.65437,46.2
Scarborough,United Kingdom,54.27966,-0.40443,45.9
Sandown,United Kingdom,50.65158,-1.16103,34.8
Sandbach,United Kingdom,53.14515,-2.36251,67.4
Salisbury,United Kingdom,51.06931,-1.79569,46.9
Salford,United Kingdom,53.48771,-2.29042,43.3
Sale,United Kingdom,53.42519,-2.32443,26.3
Saint Neots,United Kingdom,52.21667,-0.26667,15.6
St Helens,United Kingdom,53.45,-2.73333,28.5
St Austell,United Kingdom,50.3425,-4.77442,72.6
Saint Andrews,United Kingdom,56.33871,-2.79902,22.4
St Albans,United Kingdom,51.75,-0.33333,96.7
Ryton,United Kingdom,52.61667,-2.35,64.7
Ryde,United Kingdom,50.72999,-1.1621,28.6
Rutherglen,United Kingdom,55.82885,-4.21376,26.5
Rushden,United Kingdom,52.28927,-0.60184,57.3
Runcorn,United Kingdom,53.34174,-2.73124,15.1
Ruislip,United Kingdom,51.57344,-0.42341,51.9
Rugeley,United Kingdom,52.7593,-1.93694,75.7
Rugby,United Kingdom,52.37092,-1.26417,116.2
Royton,United Kingdom,53.56507,-2.12267,159.5
Royal Tunbridge Wells,United Kingdom,51.13321,0.26256,116.9
Rottingdean,United Kingdom,50.80984,-0.05939,35.1
Rotherham,United Kingdom,53.43012,-1.35678,39.9
Romsey,United Kingdom,50.98906,-1.49989,20.8
Rochford,United Kingdom,51.58198,0.70673,11.0
Rochester,United Kingdom,51.38764,0.50546,10.1
Rochdale,United Kingdom,53.61766,-2.1552,123.0
Risca,United Kingdom,51.60799,-3.10081,45.1
Ripon,United Kingdom,54.13579,-1.52826,39.6
Ripley,United Kingdom,53.03333,-1.4,124.5
Rhyl,United Kingdom,53.31929,-3.49228,7.6
Rhondda,United Kingdom,51.65896,-3.44885,252.9
Renfrew,United Kingdom,55.87197,-4.39253,7.2
Reigate,United Kingdom,51.23758,-0.2078,82.8
Redhill,United Kingdom,51.24048,-0.17044,83.4
Redditch,United Kingdom,52.3065,-1.94569,111.8
Redcar,United Kingdom,54.61657,-1.05999,6.3
Reading,United Kingdom,51.45625,-0.97113,52.6
Rayleigh,United Kingdom,51.58571,0.60459,68.2
Rawtenstall,United Kingdom,53.70076,-2.28442,169.2
Rawmarsh,United Kingdom,53.46062,-1.34437,78.5
Ramsgate,United Kingdom,51.33568,1.41797,20.5
Ramsbottom,United Kingdom,53.64789,-2.31683,129.5
Purley,United Kingdom,51.33678,-0.11201,93.1
Pudsey,United Kingdom,53.79538,-1.66134,158.7
Prestwick,United Kingdom,55.48333,-4.61667,13.3
Prestwich,United Kingdom,53.53333,-2.28333,94.3
Preston,United Kingdom,53.76282,-2.70452,32.2
Prestatyn,United Kingdom,53.33748,-3.40776,5.2
Prescot,United Kingdom,53.42948,-2.80031,80.0
Poulton le Fylde,United Kingdom,53.83333,-2.98333,11.7
Potters Bar,United Kingdom,51.69353,-0.17835,122.9
Portsmouth,United Kingdom,50.79899,-1.09125,3.6
Portslade,United Kingdom,50.84286,-0.21608,36.1
Portishead,United Kingdom,51.48199,-2.76973,9.1
Porthcawl,United Kingdom,51.47903,-3.70362,13.4
Port Glasgow,United Kingdom,55.93464,-4.6895,10.4
Portadown,United Kingdom,54.42302,-6.44434,24.9
Poole,United Kingdom,50.71429,-1.98458,2.8
Pontypridd,United Kingdom,51.6021,-3.34211,61.9
Pontypool,United Kingdom,51.70111,-3.04444,177.4
Pontefract,United Kingdom,53.69107,-1.31269,67.0
Polmont,United Kingdom,55.9905,-3.70737,46.8
Plymstock,United Kingdom,50.35999,-4.09049,25.9
Plymouth,United Kingdom,50.37153,-4.14305,12.6
Pitsea,United Kingdom,51.56387,0.50859,21.1
Pinner,United Kingdom,51.59384,-0.38216,49.8
Peterlee,United Kingdom,54.76032,-1.33649,101.4
Peterhead,United Kingdom,57.50584,-1.79806,15.3
Peterborough,United Kingdom,52.57364,-0.24777,10.0
Perth,United Kingdom,56.39522,-3.43139,9.2
Penzance,United Kingdom,50.11861,-5.53715,31.9
Penicuik,United Kingdom,55.83116,-3.22608,183.9
Penarth,United Kingdom,51.4386,-3.17342,49.5
Paisley,United Kingdom,55.83173,-4.43254,48.4
Paignton,United Kingdom,50.43565,-3.56789,8.5
Oxford,United Kingdom,51.75222,-1.25596,70.1
Oswestry,United Kingdom,52.86195,-3.05497,132.4
Ossett,United Kingdom,53.67978,-1.58006,104.6
Orpington,United Kingdom,51.37457,0.09785,59.9
Ormskirk,United Kingdom,53.56685,-2.88178,49.1
Omagh,United Kingdom,54.6,-7.3,75.8
Oldham,United Kingdom,53.54051,-2.1183,202.4
Oadby,United Kingdom,52.60621,-1.08354,99.3
Nuneaton,United Kingdom,52.52323,-1.46523,82.6
Nottingham,United Kingdom,52.9536,-1.15047,37.7
Norwich,United Kingdom,52.62783,1.29834,15.8
Northwich,United Kingdom,53.25882,-2.52025,35.4
North Shields,United Kingdom,55.01646,-1.44925,41.0
Northolt,United Kingdom,51.54855,-0.36778,40.9
Lancing,United Kingdom,50.82882,-0.32247,6.6
Northampton,United Kingdom,52.25,-0.88333,94.7
Northallerton,United Kingdom,54.33901,-1.43243,41.5
Newtownards,United Kingdom,54.59236,-5.69092,5.0
Newtownabbey,United Kingdom,54.65983,-5.90858,13.8
Newton Mearns,United Kingdom,55.77334,-4.33339,137.2
Newton-le-Willows,United Kingdom,53.45,-2.6,37.2
Newton Aycliffe,United Kingdom,54.61842,-1.5719,90.7
Newton Abbot,United Kingdom,50.52858,-3.61186,12.2
Newry,United Kingdom,54.17841,-6.33739,6.2
Newquay,United Kingdom,50.41557,-5.07319,28.4
Newport Pagnell,United Kingdom,52.08731,-0.72218,63.2
Newport,United Kingdom,51.58774,-2.99835,14.9
Newport,United Kingdom,50.70146,-1.29124,4.3
New Milton,United Kingdom,50.75601,-1.6658,41.1
Newmarket,United Kingdom,52.24467,0.40418,28.1
New Malden,United Kingdom,51.40065,-0.2617,20.5
Newcastle upon Tyne,United Kingdom,54.97328,-1.61396,52.5
Newcastle under Lyme,United Kingdom,53,-2.23333,160.2
Newbury,United Kingdom,51.40148,-1.32471,80.7
Newburn,United Kingdom,54.9876,-1.74415,36.0
Newark on Trent,United Kingdom,53.06667,-0.81667,15.6
Nelson,United Kingdom,53.83333,-2.2,169.8
Neath,United Kingdom,51.66317,-3.80443,11.9
Nailsea,United Kingdom,51.43239,-2.75847,27.3
Musselburgh,United Kingdom,55.9417,-3.04991,6.6
Motherwell,United Kingdom,55.78924,-3.99187,80.6
Morley,United Kingdom,53.74013,-1.59877,144.5
Moreton,United Kingdom,53.4,-3.11667,12.3
Morecambe,United Kingdom,54.06835,-2.86108,10.4
Mitcham,United Kingdom,51.40322,-0.16831,20.2
Mirfield,United Kingdom,53.67343,-1.69636,47.7
Milton Keynes,United Kingdom,52.04172,-0.75583,112.4
Middleton,United Kingdom,53.55,-2.2,84.9
Middlesbrough,United Kingdom,54.57623,-1.23483,10.1
Mexborough,United Kingdom,53.49389,-1.29243,23.1
Merthyr Tydfil,United Kingdom,51.74794,-3.37779,182.4
Melton Mowbray,United Kingdom,52.76588,-0.88693,76.8
Marple,United Kingdom,53.39452,-2.06292,144.9
Marlow,United Kingdom,51.56933,-0.77415,29.3
Market Harborough,United Kingdom,52.4776,-0.92053,77.7
Margate,United Kingdom,51.38132,1.38617,20.2
March,United Kingdom,52.55131,0.08828,4.0
Mansfield Woodhouse,United Kingdom,53.16495,-1.19384,83.3
Mansfield,United Kingdom,53.13333,-1.2,120.2
Mangotsfield,United Kingdom,51.4878,-2.50403,70.1
Manchester,United Kingdom,53.48095,-2.23743,45.8
Maltby,United Kingdom,53.41667,-1.2,85.7
Maldon,United Kingdom,51.7311,0.67463,32.8
Maidstone,United Kingdom,51.26667,0.51667,7.8
Maidenhead,United Kingdom,51.52279,-0.71986,29.5
Maghull,United Kingdom,53.51619,-2.94117,19.5
Maesteg,United Kingdom,51.60926,-3.65823,129.9
Macclesfield,United Kingdom,53.26023,-2.12564,152.6
Luton,United Kingdom,51.87967,-0.41748,114.8
Lowestoft,United Kingdom,52.4752,1.75159,7.2
Louth,United Kingdom,53.36664,-0.00438,31.0
Loughborough,United Kingdom,52.76667,-1.2,45.2
Longfield,United Kingdom,51.3969,0.30212,55.1
Long Eaton,United Kingdom,52.89855,-1.27136,32.6
Londonderry County Borough,United Kingdom,54.99721,-7.30917,26.1
Derry,United Kingdom,54.9981,-7.30934,25.1
City of London,United Kingdom,51.51279,-0.09184,9.0
London,United Kingdom,51.50853,-0.12574,8.9
Lofthouse,United Kingdom,53.72947,-1.49697,82.1
Llanelli,United Kingdom,51.68195,-4.16191,10.9
Llandudno,United Kingdom,53.32498,-3.83148,6.8
Livingston,United Kingdom,55.90288,-3.52261,159.2
Liverpool,United Kingdom,53.41058,-2.97794,29.0
Littlehampton,United Kingdom,50.81137,-0.54078,4.7
Litherland,United Kingdom,53.46993,-2.99809,18.5
Lisburn,United Kingdom,54.52337,-6.03527,50.1
Lincoln,United Kingdom,53.22683,-0.53792,5.2
Lichfield,United Kingdom,52.68154,-1.82549,84.8
Leyland,United Kingdom,53.69786,-2.68758,38.1
Lewes,United Kingdom,50.8742,0.00772,20.7
Letchworth,United Kingdom,51.97944,-0.2284,87.0
Leighton Buzzard,United Kingdom,51.91722,-0.65802,94.5
Leigh,United Kingdom,53.49642,-2.51973,28.4
Leicester,United Kingdom,52.6386,-1.13169,57.5
Leek,United Kingdom,53.10434,-2.02207,192.0
Leeds,United Kingdom,53.79648,-1.54785,34.3
Leatherhead,United Kingdom,51.29652,-0.3338,38.0
Royal Leamington Spa,United Kingdom,52.3,-1.53333,67.4
Larne,United Kingdom,54.85,-5.81667,2.1
Larkhall,United Kingdom,55.73333,-3.96667,117.0
Lancaster,United Kingdom,54.04649,-2.79988,21.9
Kirkintilloch,United Kingdom,55.93933,-4.15262,48.3
Kirkcaldy,United Kingdom,56.11683,-3.15999,36.6
Kirkby in Ashfield,United Kingdom,53.09982,-1.24379,160.8
Kirkby,United Kingdom,53.48138,-2.89215,27.4
Kingswood,United Kingdom,51.45278,-2.50833,103.0
Kingswinford,United Kingdom,52.49755,-2.16889,83.7
Hull,United Kingdom,53.7446,-0.33525,5.4
King's Lynn,United Kingdom,52.75172,0.39516,8.1
Kilwinning,United Kingdom,55.65333,-4.70666,20.6
Kilmarnock,United Kingdom,55.61171,-4.49581,36.4
Kidsgrove,United Kingdom,53.08691,-2.23777,144.9
Kidlington,United Kingdom,51.82166,-1.2886,62.2
Kidderminster,United Kingdom,52.38819,-2.25,35.3
Keynsham,United Kingdom,51.41387,-2.4978,26.4
Kettering,United Kingdom,52.39836,-0.72571,92.3
Kenilworth,United Kingdom,52.34958,-1.58276,87.7
Kendal,United Kingdom,54.32681,-2.74757,54.5
Kempston,United Kingdom,52.11599,-0.50044,30.2
Keighley,United Kingdom,53.86791,-1.90664,107.5
Johnstone,United Kingdom,55.82906,-4.51605,35.0
Jarrow,United Kingdom,54.98036,-1.48423,16.3
Islington,United Kingdom,51.53622,-0.10304,34.2
Isleworth,United Kingdom,51.47518,-0.34246,18.8
Irvine,United Kingdom,51.88921,0.90421,26.7
Coity,United Kingdom,51.522,-3.55531,63.3
Cobham,United Kingdom,51.32997,-0.4113,24.3
Coatbridge,United Kingdom,55.86216,-4.02469,83.5
Coalville,United Kingdom,52.72247,-1.3702,156.8
Clydebank,United Kingdom,55.90137,-4.4057,8.1
Clydach,United Kingdom,51.68333,-3.9,11.8
Clitheroe,United Kingdom,53.86667,-2.4,74.8
Clevedon,United Kingdom,51.44227,-2.85786,24.4
Cleethorpes,United Kingdom,53.56047,-0.03225,12.3
Cleckheaton,United Kingdom,53.72405,-1.71294,87.5
Clacton-on-Sea,United Kingdom,51.78967,1.15597,12.8
Cirencester,United Kingdom,51.71927,-1.97145,112.2
Christchurch,United Kingdom,50.73583,-1.78129,3.8
Chorley,United Kingdom,53.65,-2.61667,103.5
Chislehurst,United Kingdom,51.41709,0.06858,83.8
Chipping Sodbury,United Kingdom,51.53813,-2.39379,96.3
Chippenham,United Kingdom,51.46,-2.12472,60.5
Chichester,United Kingdom,50.83673,-0.78003,16.2
Chester-le-Street,United Kingdom,54.85862,-1.57408,10.4
Chesterfield,United Kingdom,53.25,-1.41667,86.6
Chester,United Kingdom,53.1905,-2.89189,31.6
Chessington,United Kingdom,51.3624,-0.30427,44.5
Cheshunt,United Kingdom,51.7002,-0.03026,22.0
Chesham,United Kingdom,51.7,-0.6,144.1
Cheltenham,United Kingdom,51.9,-2.08333,60.0
Chelsea,United Kingdom,51.48755,-0.16936,9.3
Chelmsford,United Kingdom,51.73575,0.46958,30.7
Cheadle Hulme,United Kingdom,53.3761,-2.1897,68.3
Chatham,United Kingdom,51.37891,0.52786,16.9
Chapletown,United Kingdom,53.46506,-1.47217,107.4
Chalfont Saint Peter,United Kingdom,51.60885,-0.55618,60.1
Caterham,United Kingdom,51.2823,-0.07889,132.0
Castlereagh,United Kingdom,54.5735,-5.88472,27.8
Castleford,United Kingdom,53.72587,-1.36256,12.5
Carshalton,United Kingdom,51.36829,-0.16755,37.1
Carrickfergus,United Kingdom,54.7158,-5.8058,5.1
Carmarthen,United Kingdom,51.85552,-4.30535,17.6
Carlisle,United Kingdom,54.8951,-2.9382,27.6
Cardiff,United Kingdom,51.48,-3.18,14.0
Canterbury,United Kingdom,51.27904,1.07992,15.5
Cannock,United Kingdom,52.69045,-2.03085,153.8
Cambridge,United Kingdom,52.2,0.11667,8.8
Camborne,United Kingdom,50.21306,-5.29731,100.6
Camberley,United Kingdom,51.33705,-0.74261,82.1
Caerphilly,United Kingdom,51.57452,-3.218,93.2
Buxton,United Kingdom,53.25741,-1.90982,312.9
Bushey,United Kingdom,51.64316,-0.36053,98.4
Bury St Edmunds,United Kingdom,52.2463,0.71111,55.3
Bury,United Kingdom,53.6,-2.3,87.1
Burton upon Trent,United Kingdom,52.80728,-1.64263,46.9
Burntwood,United Kingdom,52.68075,-1.92759,169.5
Burnley,United Kingdom,53.8,-2.23333,138.6
Burnham-on-Sea,United Kingdom,51.23862,-2.9978,9.1
Burgess Hill,United Kingdom,50.95843,-0.13287,41.9
Buckley,United Kingdom,53.16667,-3.08333,155.0
Buckhaven,United Kingdom,56.17149,-3.03377,25.6
Brymbo,United Kingdom,53.06667,-3.06667,245.6
Brownhills,United Kingdom,52.63333,-1.93333,144.7
Bromsgrove,United Kingdom,52.33574,-2.05983,91.4
Broadstairs,United Kingdom,51.35908,1.43938,31.7
Brixham,United Kingdom,50.39431,-3.51585,8.5
Briton Ferry,United Kingdom,51.63106,-3.81898,22.1
Bristol,United Kingdom,51.45523,-2.59665,12.1
Brighton,United Kingdom,50.82838,-0.13947,27.9
Brighouse,United Kingdom,53.70322,-1.78428,76.3
Brierley Hill,United Kingdom,52.48173,-2.12139,152.7
Bridlington,United Kingdom,54.08306,-0.19192,12.6
Bridgwater,United Kingdom,51.12837,-3.00356,11.7
Bridgend,United Kingdom,51.50583,-3.57722,23.6
Brentwood,United Kingdom,51.62127,0.30556,110.9
Bredbury,United Kingdom,53.41667,-2.11667,86.6
Bramhall,United Kingdom,53.35801,-2.16539,77.5
Braintree,United Kingdom,51.87819,0.55292,67.9
Bradford,United Kingdom,53.79391,-1.75206,106.9
Bracknell,United Kingdom,51.41363,-0.75054,77.0
Bournemouth,United Kingdom,50.72048,-1.8795,14.4
Boston,United Kingdom,52.97633,-0.02664,8.3
Borehamwood,United Kingdom,51.65468,-0.27762,90.9
Bootle,United Kingdom,53.46667,-3.01667,12.2
Bolton,United Kingdom,53.58333,-2.43333,102.9
Bognor Regis,United Kingdom,50.78206,-0.67978,6.1
Blyth,United Kingdom,55.12708,-1.50856,5.2
Bloxwich,United Kingdom,52.61806,-2.00431,162.8
Bletchley,United Kingdom,51.99334,-0.73471,78.8
Blackpool,United Kingdom,53.81667,-3.05,18.8
Blackburn,United Kingdom,53.75,-2.48333,118.4
Bishopstoke,United Kingdom,50.96643,-1.32832,10.4
Bishops Stortford,United Kingdom,51.87113,0.15868,67.5
Bishopbriggs,United Kingdom,55.90669,-4.21869,56.8
Bishop Auckland,United Kingdom,54.65554,-1.67706,107.2
Birmingham,United Kingdom,52.48142,-1.89983,147.6
Birkenhead,United Kingdom,53.39337,-3.01479,20.8
Bingley,United Kingdom,53.84861,-1.83857,88.1
Billingham,United Kingdom,54.58881,-1.29034,10.3
Billericay,United Kingdom,51.62867,0.41963,82.4
Biggleswade,United Kingdom,52.08652,-0.26493,31.0
Bideford,United Kingdom,51.01678,-4.20832,39.3
Biddulph,United Kingdom,53.11724,-2.17584,175.3
Bicester,United Kingdom,51.89998,-1.15357,72.5
Bexley,United Kingdom,51.44162,0.14866,15.0
Bexhill-on-Sea,United Kingdom,50.85023,0.47095,15.3
Beverley,United Kingdom,53.84587,-0.42332,7.8
Berwick-Upon-Tweed,United Kingdom,55.78333,-2,12.2
Berkhamsted,United Kingdom,51.7604,-0.56528,111.1
Bentley,United Kingdom,53.53333,-1.15,11.0
Belper,United Kingdom,53.0233,-1.48119,75.5
Bellshill,United Kingdom,55.81667,-4.01667,74.6
Belfast,United Kingdom,54.59682,-5.92541,9.5
Bedworth,United Kingdom,52.4791,-1.46909,109.7
Bedlington,United Kingdom,55.13061,-1.59319,51.3
Bedford,United Kingdom,52.13459,-0.46632,28.3
Beckenham,United Kingdom,51.40878,-0.02526,41.3
Bebington,United Kingdom,53.35,-3.01667,41.4
Bearsden,United Kingdom,55.91536,-4.33279,51.5
Batley,United Kingdom,53.70291,-1.6337,57.2
Bathgate,United Kingdom,55.90204,-3.64398,141.1
Bath,United Kingdom,51.3751,-2.36172,88.6
Basingstoke,United Kingdom,51.26249,-1.08708,96.1
Basildon,United Kingdom,51.56844,0.45782,33.3
Barry,United Kingdom,51.39979,-3.2838,20.6
Barrow in Furness,United Kingdom,54.11094,-3.22758,14.8
Barrhead,United Kingdom,55.79916,-4.39285,57.7
Barnstaple,United Kingdom,51.08022,-4.05808,11.4
Barnsley,United Kingdom,53.55,-1.48333,115.2
Barnet,United Kingdom,51.65,-0.2,114.9
Barking,United Kingdom,51.53333,0.08333,4.4
Banstead,United Kingdom,51.32233,-0.20685,159.7
Bangor,United Kingdom,54.65338,-5.66895,41.4
Bangor,United Kingdom,53.22647,-4.13459,51.7
Banbury,United Kingdom,52.0632,-1.34222,97.3
Banbridge,United Kingdom,54.35,-6.28333,96.2
Ballymena,United Kingdom,54.86357,-6.27628,48.3
Baildon,United Kingdom,53.84711,-1.78785,148.9
Ayr,United Kingdom,55.46273,-4.63393,10.8
Aylesbury,United Kingdom,51.81665,-0.81458,92.0
Atherton,United Kingdom,53.52371,-2.49354,60.4
Ashton-under-Lyne,United Kingdom,53.48876,-2.0989,105.6
Ashton in Makerfield,United Kingdom,53.48333,-2.65,68.0
Ashford,United Kingdom,51.14648,0.87376,45.3
Ascot,United Kingdom,51.41082,-0.6748,84.3
Arnold,United Kingdom,53,-1.13333,63.6
Arbroath,United Kingdom,56.56317,-2.58736,6.6
Antrim,United Kingdom,54.7,-6.2,37.1
Andover,United Kingdom,51.21135,-1.49393,70.2
Amersham,United Kingdom,51.66667,-0.61667,93.2
Altrincham,United Kingdom,53.38752,-2.34848,36.3
Alton,United Kingdom,51.14931,-0.97469,103.4
Alloa,United Kingdom,56.11586,-3.78997,20.5
Alfreton,United Kingdom,53.09766,-1.38376,136.6
Aldridge,United Kingdom,52.60549,-1.91715,161.0
Aldershot,United Kingdom,51.24827,-0.76389,95.3
Airdrie,United Kingdom,55.86602,-3.98025,127.2
Acton,United Kingdom,51.50901,-0.2762,27.2
Acocks Green,United Kingdom,52.45,-1.81667,124.2
Accrington,United Kingdom,53.75379,-2.35863,146.0
Abingdon,United Kingdom,51.67109,-1.28278,55.3
Aberystwyth,United Kingdom,52.41548,-4.08292,5.2
Abergele,United Kingdom,53.28436,-3.5822,16.5
Aberdeen,United Kingdom,57.14369,-2.09814,13.2
Aberdare,United Kingdom,51.71438,-3.44918,134.6
Crosby,United Kingdom,53.47778,-3.03333,11.7
Blackwood,United Kingdom,51.66778,-3.2075,225.1
Neston,United Kingdom,51.41222,-2.20056,120.5
Camden Town,United Kingdom,51.54057,-0.14334,32.7
Telford,United Kingdom,52.67659,-2.44926,169.2
Craigavon,United Kingdom,54.44709,-6.387,31.2
Bayswater,United Kingdom,51.51116,-0.18426,29.0
Yateley,United Kingdom,51.34305,-0.82985,60.3
Bowthorpe,United Kingdom,52.63884,1.21885,23.3
Hedge End,United Kingdom,50.91234,-1.30076,28.8
Erskine,United Kingdom,55.9005,-4.45028,25.8
Hale,United Kingdom,53.37831,-2.33271,44.1
Amersham on the Hill,United Kingdom,51.67468,-0.60742,150.1
Battersea,United Kingdom,51.47475,-0.15547,4.2
South Croydon,United Kingdom,51.36217,-0.09421,54.3
Hornchurch,United Kingdom,51.55685,0.21664,25.3
Surbiton,United Kingdom,51.39148,-0.29825,36.1
Ewell,United Kingdom,51.34948,-0.2494,35.9
Becontree,United Kingdom,51.5529,0.129,10.0
Brixton,United Kingdom,51.46593,-0.10652,10.8
Bethnal Green,United Kingdom,51.52718,-0.06109,16.2
Failsworth,United Kingdom,53.50484,-2.16568,95.2
Radcliffe,United Kingdom,53.56178,-2.32455,74.3
Heywood,United Kingdom,53.59245,-2.21941,120.4
Longsight,United Kingdom,53.45801,-2.20104,52.6
Heavitree,United Kingdom,50.72044,-3.49646,33.8
Ferndown,United Kingdom,50.80743,-1.89975,22.5
Canary Wharf,United Kingdom,51.50519,-0.02085,15.0
Lytham St Annes,United Kingdom,53.7426,-2.997,9.2
Hadley Wood,United Kingdom,51.66669,-0.16981,100.9
Chapel Allerton,United Kingdom,53.82901,-1.53834,113.0
Blackheath,United Kingdom,51.4647,0.0079,32.9
Kempston Hardwick,United Kingdom,52.08956,-0.49908,36.1
Mendip,United Kingdom,51.2372,-2.6266,298.8
Lower Earley,United Kingdom,51.42708,-0.91979,43.3
Bartley Green,United Kingdom,52.43532,-1.99707,188.0
Earlsfield,United Kingdom,51.4439,-0.1854,10.1
Letchworth Garden City,United Kingdom,51.97938,-0.22664,81.9
Shirley,United Kingdom,52.41074,-1.81952,143.2
Stanley,United Kingdom,54.86796,-1.69846,225.0
Rossendale,United Kingdom,53.68456,-2.2769,379.3
Thornton-Cleveleys,United Kingdom,53.87389,-3.02244,2.6
Deeside,United Kingdom,53.20053,-3.03841,29.2
High Peak,United Kingdom,53.36797,-1.84536,311.9
Hayling Island,United Kingdom,50.7838,-0.96869,4.3
Isle of Lewis,United Kingdom,58.21901,-6.38803,10.9
Shetland,United Kingdom,60.15456,-1.14899,13.3
Orkney,United Kingdom,58.98465,-2.95953,7.0
Holloway,United Kingdom,51.55237,-0.12497,44.1
Harringay,United Kingdom,51.5824,-0.09956,19.7
Saint George's,Grenada,12.05644,-61.74849,41.3
Zugdidi,Georgia,42.5088,41.87088,112.7
Zestap’oni,Georgia,42.11,43.0525,198.3
Ts’khinvali,Georgia,42.22764,43.96861,874.4
Tqvarch'eli,Georgia,42.84035,41.68007,222.1
Telavi,Georgia,41.91978,45.47315,725.0
Tbilisi,Georgia,41.69411,44.83368,494.2
Sokhumi,Georgia,43.00697,40.9893,26.3
Senak’i,Georgia,42.27042,42.0675,33.1
Samtredia,Georgia,42.1537,42.33517,23.1
Rust’avi,Georgia,41.54949,44.99323,338.1
P’ot’i,Georgia,42.14616,41.67197,2.5
Ozurgeti,Georgia,41.92442,42.00682,81.4
Och’amch’ire,Georgia,42.71232,41.46863,5.9
Marneuli,Georgia,41.47588,44.80895,409.2
Kutaisi,Georgia,42.26791,42.69459,150.9
Kobuleti,Georgia,41.82,41.77528,8.2
Khashuri,Georgia,41.99414,43.59994,702.4
Gori,Georgia,41.98422,44.11578,599.3
Batumi,Georgia,41.64228,41.63392,5.3
Akhaltsikhe,Georgia,41.63901,42.98262,989.2
Stantsiya Novyy Afon,Georgia,43.08056,40.83833,5.3
Tsqaltubo,Georgia,42.34129,42.5976,137.8
Saint-Laurent-du-Maroni,French Guiana,5.50101,-54.02941,4.0
Rémire-Montjoly,French Guiana,4.91667,-52.26667,7.4
Matoury,French Guiana,4.84872,-52.32565,4.9
Kourou,French Guiana,5.16281,-52.64265,3.9
Cayenne,French Guiana,4.93333,-52.33333,4.3
Saint Peter Port,Guernsey,49.45981,-2.53527,13.3
Yendi,Ghana,9.44272,-0.00991,205.5
Winneba,Ghana,5.35113,-0.62313,20.6
Wenchi,Ghana,7.73916,-2.10456,307.6
Wa,Ghana,10.06069,-2.50192,324.0
Teshi Old Town,Ghana,5.58365,-0.10722,10.8
Tema,Ghana,5.6698,-0.01657,22.3
Techiman,Ghana,7.58617,-1.94137,400.2
Tarkwa,Ghana,5.30644,-1.98474,82.0
Tamale,Ghana,9.40079,-0.8393,196.6
Takoradi,Ghana,4.88447,-1.75536,17.0
Tafo,Ghana,6.73453,-1.61275,290.9
Swedru,Ghana,5.53711,-0.69984,72.6
Sunyani,Ghana,7.33991,-2.32676,301.1
Suhum,Ghana,6.04089,-0.45004,179.4
Shama Junction,Ghana,5.00872,-1.63011,9.6
Sekondi-Takoradi,Ghana,4.934,-1.7137,7.9
Savelugu,Ghana,9.62441,-0.8253,167.0
Saltpond,Ghana,5.20913,-1.06058,10.8
Salaga,Ghana,8.55083,-0.51875,162.7
Prestea,Ghana,5.43274,-2.14284,56.2
Kasoa,Ghana,5.53449,-0.41679,16.6
Akim Oda,Ghana,5.92665,-0.98577,129.6
Obuasi,Ghana,6.20602,-1.66191,228.6
Nungua,Ghana,5.60105,-0.07713,25.8
Nsawam,Ghana,5.80893,-0.35026,60.9
Nkawkaw,Ghana,6.55121,-0.7662,239.7
Navrongo,Ghana,10.89557,-1.0921,196.9
Mampong,Ghana,7.06273,-1.4001,394.3
Medina Estates,Ghana,5.6658,-0.16307,82.2
Kumasi,Ghana,6.68848,-1.62443,272.3
Kpandu,Ghana,6.99536,0.29306,154.8
Konongo,Ghana,6.61667,-1.21667,230.9
Koforidua,Ghana,6.09408,-0.25913,170.7
Kintampo,Ghana,8.05627,-1.73058,344.4
Keta,Ghana,5.91793,0.98789,2.1
Hohoe,Ghana,7.15181,0.47362,172.0
Ho,Ghana,6.60084,0.4713,167.3
Gbawe,Ghana,5.57714,-0.31035,29.9
Foso,Ghana,5.70119,-1.28657,144.8
Elmina,Ghana,5.0847,-1.35093,22.4
Ejura,Ghana,7.38558,-1.35617,226.3
Dunkwa,Ghana,5.96562,-1.77995,133.4
Dome,Ghana,5.65003,-0.2361,33.9
Cape Coast,Ghana,5.10535,-1.2466,21.8
Bolgatanga,Ghana,10.78556,-0.85139,184.8
Bibiani,Ghana,6.46346,-2.31938,221.2
Berekum,Ghana,7.4534,-2.58404,331.6
Begoro,Ghana,6.38706,-0.37738,459.9
Bawku,Ghana,11.0616,-0.24169,247.8
Axim,Ghana,4.86992,-2.24046,14.6
Asamankese,Ghana,5.86006,-0.6635,143.8
Apam,Ghana,5.28483,-0.73711,10.5
Anloga,Ghana,5.79473,0.89728,3.7
Akwatia,Ghana,6.04024,-0.80876,139.1
Agogo,Ghana,6.80004,-1.08193,415.0
Achiaman,Ghana,5.7,-0.33333,35.1
Accra,Ghana,5.55602,-0.1969,26.7
Aburi,Ghana,5.84802,-0.17449,445.3
Gibraltar,Gibraltar,36.14474,-5.35257,8.7
Nuuk,Greenland,64.18347,-51.72157,24.5
Sukuta,Gambia,13.41033,-16.70815,20.8
Lamin,Gambia,13.35222,-16.43389,13.5
Farafenni,Gambia,13.56667,-15.6,12.4
Brikama,Gambia,13.27136,-16.64944,20.8
Banjul,Gambia,13.45274,-16.57803,3.8
Bakau,Gambia,13.47806,-16.68194,13.7
Tougué,Guinea,11.44503,-11.66422,798.1
Télimélé,Guinea,10.9,-13.03333,600.6
Siguiri,Guinea,11.42282,-9.16852,363.0
Pita,Guinea,11.05915,-12.39498,972.4
Nzérékoré,Guinea,7.75624,-8.8179,482.1
Mamou,Guinea,10.37546,-12.09148,720.6
Macenta,Guinea,8.54351,-9.47099,542.0
Labé,Guinea,11.31823,-12.28332,1022.8
Kissidougou,Guinea,9.1848,-10.09987,527.3
Kindia,Guinea,10.05692,-12.86576,408.0
Kankan,Guinea,10.38542,-9.30568,377.5
Kamsar,Guinea,10.66667,-14.6,5.9
Gueckedou,Guinea,8.56744,-10.1336,424.4
Fria,Guinea,10.36676,-13.58253,207.2
Coyah,Guinea,9.70643,-13.38465,9.9
Conakry,Guinea,9.53795,-13.67729,11.5
Camayenne,Guinea,9.535,-13.68778,4.4
Boké,Guinea,10.93217,-14.29055,45.5
Sainte-Rose,Guadeloupe,16.33238,-61.69793,18.9
Sainte-Anne,Guadeloupe,16.22636,-61.37919,3.2
Pointe-à-Pitre,Guadeloupe,16.24125,-61.53614,2.9
Petit-Bourg,Guadeloupe,16.19135,-61.59159,3.5
Les Abymes,Guadeloupe,16.27095,-61.50451,24.8
Le Moule,Guadeloupe,16.33315,-61.34728,5.5
Le Gosier,Guadeloupe,16.20685,-61.49329,26.3
Capesterre-Belle-Eau,Guadeloupe,16.04322,-61.56596,17.1
Basse-Terre,Guadeloupe,15.99854,-61.72548,57.2
Baie-Mahault,Guadeloupe,16.26738,-61.58543,11.9
Ebebiyin,Equatorial Guinea,2.15106,11.33528,558.6
Malabo,Equatorial Guinea,3.75,8.78333,33.7
Bata,Equatorial Guinea,1.86391,9.76582,14.2
Voúla,Greece,37.84221,23.77651,50.9
Vólos,Greece,39.36103,22.94248,1.1
Výronas,Greece,37.96105,23.753,137.4
Vári,Greece,37.8312,23.80809,17.1
Trípoli,Greece,37.50889,22.37944,657.8
Tríkala,Greece,39.55493,21.76837,115.2
Thívai,Greece,38.325,23.31889,166.0
Spárti,Greece,37.07333,22.42972,207.6
Salamína,Greece,37.96427,23.49649,2.0
Rethymno,Greece,35.36687,24.47487,6.1
Préveza,Greece,38.95617,20.7505,11.9
Pýrgos,Greece,37.67513,21.44102,25.1
Piraeus,Greece,37.94745,23.63708,0.0
Petroúpolis,Greece,38.04187,23.68494,144.7
Peristéri,Greece,38.01539,23.69187,67.4
Pérama,Greece,37.96775,23.5721,71.9
Pátra,Greece,38.24444,21.73444,21.3
Palaió Fáliro,Greece,37.92812,23.70105,23.8
Níkaia,Greece,37.96667,23.65,34.3
Néa Smýrni,Greece,37.94504,23.71416,48.6
Néa Mákri,Greece,38.08733,23.97642,12.8
Ílion,Greece,38.03333,23.7,85.0
Néa Ionía,Greece,38.0357,23.75733,150.3
Néa Filadélfeia,Greece,38.03491,23.73811,102.0
Néa Erythraía,Greece,38.1,23.81667,272.7
Moskháton,Greece,37.94789,23.6788,5.4
Mytilíni,Greece,39.11,26.55472,11.7
Melíssia,Greece,38.05,23.83333,270.6
Mégara,Greece,37.99471,23.34324,29.8
Artémida,Greece,37.96667,24,23.2
Livadeiá,Greece,38.43616,22.87665,172.9
Lárisa,Greece,39.63689,22.41761,84.1
Lamía,Greece,38.9,22.43333,90.1
Metamórfosi,Greece,38.06576,23.76356,170.7
Kos,Greece,36.89333,27.28889,7.0
Koropí,Greece,37.89886,23.87181,125.2
Kórinthos,Greece,37.94007,22.9513,21.1
Kifisiá,Greece,38.07438,23.81106,287.0
Cholargós,Greece,38,23.8,219.1
Chios,Greece,38.36778,26.13583,13.5
Chaniá,Greece,35.51124,24.02921,18.1
Chalkída,Greece,38.46354,23.60284,19.7
Khalándrion,Greece,38.02369,23.80068,190.3
Chaïdári,Greece,38.01135,23.66597,90.7
Keratsíni,Greece,37.9625,23.61972,43.1
Kardítsa,Greece,39.36485,21.92191,110.7
Kamaterón,Greece,38.05586,23.70515,141.0
Kallithéa,Greece,37.95,23.7,23.1
Kalamáta,Greece,37.03913,22.11265,25.6
Álimos,Greece,37.91033,23.72361,44.2
Kaisarianí,Greece,37.9634,23.76523,193.6
Irákleio,Greece,38.05282,23.76523,170.7
Irákleion,Greece,35.32787,25.14341,64.9
Ioánnina,Greece,39.66486,20.85189,505.8
Glyfáda,Greece,37.86289,23.75802,19.8
Galátsi,Greece,38.01667,23.75,178.6
Ellinikó,Greece,37.88333,23.73333,14.1
Elefsína,Greece,38.04135,23.54295,7.6
Dhafní,Greece,37.95002,23.73437,101.0
Agios Dimitrios,Greece,37.93333,23.73333,72.8
Agía Varvára,Greece,37.98938,23.66011,58.5
Agía Paraskeví,Greece,38.01667,23.83333,215.8
Athens,Greece,37.97945,23.71622,49.5
Asprópyrgos,Greece,38.06134,23.58971,32.4
Argyroúpoli,Greece,37.90594,23.75035,67.8
Árta,Greece,39.16014,20.98561,53.6
Árgos,Greece,37.63333,22.73333,17.3
Áno Liósia,Greece,38.08333,23.7,170.9
Maroúsi,Greece,38.05,23.8,212.9
Amaliáda,Greece,37.79842,21.35068,57.2
Acharnés,Greece,38.08333,23.73333,171.1
Aígio,Greece,38.24861,22.08194,67.5
Aigáleo,Greece,37.98333,23.68333,25.9
Agrínio,Greece,38.62139,21.40778,65.6
Ródos,Greece,36.44083,28.2225,25.1
Giannitsá,Greece,40.79194,22.4075,34.6
Xánthi,Greece,41.13488,24.888,76.8
Véroia,Greece,40.52437,22.20242,150.1
Thessaloníki,Greece,40.64361,22.93086,8.2
Sykiés,Greece,40.64944,22.95083,112.7
Sérres,Greece,41.08499,23.54757,41.6
Ptolemaḯda,Greece,40.51472,21.67861,610.1
Políchni,Greece,40.66671,22.94881,109.1
Pylaía,Greece,40.59918,22.98613,88.3
Peraía,Greece,40.49874,22.92617,48.5
Panórama,Greece,40.58779,23.0315,366.5
Orestiáda,Greece,41.50306,26.52972,51.1
Oraiókastro,Greece,40.73083,22.91722,266.6
Náousa,Greece,40.62944,22.06806,350.2
Meneméni,Greece,40.65829,22.89712,6.3
Kozáni,Greece,40.30069,21.78896,713.7
Komotiní,Greece,41.11917,25.40535,42.2
Kilkís,Greece,40.99302,22.87433,271.9
Kavála,Greece,40.93959,24.40687,30.1
Kateríni,Greece,40.26956,22.50608,40.6
Kalamariá,Greece,40.5825,22.95028,45.1
Flórina,Greece,40.78197,21.40981,656.0
Édessa,Greece,40.8026,22.04751,313.2
Dráma,Greece,41.15283,24.1473,125.7
Alexandroúpoli,Greece,40.84995,25.87644,17.1
Corfu,Greece,39.62069,19.91975,11.5
Vrilissia,Greece,38.03381,23.82962,228.9
Gérakas,Greece,38.02277,23.8576,246.1
Ilioúpoli,Greece,37.93149,23.76779,324.7
Korydallós,Greece,37.98468,23.64711,95.4
Zográfos,Greece,37.97332,23.7909,251.2
Péfki,Greece,38.06019,23.79264,250.8
Ágioi Anárgyroi,Greece,38.03013,23.72379,82.2
Agios Ioannis Rentis,Greece,37.96491,23.66511,12.2
Néa Ionía,Greece,39.37904,22.92752,31.2
Grytviken,South Georgia and the South Sandwich Islands,-54.28111,-36.5092,3.7
Zacapa,Guatemala,14.97222,-89.53056,227.7
Villa Nueva,Guatemala,14.52694,-90.5875,1332.5
Villa Canales,Guatemala,14.48139,-90.53167,1246.1
Totonicapán,Guatemala,14.91167,-91.36111,2496.2
Tecpán Guatemala,Guatemala,14.76694,-90.99417,2298.0
Sumpango,Guatemala,14.64639,-90.73389,1895.8
Sololá,Guatemala,14.77222,-91.18333,2121.8
Santiago Sacatepéquez,Guatemala,14.63528,-90.67639,2033.7
Santiago Atitlán,Guatemala,14.63823,-91.22901,1602.5
Santa María de Jesús,Guatemala,14.51833,-90.72667,1661.8
Santa Lucía Cotzumalguapa,Guatemala,14.33333,-91.01667,381.2
Santa Cruz del Quiché,Guatemala,15.03056,-91.14889,2020.4
Santa Catarina Pinula,Guatemala,14.56889,-90.49528,1549.2
San Pedro Sacatepéquez,Guatemala,14.96667,-91.76667,2220.1
San Pedro Ayampuc,Guatemala,14.78667,-90.45111,1198.7
San Pablo Jocopilas,Guatemala,14.58333,-91.45,625.1
San Marcos,Guatemala,14.96389,-91.79444,2372.8
San Lucas Sacatepéquez,Guatemala,14.60972,-90.65694,2074.0
San Juan Sacatepéquez,Guatemala,14.71889,-90.64417,1838.6
San José Pinula,Guatemala,14.54611,-90.41139,1747.3
San Francisco El Alto,Guatemala,14.95,-91.45,2613.8
San Cristóbal Verapaz,Guatemala,15.39632,-90.56513,2128.2
San Benito,Guatemala,16.91675,-89.91898,134.8
Sanarate,Guatemala,14.795,-90.19222,857.3
San Andrés Itzapa,Guatemala,14.62,-90.84417,1838.1
Salamá,Guatemala,15.10278,-90.31806,942.0
Retalhuleu,Guatemala,14.53611,-91.67778,238.5
Quetzaltenango,Guatemala,14.83472,-91.51806,2338.0
Puerto San José,Guatemala,13.9274,-90.82166,4.0
Puerto Barrios,Guatemala,15.72778,-88.59444,5.5
Tiquisate,Guatemala,14.28356,-91.36063,62.0
Poptún,Guatemala,16.33111,-89.41694,524.5
Petapa,Guatemala,14.50278,-90.55167,1226.5
Patzún,Guatemala,14.68333,-91.01667,2229.2
Patzicía,Guatemala,14.63167,-90.92694,2127.5
Panzós,Guatemala,15.4,-89.66667,161.9
Palín,Guatemala,14.40556,-90.69833,1162.5
Palencia,Guatemala,14.66472,-90.35861,1332.2
Ostuncalco,Guatemala,14.86667,-91.61667,2466.6
Nuevo San Carlos,Guatemala,14.6,-91.7,385.1
Nebaj,Guatemala,15.40583,-91.14611,1906.6
Nahualá,Guatemala,14.85,-91.31667,2517.3
Morales,Guatemala,15.48333,-88.81667,34.8
Momostenango,Guatemala,15.04361,-91.40861,2218.9
Mixco,Guatemala,14.63333,-90.60639,1711.0
Mazatenango,Guatemala,14.53417,-91.50333,371.1
La Gomera,Guatemala,14.08333,-91.05,33.8
La Esperanza,Guatemala,14.86667,-91.56667,2472.5
Jutiapa,Guatemala,14.29167,-89.89583,902.1
Jocotenango,Guatemala,14.58194,-90.74361,1544.6
Jalapa,Guatemala,14.63472,-89.98889,1372.8
Jacaltenango,Guatemala,15.66667,-91.73333,1686.7
Huehuetenango,Guatemala,15.31972,-91.47083,1900.2
Gualán,Guatemala,15.11952,-89.35721,117.8
Fraijanes,Guatemala,14.46528,-90.44083,1638.2
Flores,Guatemala,16.92258,-89.89941,118.9
Esquipulas,Guatemala,14.56667,-89.35,938.8
Escuintla,Guatemala,14.305,-90.785,354.1
El Tejar,Guatemala,14.64778,-90.79278,1760.3
El Palmar,Guatemala,14.65,-91.58333,677.7
El Estor,Guatemala,15.53333,-89.35,78.8
Cuilapa,Guatemala,14.27639,-90.29889,896.8
Comitancillo,Guatemala,15.08333,-91.71667,2221.1
Comalapa,Guatemala,14.74111,-90.8875,2113.6
Colomba,Guatemala,14.71667,-91.73333,992.5
Cobán,Guatemala,15.47083,-90.37083,1320.3
Coatepeque,Guatemala,14.7,-91.86667,471.9
Ciudad Vieja,Guatemala,14.52639,-90.75972,1513.0
Guatemala City,Guatemala,14.64072,-90.51327,1504.1
Chisec,Guatemala,15.81667,-90.28333,215.2
Chiquimula,Guatemala,14.8,-89.54583,422.5
Chinautla,Guatemala,14.70833,-90.49944,1269.2
Chimaltenango,Guatemala,14.66111,-90.81944,1799.8
Chichicastenango,Guatemala,14.93333,-91.11667,2118.6
Chicacao,Guatemala,14.53333,-91.31667,467.8
Cantel,Guatemala,14.81667,-91.45,2367.3
Barberena,Guatemala,14.30944,-90.36111,1216.4
Asunción Mita,Guatemala,14.33083,-89.71083,473.9
Antigua Guatemala,Guatemala,14.56111,-90.73444,1535.7
Amatitlán,Guatemala,14.4875,-90.61528,1200.2
Alotenango,Guatemala,14.48028,-90.8075,1359.6
Tamuning-Tumon-Harmon Village,Guam,13.48773,144.78138,12.6
Yigo Village,Guam,13.53605,144.88855,124.6
Guam Government House,Guam,13.47191,144.74978,46.0
Dededo Village,Guam,13.51777,144.8391,100.5
Hagåtña,Guam,13.47567,144.74886,4.8
Mangilao Village,Guam,13.44761,144.80109,54.5
Bissau,Guinea-Bissau,11.86357,-15.59767,13.7
Bafatá,Guinea-Bissau,12.16583,-14.66167,17.6
New Amsterdam,Guyana,6.24793,-57.5171,3.6
Linden,Guyana,6.00809,-58.30714,2.3
Georgetown,Guyana,6.80448,-58.15527,2.3
Tsuen Wan,Hong Kong,22.37066,114.10479,0.0
Yuen Long Kau Hui,Hong Kong,22.45,114.03333,6.0
Tuen Mun,Hong Kong,22.39175,113.97157,4.1
Tai Po,Hong Kong,22.45007,114.16877,12.3
Sha Tin,Hong Kong,22.38333,114.18333,99.8
Kowloon,Hong Kong,22.31667,114.18333,92.7
Hong Kong,Hong Kong,22.28552,114.15769,19.2
Puerto Cortez,Honduras,15.82562,-87.92968,3.3
Yoro,Honduras,15.1375,-87.12778,644.0
Villanueva,Honduras,15.31667,-88,139.0
Tocoa,Honduras,15.68333,-86,33.4
Tela,Honduras,15.77425,-87.46731,4.1
Tegucigalpa,Honduras,14.0818,-87.20681,939.7
Siguatepeque,Honduras,14.6,-87.83333,1076.4
Santa Rosa de Copán,Honduras,14.76667,-88.77917,1140.9
Santa Bárbara,Honduras,14.91944,-88.23611,254.9
San Pedro Sula,Honduras,15.50417,-88.025,86.6
San Lorenzo,Honduras,13.42417,-87.44722,11.8
Potrerillos,Honduras,15.23333,-87.96667,88.7
Olanchito,Honduras,15.48131,-86.57415,154.7
La Paz,Honduras,14.31944,-87.67917,683.2
La Lima,Honduras,15.43333,-87.91667,28.1
La Ceiba,Honduras,15.75971,-86.78221,11.3
Juticalpa,Honduras,14.66667,-86.21944,389.9
El Progreso,Honduras,15.4,-87.8,41.8
El Paraíso,Honduras,13.86667,-86.55,800.0
Danlí,Honduras,14.03333,-86.58333,758.3
Comayagua,Honduras,14.45139,-87.6375,589.6
Cofradía,Honduras,15.4,-88.15,107.5
Ciudad Choluteca,Honduras,13.30028,-87.19083,50.4
Choloma,Honduras,15.61444,-87.95302,35.2
Zaprešić,Croatia,45.85639,15.80778,129.1
Zagreb,Croatia,45.81444,15.97798,135.1
Zadar,Croatia,44.11972,15.24222,21.7
Vukovar,Croatia,45.34333,18.99972,105.8
Virovitica,Croatia,45.83194,17.38389,123.0
Vinkovci,Croatia,45.28833,18.80472,88.8
Velika Gorica,Croatia,45.7125,16.07556,106.0
Varaždin,Croatia,46.30444,16.33778,172.9
Split,Croatia,43.50891,16.43915,15.2
Solin,Croatia,43.5432,16.49314,15.4
Slavonski Brod,Croatia,45.16028,18.01556,91.7
Požega,Croatia,45.34028,17.68528,142.0
Sisak,Croatia,45.46611,16.37833,103.5
Šibenik,Croatia,43.72722,15.90583,52.4
Sesvete,Croatia,45.83111,16.11639,141.5
Samobor,Croatia,45.80306,15.71806,152.9
Rijeka,Croatia,45.34306,14.40917,124.6
Pula,Croatia,44.86833,13.84806,10.4
Osijek,Croatia,45.55111,18.69389,89.7
Koprivnica,Croatia,46.16278,16.8275,140.1
Karlovac,Croatia,45.48722,15.54778,113.0
Dubrovnik,Croatia,42.64807,18.09216,58.5
Čakovec,Croatia,46.38444,16.43389,162.5
Bjelovar,Croatia,45.89861,16.84889,128.1
Zagreb- Stenjevec,Croatia,45.80846,15.88245,119.8
Zagreb - Centar,Croatia,45.81313,15.97753,121.3
Verrettes,Haiti,19.05043,-72.46172,62.5
Thomazeau,Haiti,18.65094,-72.09191,33.8
Saint-Raphaël,Haiti,19.43799,-72.19794,371.2
Saint-Marc,Haiti,19.10819,-72.69379,12.0
Port-de-Paix,Haiti,19.9389,-72.83257,4.5
Port-au-Prince,Haiti,18.53917,-72.335,40.4
Tigwav,Haiti,18.42939,-72.86297,21.0
Pétionville,Haiti,18.5125,-72.28528,385.2
Miragoâne,Haiti,18.44232,-73.08758,48.1
Lenbe,Haiti,19.70409,-72.40027,30.3
Léogâne,Haiti,18.50959,-72.63147,18.1
Kenscoff,Haiti,18.44773,-72.28485,1465.9
Jérémie,Haiti,18.65,-74.11667,7.1
Jacmel,Haiti,18.23427,-72.53539,32.7
Hinche,Haiti,19.15,-72.01667,232.0
Gressier,Haiti,18.55,-72.51667,0.0
Grangwav,Haiti,18.4262,-72.76653,18.1
Gonayiv,Haiti,19.44749,-72.68903,4.1
Fond Parisien,Haiti,18.50583,-71.97667,41.7
Désarmes,Haiti,18.9916,-72.38528,65.3
Delmas 73,Haiti,18.54472,-72.30278,124.3
Croix des Bouquets,Haiti,18.57512,-72.22302,65.5
Les Cayes,Haiti,18.19331,-73.74601,3.4
Carrefour,Haiti,18.54114,-72.39922,27.3
Okap,Haiti,19.75938,-72.19815,2.9
Ti Port-de-Paix,Haiti,19.93333,-72.83333,61.3
Törökszentmiklós,Hungary,47.18333,20.41667,83.7
Tiszaújváros,Hungary,47.93333,21.08333,92.5
Szolnok,Hungary,47.18333,20.2,86.7
Szentes,Hungary,46.65627,20.27201,80.8
Szeged,Hungary,46.253,20.14824,84.2
Szarvas,Hungary,46.86667,20.55,85.0
Sátoraljaújhely,Hungary,48.39492,21.65871,107.1
Püspökladány,Hungary,47.31667,21.11667,92.9
Ózd,Hungary,48.21667,20.3,174.0
Orosháza,Hungary,46.56667,20.66667,89.9
Nyíregyháza,Hungary,47.95539,21.71671,110.1
Miskolc,Hungary,48.1,20.78333,137.4
Mezőtúr,Hungary,47,20.63333,77.3
Mezőkövesd,Hungary,47.81667,20.58333,120.0
Mátészalka,Hungary,47.95528,22.32348,125.3
Makó,Hungary,46.21667,20.48333,82.1
Kisvárda,Hungary,48.21667,22.08333,105.0
Kazincbarcika,Hungary,48.25,20.63333,179.3
Karcag,Hungary,47.31667,20.93333,85.3
Hódmezővásárhely,Hungary,46.41667,20.33333,80.4
Hajdúszoboszló,Hungary,47.45,21.4,98.2
Hajdúnánás,Hungary,47.85,21.43333,100.0
Hajdúböszörmény,Hungary,47.66667,21.51667,128.9
Gyula,Hungary,46.65,21.28333,86.8
Gyomaendrőd,Hungary,46.93333,20.83333,85.4
Eger,Hungary,47.90265,20.37329,166.0
Debrecen,Hungary,47.53333,21.63333,123.9
Csongrád,Hungary,46.71332,20.14241,82.7
Berettyóújfalu,Hungary,47.21667,21.55,95.8
Békéscsaba,Hungary,46.68333,21.1,88.1
Békés,Hungary,46.76667,21.13333,80.9
Balmazújváros,Hungary,47.61667,21.35,88.6
Abony,Hungary,47.1899,20.00476,91.9
Zalaegerszeg,Hungary,46.84,16.84389,155.9
Veszprém,Hungary,47.09327,17.91149,267.8
Vecsés,Hungary,47.40705,19.28648,121.5
Várpalota,Hungary,47.19936,18.13954,158.5
Vác,Hungary,47.77591,19.13612,116.7
Tatabánya,Hungary,47.58494,18.39325,143.5
Tata,Hungary,47.65289,18.31838,127.1
Tapolca,Hungary,46.88152,17.44117,120.5
Szombathely,Hungary,47.23088,16.62155,212.4
Szigetszentmiklós,Hungary,47.34382,19.04335,100.7
Szentendre,Hungary,47.66943,19.07561,121.1
Szekszárd,Hungary,46.35014,18.70905,93.7
Székesfehérvár,Hungary,47.18995,18.41034,117.7
Százhalombatta,Hungary,47.32579,18.92141,104.7
Sopron,Hungary,47.68501,16.59049,217.2
Siófok,Hungary,46.90413,18.058,106.6
Sárvár,Hungary,47.25395,16.93525,157.6
Salgótarján,Hungary,48.09872,19.80303,244.8
Pécs,Hungary,46.08333,18.23333,192.5
Parádsasvár,Hungary,47.9126,19.97709,361.3
Pápa,Hungary,47.33004,17.4674,157.8
Paks,Hungary,46.62648,18.85962,106.5
Oroszlány,Hungary,47.48671,18.31225,185.4
Nagykőrös,Hungary,47.03419,19.77857,114.2
Nagykanizsa,Hungary,46.45347,16.99104,153.5
Mosonmagyaróvár,Hungary,47.86789,17.26994,119.0
Monor,Hungary,47.35133,19.44733,139.2
Mohács,Hungary,45.99306,18.68306,88.1
Komló,Hungary,46.19278,18.26494,242.9
Komárom,Hungary,47.74318,18.11913,111.8
Kiskunhalas,Hungary,46.43402,19.48479,130.7
Kiskunfélegyháza,Hungary,46.71213,19.84458,101.5
Kiskőrös,Hungary,46.62139,19.28528,103.2
Keszthely,Hungary,46.76812,17.24317,129.6
Kecskemét,Hungary,46.90618,19.69128,123.2
Kaposvár,Hungary,46.36667,17.8,139.9
Kalocsa,Hungary,46.52639,18.98583,90.9
Jászberény,Hungary,47.5,19.91667,99.6
Hatvan,Hungary,47.66667,19.68333,120.0
Győr,Hungary,47.68333,17.63512,118.2
Gyöngyös,Hungary,47.78257,19.928,171.6
Gyál,Hungary,47.38449,19.2214,116.6
Gödöllő,Hungary,47.59657,19.35515,211.5
Göd,Hungary,47.68324,19.13417,114.0
Fót,Hungary,47.6177,19.1887,149.0
Esztergom,Hungary,47.7928,18.74148,116.9
Érd,Hungary,47.39489,18.91361,148.7
Dunaújváros,Hungary,46.96479,18.93974,143.7
Dunakeszi,Hungary,47.63641,19.13864,129.8
Dunaharaszti,Hungary,47.3545,19.09822,103.2
Dombóvár,Hungary,46.37657,18.13696,128.9
Dabas,Hungary,47.18594,19.31091,101.4
Cegléd,Hungary,47.17266,19.79952,109.7
Budapest,Hungary,47.49801,19.03991,111.9
Budaörs,Hungary,47.46181,18.95845,142.0
Balassagyarmat,Hungary,48.07296,19.29614,151.8
Baja,Hungary,46.17496,18.95639,104.6
Ajka,Hungary,47.10196,17.55892,224.7
Budapest XII. kerület,Hungary,47.49192,19.01493,169.4
Budapest XI. kerület,Hungary,47.47603,19.03605,110.3
Budapest IX. kerület,Hungary,47.48299,19.06591,116.9
Budapest VIII. kerület,Hungary,47.48919,19.07012,121.4
Budapest VII. kerület,Hungary,47.50045,19.06875,117.1
Budapest VI. kerület,Hungary,47.50369,19.06583,122.3
Budapest XIV. kerület,Hungary,47.5183,19.10789,118.1
Budapest XIII. kerület,Hungary,47.52978,19.08068,105.3
Budapest IV. kerület,Hungary,47.56182,19.08909,108.9
Budapest XV. kerület,Hungary,47.56263,19.11681,115.6
Budapest XVI. kerület,Hungary,47.51482,19.17028,144.0
Budapest X. kerület,Hungary,47.4791,19.15835,140.2
Budapest XIX. kerület,Hungary,47.45293,19.14943,122.9
Budapest XVIII. kerület,Hungary,47.44417,19.17595,127.4
Budapest XXIII. kerület,Hungary,47.39788,19.11492,110.2
Budapest XXII. kerület,Hungary,47.42698,19.04016,105.1
Budapest XXI. kerület,Hungary,47.43047,19.07098,110.9
Budapest XX. kerület,Hungary,47.43674,19.10093,117.0
Budapest XVII. kerület,Hungary,47.47997,19.25388,140.1
Budapest III. kerület,Hungary,47.54157,19.04501,108.5
Budapest II. kerület,Hungary,47.51291,19.03184,127.8
Budapest I. kerület,Hungary,47.49705,19.03961,148.5
Tongging,Indonesia,2.8985,98.5231,921.6
Teluk Nibung,Indonesia,3.001,99.8164,2.9
Tebingtinggi,Indonesia,3.3285,99.1625,22.6
Tanjungtiram,Indonesia,4.0613,98.3699,1.7
Tanjungbalai,Indonesia,2.96667,99.8,1.6
Sunggal,Indonesia,3.5765,98.6151,30.3
Stabat,Indonesia,3.73335,98.45025,12.0
Singkil,Indonesia,2.2874,97.7884,2.5
Sigli,Indonesia,5.3848,95.9609,6.5
Sibolga,Indonesia,1.74016,98.78117,7.7
Sabang,Indonesia,5.88969,95.31644,8.0
Reuleuet,Indonesia,5.21667,96.28333,4.2
Rantauprapat,Indonesia,2.1,99.83333,28.9
Percut,Indonesia,3.6253,98.864,5.2
Perbaungan,Indonesia,3.5679,98.956,18.2
Pematangsiantar,Indonesia,2.9595,99.0687,388.4
Pangkalan Brandan,Indonesia,4.0238,98.2782,3.2
Padangsidempuan,Indonesia,1.37952,99.27146,311.5
Meulaboh,Indonesia,4.14402,96.12664,6.3
Medan,Indonesia,3.58333,98.66667,25.8
Lhokseumawe,Indonesia,5.1801,97.1507,4.0
Langsa,Indonesia,4.4683,97.9683,9.6
Labuhan Deli,Indonesia,3.7278,98.6738,4.0
Kisaran,Indonesia,2.9845,99.6158,19.2
Kabanjahe,Indonesia,3.1001,98.4908,1193.1
Deli Tua,Indonesia,3.5078,98.6839,54.4
Bireun,Indonesia,5.203,96.7009,18.4
Binjai,Indonesia,3.6001,98.4854,34.5
Berastagi,Indonesia,3.19468,98.50889,1401.7
Belawan,Indonesia,3.7755,98.6832,3.5
Bandar,Indonesia,2.05,99.75,73.8
Banda Aceh,Indonesia,5.5577,95.3222,4.0
Yogyakarta,Indonesia,-7.78278,110.36083,121.1
Wonosobo,Indonesia,-7.36,109.9025,784.7
Wonopringgo,Indonesia,-6.98333,109.61667,44.9
Wongsorejo,Indonesia,-7.9908,114.4009,30.1
Wiradesa,Indonesia,-6.8922,109.619,5.8
Weru,Indonesia,-6.711,108.5037,20.3
Weleri,Indonesia,-6.9713,110.0666,12.7
Welahan,Indonesia,-6.8,110.71667,2.5
Wedi,Indonesia,-7.74306,110.57944,141.2
Watampone,Indonesia,-4.5386,120.3279,30.1
Wangon,Indonesia,-7.51611,109.05389,30.0
Wanaraja,Indonesia,-7.1749,107.9808,722.4
Waingapu,Indonesia,-9.6567,120.2641,30.5
Ungaran,Indonesia,-7.13972,110.405,348.1
Makassar,Indonesia,-5.14,119.4221,5.0
Ubud,Indonesia,-8.5098,115.2654,207.4
Tulungagung,Indonesia,-8.0657,111.9025,86.2
Tulangan Utara,Indonesia,-7.4737,112.6505,7.3
Tuban,Indonesia,-6.8976,112.0649,9.6
Tual,Indonesia,-5.6193,132.7886,40.7
Trucuk,Indonesia,-7.71833,110.65889,119.8
Trenggalek,Indonesia,-8.0764,111.70641,108.7
Tondano,Indonesia,1.3054,124.91261,686.3
Tomohon,Indonesia,1.31678,124.80379,731.7
Ternate,Indonesia,0.79065,127.38424,19.1
Terbanggi Besar,Indonesia,-4.87898,105.21818,24.3
Tegal,Indonesia,-6.8694,109.1402,4.6
Tayu,Indonesia,-6.5397,111.0518,5.8
Tasikmalaya,Indonesia,-7.3274,108.2207,353.0
Tarub,Indonesia,-6.93333,109.16667,18.2
Tarakan,Indonesia,3.31332,117.59152,22.4
Tanjungpinang,Indonesia,0.91667,104.45,24.4
Tanjung Pandan,Indonesia,-2.73353,107.63477,5.3
Bandar Lampung,Indonesia,-5.42544,105.25803,104.9
Tanjungagung,Indonesia,-3.93728,103.80465,123.6
Tanggulangin,Indonesia,-7.49958,112.69992,4.2
Tangerang,Indonesia,-6.17806,106.63,17.6
Tabanan,Indonesia,-8.5413,115.12522,124.7
Surakarta,Indonesia,-7.55611,110.83167,99.8
Surabaya,Indonesia,-7.24917,112.75083,7.1
Sungai Raya,Indonesia,0.7,108.9,2.7
Sungai Penuh,Indonesia,-2.0561,101.3913,807.0
Sungailiat,Indonesia,-1.85442,106.12215,3.2
Sumenep,Indonesia,-7.01667,113.86667,4.0
Sumedang Utara,Indonesia,-6.85,107.91667,466.6
Sumberpucung,Indonesia,-8.15856,112.48292,298.2
Sumber,Indonesia,-6.76028,108.48306,71.0
Sumbawa Besar,Indonesia,-8.49317,117.42024,13.4
Sokaraja,Indonesia,-7.45806,109.28806,45.2
Sukabumi,Indonesia,-6.91806,106.92667,614.5
Srono,Indonesia,-8.40003,114.26661,59.5
Srandakan,Indonesia,-7.93861,110.25056,16.3
Sragen,Indonesia,-7.42639,111.02222,86.5
Sorong,Indonesia,-0.87956,131.26104,5.2
Soreang,Indonesia,-7.03306,107.51833,741.5
Solok,Indonesia,-0.8006,100.6571,387.6
Soko,Indonesia,-7.48315,112.42704,23.5
Sofifi,Indonesia,0.73333,127.55,0.0
Soe,Indonesia,-9.86071,124.28395,849.5
Sleman,Indonesia,-7.71556,110.35556,208.3
Slawi,Indonesia,-6.9816,109.1407,41.7
Situbondo,Indonesia,-7.70623,114.00976,37.1
Sinjai,Indonesia,-5.1241,120.253,4.3
Singosari,Indonesia,-7.8924,112.6658,496.3
Singojuruh,Indonesia,-8.31667,114.23333,157.1
Singkawang,Indonesia,0.90925,108.98463,5.1
Sengkang,Indonesia,-4.1279,120.0297,18.9
Singaraja,Indonesia,-8.112,115.08818,10.1
Singaparna,Indonesia,-7.3515,108.111,427.7
Simpang,Indonesia,-1.26424,104.09701,2.2
Sijunjung,Indonesia,-0.7005,100.9774,160.4
Sidoarjo,Indonesia,-7.4478,112.7183,3.4
Sidareja,Indonesia,-7.4846,108.7923,6.4
Sewon,Indonesia,-7.87639,110.35889,51.4
Serpong,Indonesia,-6.31694,106.66417,50.4
Serang,Indonesia,-6.1149,106.1502,24.7
Sepatan,Indonesia,-6.11889,106.575,9.8
Semarang,Indonesia,-6.9932,110.4203,9.0
Selogiri,Indonesia,-7.78333,110.86667,116.2
Sawangan,Indonesia,-6.40278,106.77444,87.6
Sampit,Indonesia,-2.5315,112.9496,2.5
Sampang,Indonesia,-7.1872,113.2394,6.7
Samarinda,Indonesia,-0.48585,117.1466,35.4
Salatiga,Indonesia,-7.33194,110.49278,568.6
Ruteng,Indonesia,-8.6136,120.4721,1194.1
Rengasdengklok,Indonesia,-6.15917,107.29806,9.0
Rembangan,Indonesia,-6.7036,111.3416,7.3
Rantepao,Indonesia,-2.9701,119.8978,785.3
Rangkasbitung,Indonesia,-6.3591,106.2494,28.0
Randudongkal,Indonesia,-7.0981,109.3243,213.9
Rajapolah,Indonesia,-7.221,108.1896,463.0
Purwokerto,Indonesia,-7.42139,109.23444,78.8
Purwodadi,Indonesia,-7.0868,110.9158,26.3
Purwakarta,Indonesia,-6.55694,107.44333,82.8
Purbalingga,Indonesia,-7.38806,109.36389,57.2
Pundong,Indonesia,-7.95222,110.34861,19.9
Probolinggo,Indonesia,-7.7543,113.2159,12.0
Prigen,Indonesia,-7.68333,112.61667,807.2
Praya,Indonesia,-8.70536,116.27036,101.3
Candi Prambanan,Indonesia,-7.75,110.49417,153.2
Poso,Indonesia,-1.3959,120.7524,6.7
Pontianak,Indonesia,-0.03109,109.32199,3.1
Ponorogo,Indonesia,-7.8685,111.462,97.8
Polewali,Indonesia,-3.4324,119.3435,4.6
Plumbon,Indonesia,-6.705,108.47278,20.8
Petarukan,Indonesia,-6.88333,109.43333,4.9
Prabumulih,Indonesia,-3.43447,104.23056,50.3
Pemangkat,Indonesia,1.16667,108.96667,2.7
Pemalang,Indonesia,-6.9,109.36667,6.3
Pelabuhanratu,Indonesia,-6.9875,106.55139,19.5
Pekanbaru,Indonesia,0.53333,101.45,9.9
Pekalongan,Indonesia,-6.8886,109.6753,8.6
Pecangaan,Indonesia,-6.6978,110.7107,17.5
Payakumbuh,Indonesia,-0.2159,100.6334,508.0
Pati,Indonesia,-6.7559,111.038,10.0
Pasuruan,Indonesia,-7.6453,112.9075,4.7
Paseh,Indonesia,-7.1026,107.7641,917.1
Pasarkemis,Indonesia,-6.17028,106.53028,22.1
Parung,Indonesia,-6.42139,106.73306,99.7
Pariaman,Indonesia,-0.61898,100.11997,2.5
Parepare,Indonesia,-4.0135,119.6255,14.9
Pare,Indonesia,-7.7679,112.198,137.3
Panji,Indonesia,-7.72528,114.09954,39.4
Pangkalpinang,Indonesia,-2.12914,106.11377,16.9
Pangkalanbuun,Indonesia,-2.6832,111.6259,15.4
Pandeglang,Indonesia,-6.3084,106.1067,250.9
Pandaan,Indonesia,-7.65268,112.6875,195.5
Pandak,Indonesia,-7.91306,110.29361,30.9
Panarukan,Indonesia,-7.70181,113.91844,6.2
Pamulang,Indonesia,-6.34278,106.73833,63.5
Pameungpeuk,Indonesia,-7.01833,107.60389,665.5
Pamekasan,Indonesia,-7.1568,113.4746,16.9
Pamanukan,Indonesia,-6.28417,107.81056,6.9
Palu,Indonesia,-0.8917,119.8707,15.3
Palopo,Indonesia,-2.9925,120.19694,4.4
Palimanan,Indonesia,-6.70694,108.42417,24.5
Palembang,Indonesia,-2.91673,104.7458,2.2
Palangkaraya,Indonesia,-2.2136,113.9108,12.0
Pakisaji,Indonesia,-8.0665,112.5981,387.6
Pageralam,Indonesia,-4.02177,103.25093,713.2
Padang,Indonesia,-0.94924,100.35427,5.8
Paciran,Indonesia,-6.87666,112.37606,2.4
Ngunut,Indonesia,-8.1058,112.01591,108.5
Ngoro,Indonesia,-7.68386,112.25804,90.5
Ngawi,Indonesia,-7.4038,111.4461,53.3
Nganjuk,Indonesia,-7.6051,111.9035,56.1
Negara,Indonesia,-8.35694,114.61694,11.3
Nabire,Indonesia,-3.35989,135.50074,8.4
Muntok,Indonesia,-2.06719,105.16228,6.5
Muntilan,Indonesia,-7.58111,110.29278,378.3
Muncar,Indonesia,-8.43333,114.33333,5.0
Mranggen,Indonesia,-7.0268,110.5158,18.2
Mojokerto,Indonesia,-7.4664,112.4338,26.3
Mojoagung,Indonesia,-7.56667,112.35,34.8
Mlonggo,Indonesia,-6.53333,110.7,13.9
Metro,Indonesia,-5.11306,105.30667,61.6
Mertoyudan,Indonesia,-7.52,110.22639,349.2
Melati,Indonesia,-7.73333,110.36667,180.3
Maumere,Indonesia,-8.6199,122.2111,15.6
Mataram,Indonesia,-8.58333,116.11667,22.9
Martapura,Indonesia,-3.4109,114.8642,3.0
Margasari,Indonesia,-7.1,109.01667,43.3
Margahayukencana,Indonesia,-6.97083,107.5675,667.0
Manokwari,Indonesia,-0.86291,134.06402,8.4
Manismata,Indonesia,-2.46667,111.03333,15.9
Manggar,Indonesia,-2.88333,108.26667,3.1
Mendaha,Indonesia,-1.0163,103.59331,4.0
Manado,Indonesia,1.48218,124.84892,7.2
Malang,Indonesia,-7.9797,112.6304,452.5
Majene,Indonesia,-3.5403,118.9707,6.0
Majenang,Indonesia,-7.2975,108.7642,36.1
Majalengka,Indonesia,-6.83611,108.22778,129.2
Magelang,Indonesia,-7.47056,110.21778,375.5
Madiun,Indonesia,-7.6298,111.5239,67.6
Luwuk,Indonesia,-0.9516,122.7875,14.3
Lumajang,Indonesia,-8.1335,113.2248,58.1
Lubuklinggau,Indonesia,-3.2945,102.8614,132.5
Loa Janan,Indonesia,-0.58295,117.09503,5.1
Lembang,Indonesia,-6.81167,107.6175,1251.6
Lebaksiu,Indonesia,-7.0496,109.1441,143.3
Lawang,Indonesia,-7.8353,112.6947,507.6
Lasem,Indonesia,-6.6922,111.4527,11.5
Lamongan,Indonesia,-7.11667,112.41667,5.9
Lahat,Indonesia,-3.78514,103.54279,111.2
Labuhanbajo,Indonesia,-8.4964,119.8877,62.4
Labuan,Indonesia,-6.3784,105.83,8.5
Kutoarjo,Indonesia,-7.71694,109.91278,15.7
Kuta,Indonesia,-8.72332,115.17234,7.9
Kuningan,Indonesia,-6.97583,108.48306,532.2
Kudus,Indonesia,-6.8048,110.8405,24.6
Kualatungkal,Indonesia,-0.81623,103.46111,7.3
Kualakapuas,Indonesia,-3.00913,114.38759,2.9
Kroya,Indonesia,-7.63306,109.24611,15.2
Krian,Indonesia,-7.4104,112.5792,16.6
Kresek,Indonesia,-6.13139,106.37972,14.0
Kraksaan,Indonesia,-7.75845,113.39624,2.2
Kotabumi,Indonesia,-4.82505,104.8817,32.6
Klungkung,Indonesia,-8.53333,115.4,93.0
Klaten,Indonesia,-7.70583,110.60639,156.7
Klangenan,Indonesia,-6.70944,108.44,25.9
Kijang,Indonesia,0.9,104.63333,1.4
Ketanggungan,Indonesia,-6.9383,108.891,14.8
Kertosono,Indonesia,-7.58333,112.1,39.7
Kepanjen,Indonesia,-8.1303,112.5727,337.3
Kendari,Indonesia,-3.9778,122.51507,3.0
Kencong,Indonesia,-8.28333,113.36667,11.1
Kefamenanu,Indonesia,-9.44667,124.47806,406.3
Kedungwuni,Indonesia,-6.97038,109.64794,16.6
Kedungwaru,Indonesia,-8.06667,111.91667,88.5
Kediri,Indonesia,-7.81667,112.01667,70.4
Kebonarun,Indonesia,-7.70028,110.56306,191.1
Kebomas,Indonesia,-7.16667,112.6333,30.4
Kawalu,Indonesia,-7.3817,108.2082,324.5
Katabu,Indonesia,-4.9333,122.5167,58.7
Karangsembung,Indonesia,-6.8487,108.6422,18.7
Karangasem,Indonesia,-8.45,115.61667,82.2
Karanganom,Indonesia,-7.64889,110.625,213.1
Karangampel,Indonesia,-6.46222,108.45194,4.5
Kamal,Indonesia,-7.16778,112.71917,4.6
Kalianget,Indonesia,-7.0537,113.94244,11.2
Juwana,Indonesia,-6.715,111.1514,6.5
Jombang,Indonesia,-7.54595,112.23307,40.7
Jogonalan,Indonesia,-7.70361,110.53611,217.0
Jember,Indonesia,-8.17211,113.69953,85.3
Jekulo,Indonesia,-6.8057,110.9262,14.0
Jatiwangi,Indonesia,-6.73361,108.26278,46.3
Jatiroto,Indonesia,-7.88333,111.11667,263.3
Jatibarang,Indonesia,-6.47472,108.31528,9.3
Jaten,Indonesia,-7.57722,110.8975,111.1
Jambi City,Indonesia,-1.6,103.61667,20.6
Jakarta,Indonesia,-6.21462,106.84513,17.4
Indramayu,Indonesia,-6.32639,108.32,4.2
Grogol,Indonesia,-7.60111,110.81861,92.3
Gresik,Indonesia,-7.15389,112.65611,8.5
Gorontalo,Indonesia,0.5412,123.0595,6.0
Gongdanglegi Kulon,Indonesia,-8.17529,112.63594,358.2
Gombong,Indonesia,-7.60722,109.51417,20.6
Godean,Indonesia,-7.76972,110.29389,117.2
Genteng,Indonesia,-8.36667,114.15,169.6
Gedangan,Indonesia,-7.39083,112.72667,4.4
Gebog,Indonesia,-6.735,110.8444,124.3
Gampengrejo,Indonesia,-7.76667,112.01667,56.9
Gambiran Satu,Indonesia,-8.3939,114.1464,136.3
Galesong,Indonesia,-5.3166,119.3661,7.2
Ende,Indonesia,-8.8432,121.6623,22.6
Dumai,Indonesia,1.66711,101.44316,4.0
Dukuhturi,Indonesia,-6.9,109.08333,3.3
Driyorejo,Indonesia,-7.3659,112.6219,11.4
Diwek,Indonesia,-7.57897,112.23109,50.1
Depok,Indonesia,-7.7625,110.43167,150.2
Depok,Indonesia,-6.4,106.81861,91.6
Denpasar,Indonesia,-8.65,115.21667,35.8
Demak,Indonesia,-6.8909,110.6396,4.7
Delanggu,Indonesia,-7.61667,110.68333,149.1
Dampit,Indonesia,-8.21162,112.74934,430.0
Curup,Indonesia,-3.4703,102.5207,624.6
Curug,Indonesia,-6.26583,106.55639,38.6
Comal,Indonesia,-6.9053,109.5347,10.1
Colomadu,Indonesia,-7.53333,110.75,125.3
Citeureup,Indonesia,-6.48556,106.88194,134.7
Cirebon,Indonesia,-6.7063,108.557,5.5
Ciputat,Indonesia,-6.2375,106.69556,20.4
Cimahi,Indonesia,-6.87222,107.5425,767.6
Cileunyi,Indonesia,-6.93889,107.75278,697.1
Cileungsir,Indonesia,-6.39472,106.95917,77.7
Cikarang,Indonesia,-6.26111,107.15278,17.1
Cikampek,Indonesia,-6.41972,107.45583,55.8
Cicurug,Indonesia,-6.78139,106.7825,501.2
Cibinong,Indonesia,-6.48167,106.85417,134.4
Ciamis,Indonesia,-7.3257,108.3534,203.6
Cepu,Indonesia,-7.1475,111.5906,34.4
Ceper,Indonesia,-7.67417,110.67889,125.5
Caringin,Indonesia,-6.70611,106.82139,442.0
Ciampea,Indonesia,-6.55472,106.70083,147.3
Bulakamba,Indonesia,-6.8748,108.9559,4.1
Bukittinggi,Indonesia,-0.30907,100.37055,929.1
Buduran,Indonesia,-7.4281,112.7234,5.6
Buaran,Indonesia,-7.05,109.55,18.7
Boyolangu,Indonesia,-8.1181,111.8935,87.7
Boyolali,Indonesia,-7.53306,110.59583,434.5
Bontang,Indonesia,0.1324,117.4854,6.0
Bondowoso,Indonesia,-7.91346,113.82145,257.5
Bojonegoro,Indonesia,-7.1502,111.8817,23.4
Bogor,Indonesia,-6.59444,106.78917,247.4
Blora,Indonesia,-6.9698,111.4186,86.6
Blitar,Indonesia,-8.0983,112.1681,176.6
Bitung,Indonesia,1.45697,125.1895,59.0
Bima,Indonesia,-8.46006,118.72667,11.8
Besuki,Indonesia,-7.73379,113.69785,4.9
Bengkulu,Indonesia,-3.80044,102.26554,15.0
Bekasi,Indonesia,-6.2349,106.9896,17.6
Baturaja,Indonesia,-4.12891,104.16695,64.2
Baturaden,Indonesia,-7.3,109.21667,959.0
Batu,Indonesia,-7.87,112.52833,879.2
Batang,Indonesia,-6.4846,110.7083,9.1
Barabai,Indonesia,-2.58333,115.38333,14.9
Banyuwangi,Indonesia,-8.2325,114.35755,23.5
Banyumas,Indonesia,-7.51417,109.29417,23.9
Bantul,Indonesia,-7.88806,110.32889,45.1
Banjarmasin,Indonesia,-3.31987,114.59075,10.8
Banjaran,Indonesia,-7.04528,107.58778,674.8
Banjar,Indonesia,-8.19,114.9675,11.3
Banjar,Indonesia,-7.1955,107.4313,1881.9
Bangkalan,Indonesia,-7.0455,112.7351,4.4
Bangil,Indonesia,-7.59939,112.8186,2.0
Bandung,Indonesia,-6.90389,107.61861,725.5
Bambanglipuro,Indonesia,-7.95,110.28333,35.9
Balung,Indonesia,-7.73333,113.91667,23.6
Balikpapan,Indonesia,-1.26753,116.82887,61.4
Balapulang,Indonesia,-7.05,109.08333,76.3
Balaipungut,Indonesia,1.05949,101.29054,12.8
Baki,Indonesia,-7.61278,110.78389,98.4
Baekrajan,Indonesia,-6.7674,110.8541,64.6
Babat,Indonesia,-7.11282,112.16354,8.8
Atambua,Indonesia,-9.10611,124.8925,333.7
Astanajapura,Indonesia,-6.8017,108.6311,6.5
Arjawinangun,Indonesia,-6.64528,108.41028,12.3
Amuntai,Indonesia,-2.41773,115.24941,5.7
Ambon,Indonesia,-3.69543,128.18141,5.5
Ambarawa,Indonesia,-7.26333,110.3975,478.1
Amahai,Indonesia,-3.33984,128.91975,5.6
Adiwerna,Indonesia,-6.9375,109.1325,19.3
Padalarang,Indonesia,-6.83778,107.47278,699.0
Ciranjang-hilir,Indonesia,-6.82,107.25722,264.6
Cikupa,Indonesia,-6.23639,106.50833,28.9
Teluknaga,Indonesia,-6.09889,106.63806,7.3
Wonosari,Indonesia,-7.96556,110.60361,180.5
Gamping Lor,Indonesia,-7.79556,110.32639,95.7
Kasihan,Indonesia,-7.82694,110.32917,81.8
Ngemplak,Indonesia,-7.54972,110.71639,139.0
Kartasura,Indonesia,-7.55194,110.73778,127.7
Gatak,Indonesia,-7.59083,110.70444,141.8
Kupang,Indonesia,-10.1718,123.6075,98.2
Jayapura,Indonesia,-2.53371,140.71813,6.0
Abepura,Indonesia,-2.5964,140.6324,80.8
Seririt,Indonesia,-8.1928,114.9388,12.8
City of Balikpapan,Indonesia,-1.24204,116.89419,11.2
Pekan Bahapal,Indonesia,3.11313,99.17352,125.4
South Tangerang,Indonesia,-6.28862,106.71789,36.3
Loch Garman,Ireland,52.33417,-6.4575,6.9
Waterford,Ireland,52.25833,-7.11194,10.0
Tralee,Ireland,52.27042,-9.70264,7.2
Tallaght,Ireland,53.2859,-6.37344,101.5
Swords,Ireland,53.45972,-6.21806,17.2
Sligo,Ireland,54.26969,-8.46943,9.4
Droichead Nua,Ireland,53.18194,-6.79667,91.0
Navan,Ireland,53.65278,-6.68139,27.8
Naas,Ireland,53.21583,-6.66694,94.7
An Muileann gCearr,Ireland,53.53333,-7.35,95.7
Malahide,Ireland,53.45083,-6.15444,11.6
Lucan,Ireland,53.35736,-6.44859,25.3
Luimneach,Ireland,52.66472,-8.62306,9.0
Letterkenny,Ireland,54.95,-7.73333,12.3
Leixlip,Ireland,53.36583,-6.49556,48.0
Kilkenny,Ireland,52.65417,-7.25222,44.5
Gaillimh,Ireland,53.27194,-9.04889,3.7
Finglas,Ireland,53.38917,-6.29694,56.0
Ennis,Ireland,52.84361,-8.98639,4.0
Dún Laoghaire,Ireland,53.29395,-6.13586,15.5
Dundalk,Ireland,54,-6.41667,16.8
Dublin,Ireland,53.33306,-6.24889,9.7
Drogheda,Ireland,53.71889,-6.34778,31.6
Cork,Ireland,51.89797,-8.47061,8.4
Cluain Meala,Ireland,52.355,-7.70389,21.3
Celbridge,Ireland,53.33861,-6.54361,55.4
Carlow,Ireland,52.84083,-6.92611,52.4
Blanchardstown,Ireland,53.38806,-6.37556,43.8
Balbriggan,Ireland,53.61278,-6.18194,0.0
Athlone,Ireland,53.43333,-7.95,37.0
Sandyford,Ireland,53.2747,-6.2253,99.6
Donaghmede,Ireland,53.39845,-6.16179,16.7
Jerusalem,Israel,31.76904,35.21633,781.6
Safed,Israel,32.96465,35.496,779.0
Yehud,Israel,32.03317,34.89091,41.3
Yavné,Israel,31.88078,34.73843,25.4
Yafo,Israel,32.05043,34.75224,21.5
Umm el Faḥm,Israel,32.51725,35.15349,400.2
Tirat Karmel,Israel,32.76021,34.97183,47.6
Tiberias,Israel,32.79221,35.53124,-153.3
Tel Aviv,Israel,32.08088,34.78057,9.0
maalot Tarshīhā,Israel,33.01667,35.26667,488.4
Tamra,Israel,32.85301,35.1987,88.3
Sederot,Israel,31.525,34.59693,82.2
Sakhnīn,Israel,32.86422,35.29707,229.7
Rosh Ha‘Ayin,Israel,32.09556,34.95664,60.9
Rishon LeẔiyyon,Israel,31.97102,34.78939,56.4
Ramla,Israel,31.92923,34.86563,81.7
Ramat HaSharon,Israel,32.14613,34.8394,72.7
Ramat Gan,Israel,32.08227,34.81065,60.8
Ra'anana,Israel,32.1836,34.87386,48.7
Qiryat Yam,Israel,32.84966,35.06973,8.7
Qiryat Shemona,Israel,33.20733,35.57212,122.3
Qiryat Moẕqin,Israel,32.83706,35.0776,10.4
Qiryat Gat,Israel,31.60998,34.76422,128.6
Qiryat Bialik,Israel,32.8275,35.08583,9.0
Qiryat Ata,Israel,32.81149,35.11323,43.8
Qalansuwa,Israel,32.28493,34.98106,41.0
Petaẖ Tiqwa,Israel,32.08707,34.88747,48.4
Or Yehuda,Israel,32.02923,34.85788,33.8
Ofaqim,Israel,31.3141,34.62025,132.5
Netivot,Israel,31.42215,34.58858,153.5
Netanya,Israel,32.33291,34.85992,31.6
Ness Ziona,Israel,31.92933,34.79868,34.0
Nesher,Israel,32.76622,35.04425,117.3
Nazareth,Israel,32.69925,35.30483,357.8
Nahariya,Israel,33.01135,35.09467,9.7
Migdal Ha‘Emeq,Israel,32.67597,35.23986,228.5
Mevo Betar,Israel,31.72177,35.10669,767.6
Maghār,Israel,32.88984,35.40703,287.4
Lod,Israel,31.9467,34.8903,64.1
Kfar Saba,Israel,32.175,34.90694,54.0
Karmi’el,Israel,32.91708,35.30501,228.9
Kafr Qāsim,Israel,32.11406,34.97624,136.9
Kafr Mandā,Israel,32.81034,35.26009,177.0
Kafr Kannā,Israel,32.7466,35.34242,278.5
Judeida Makr,Israel,32.9282,35.15705,86.1
H̱olon,Israel,32.01034,34.77918,29.8
Hod HaSharon,Israel,32.15934,34.8932,52.1
Herzliyya,Israel,32.16627,34.82536,26.8
Haifa,Israel,32.81841,34.9885,33.8
H̱adera,Israel,32.44192,34.9039,7.5
Giv‘at Shemu’él,Israel,32.07817,34.84858,52.5
Giv‘atayim,Israel,32.07225,34.81253,48.2
Tirah,Israel,32.2341,34.95023,77.6
Eṭ Ṭaiyiba,Israel,32.26616,35.00893,86.5
Er Reina,Israel,32.72339,35.31622,343.0
Eilat,Israel,29.55805,34.94821,54.9
Dimona,Israel,31.07127,35.0337,550.8
Dāliyat el Karmil,Israel,32.69383,35.04686,418.8
Bet Shemesh,Israel,31.73072,34.99293,294.1
Bet She’an,Israel,32.49728,35.49632,-117.9
Bené Beraq,Israel,32.08074,34.8338,52.3
Beersheba,Israel,31.25181,34.7913,284.8
Bat Yam,Israel,32.02379,34.75185,26.0
Ashqelon,Israel,31.66926,34.57149,45.6
Ashdod,Israel,31.79213,34.64966,20.6
‘Arad,Israel,31.25882,35.21282,611.9
‘Akko,Israel,32.92814,35.07647,6.3
‘Afula ‘Illit,Israel,32.63221,35.32533,157.0
Modiin,Israel,31.89825,35.01051,235.7
West Jerusalem,Israel,31.78199,35.21961,791.2
Modiin Ilit,Israel,31.93221,35.04416,319.6
Ariel,Israel,32.1065,35.18449,563.0
Douglas,Isle of Man,54.15,-4.48333,33.6
Pūnch,India,33.76969,74.09212,1004.1
Keelakarai,India,9.23183,78.78545,11.6
Zunheboto,India,25.96667,94.51667,1317.9
Zamānia,India,25.41961,83.55786,70.1
Zaidpur,India,26.83093,81.32929,118.3
Zahirābād,India,17.68138,77.60743,624.8
Yeola,India,20.0424,74.48944,563.7
Yellāpur,India,14.96584,74.71034,542.3
Yellandu,India,17.59064,80.32146,210.4
Yelahanka,India,13.10073,77.59632,903.8
Yavatmāl,India,20.39324,78.13201,441.6
Yāval,India,21.16753,75.69761,218.8
Yanam,India,16.73308,82.21364,6.9
Yamunānagar,India,30.12796,77.28371,280.3
Yādgīr,India,16.77007,77.13755,377.8
Wokha,India,26.09717,94.25817,1384.9
Wer,India,27.0186,77.17636,221.0
Wellington,India,11.36389,76.78525,1801.1
Wazīrganj,India,28.21145,79.05665,177.9
Wāshīm,India,20.11128,77.133,544.9
Warud,India,21.47101,78.26965,404.5
Warora,India,20.22885,79.00277,208.4
Wāris Alīganj,India,25.0172,85.64047,77.6
Wardha,India,20.73933,78.59784,289.2
Wārāseonī,India,21.76184,80.04301,303.4
Warangal,India,18,79.58333,255.5
Wanparti,India,16.36738,78.06889,401.0
Wānkāner,India,22.61198,70.94379,85.0
Wani,India,20.05507,78.95313,223.1
Walajapet,India,12.9251,79.36626,174.4
Wai,India,17.95276,73.89058,710.2
Wādi,India,17.05183,76.99048,429.9
Vyāra,India,21.11079,73.39365,86.4
Vuyyūru,India,16.36307,80.84406,15.2
Vrindāvan,India,27.58105,77.69662,178.5
Vriddhāchalam,India,11.51528,79.32186,39.5
Vizianagaram,India,18.11692,83.41148,62.7
Vite,India,17.27343,74.53792,692.0
Visnagar,India,23.69855,72.5521,134.7
Visakhapatnam,India,17.68009,83.20161,21.0
Vīsāvadar,India,21.33954,70.74966,140.1
Virudunagar,India,9.58509,77.95787,105.0
Viravanallūr,India,8.6961,77.51895,62.0
Vīrarājendrapet,India,12.19583,75.80355,913.5
Virār,India,19.45591,72.81136,10.7
Vinukonda,India,16.0518,79.74017,96.8
Villupuram,India,11.93975,79.49244,47.7
Vikārābād,India,17.3381,77.90441,636.7
Vijayawada,India,16.51363,80.62974,26.6
Vijāpur,India,23.5623,72.74848,126.6
Vidisha,India,23.52604,77.81092,431.5
Vettūr,India,8.7,76.73333,7.8
Vettaikkaranpudur,India,10.56207,76.91305,278.1
Vetapālem,India,15.78502,80.30663,9.4
Verāval,India,20.9077,70.36786,7.8
Vepagunta,India,17.77844,83.21577,51.3
Venkatagiri,India,13.96065,79.58024,66.9
Vemalwāda,India,18.46523,78.86894,333.8
Velur,India,11.10825,78.00113,132.9
Vellore,India,12.9184,79.13255,220.5
Vejalpur,India,22.69021,73.56299,112.4
Vedaraniyam,India,10.37208,79.85095,4.1
Vayalār,India,9.7,76.33333,2.6
Vattalkundu,India,10.16069,77.75883,234.3
Vāsudevanallūr,India,9.23921,77.41132,180.0
Vasind,India,19.40844,73.26285,38.1
Vāsco Da Gāma,India,15.39585,73.81568,6.0
Vasa,India,22.66079,72.75519,33.6
Varkala,India,8.7333,76.7167,42.7
Varangaon,India,21.01649,75.90991,217.2
Varanasi,India,25.31668,83.01041,86.2
Vaniyambadi,India,12.68162,78.62014,350.7
Vandavāsi,India,12.50429,79.60556,77.4
Valsād,India,20.61728,72.92843,16.8
Valparai,India,10.32691,76.95116,1048.4
Vallabh Vidyanagar,India,22.53333,72.9,36.3
Valabhīpur,India,21.88868,71.87935,20.8
Vaikam,India,9.74713,76.39522,6.9
Vaijāpur,India,19.92672,74.7275,529.9
Vadodara,India,22.29941,73.20812,47.0
Vadnagar,India,23.78593,72.63893,173.8
Vadlapūdi,India,14.3097,79.80295,27.6
Vādippatti,India,10.08481,77.96113,192.4
Vadamadurai,India,10.44026,78.09999,295.9
Vadakku Valliyūr,India,8.38095,77.6132,114.7
Vāda,India,19.65347,73.14811,61.8
Uttiramerūr,India,12.61433,79.75748,62.7
Uttarkāshi,India,30.72986,78.44342,1133.4
Uttamapālaiyam,India,9.80701,77.32718,385.1
Utraula,India,27.31933,82.41872,107.6
Usilampatti,India,9.96936,77.78621,214.2
Usehat,India,27.79796,79.23763,164.1
Uravakonda,India,14.9456,77.25928,476.0
Uran,India,18.87813,72.93924,13.8
Upleta,India,21.74015,70.28256,42.1
Uppal Kalan,India,17.40577,78.55911,504.7
Unnāo,India,26.54706,80.48781,131.5
Unjha,India,23.80366,72.39101,117.8
Unhel,India,23.33794,75.55931,484.9
Una,India,31.46493,76.26914,393.5
Una,India,20.82318,71.03795,27.8
Ūn,India,29.58479,77.2554,250.5
Un,India,23.88745,71.76975,50.5
Umreth,India,22.69881,73.11561,59.9
Umred,India,20.85396,79.32466,288.8
Umarkot,India,19.66529,82.20629,612.0
Umarkhed,India,19.60144,77.68878,422.0
Umaria,India,23.52473,80.83716,456.7
Umarga,India,17.83841,76.62331,578.1
Ullal,India,12.8108,74.8629,17.5
Ulhasnagar,India,19.21667,73.15,11.6
Ujjain,India,23.18239,75.77643,492.6
Ujhāni,India,28.00311,79.00821,173.5
Udumalaippettai,India,10.58806,77.24779,362.1
Udipi,India,13.33467,74.74617,36.9
Udhampur,India,32.92431,75.13573,759.3
Udgīr,India,18.39258,77.11756,641.5
Udankudi,India,8.43048,78.02882,8.9
Udalguri,India,26.75367,92.10215,114.3
Udaipura,India,23.07434,78.51108,325.2
Udaipur,India,27.72297,75.47178,444.7
Udaipur,India,24.57117,73.69183,580.3
Udaipur,India,23.53333,91.48333,24.2
Ooty,India,11.4134,76.69521,2237.0
Bara Uchāna,India,29.46747,76.17798,226.8
Turaiyūr,India,11.14985,78.59888,143.8
Tura,India,25.51421,90.20239,308.6
Tuni,India,17.35905,82.54607,20.7
Tūndla,India,27.2146,78.23683,168.7
Tumsar,India,21.38333,79.73333,277.4
Tumkūr,India,13.34136,77.1022,813.3
Tulsīpur,India,27.5337,82.41653,115.7
Tuljāpur,India,18.00804,76.07011,646.7
Tufānganj,India,26.31688,89.66549,39.4
Tuensang,India,26.26704,94.82415,1124.0
Thiruvananthapuram,India,8.4855,76.94924,10.3
Trichūr,India,10.51667,76.21667,8.7
Tonk,India,26.16638,75.78824,280.0
Tondi,India,9.74173,79.01774,7.5
Tohāna,India,29.71332,75.90441,227.7
Todaraisingh,India,26.02401,75.48182,346.8
Todabhim,India,26.91667,76.81667,253.1
Titlāgarh,India,20.28961,83.15233,216.9
Titāgarh,India,22.74252,88.37326,8.4
Tisaiyanvilai,India,8.33249,77.86586,18.6
Tiruvottiyūr,India,13.15823,80.30181,9.9
Cheyyar,India,12.66052,79.54308,99.5
Tiruvannāmalai,India,12.22662,79.07461,172.7
Tiruvallur,India,13.14376,79.90889,47.6
Tiruvalla,India,9.3816,76.57489,15.1
Thiruthani,India,13.17594,79.61637,85.4
Tiruttangal,India,9.48333,77.83333,88.8
Tirur,India,10.91368,75.92118,17.7
Tiruppuvanam,India,9.82556,78.25792,109.8
Tiruppur,India,11.11541,77.35456,304.2
Tirupparangunram,India,9.88085,78.07252,149.7
Tirupati,India,13.63551,79.41989,154.7
Tirunelveli,India,8.72518,77.68452,45.3
Tirumala,India,13.68333,79.35,858.8
Tirukkoyilur,India,11.9662,79.20259,107.9
Tiruchengode,India,11.38016,77.89444,248.2
Tiruchirappalli,India,10.8155,78.69651,82.2
Tiruchchendur,India,8.49725,78.11906,7.3
Tīrthahalli,India,13.68835,75.24548,620.7
Tiptūr,India,13.2563,76.47768,855.5
Tinsukia,India,27.48905,95.35992,125.2
Tinnanūr,India,13.11448,80.02713,35.8
Tindivanam,India,12.234,79.65551,42.5
Tilhar,India,27.96282,79.73827,158.7
Tīkamgarh,India,24.74327,78.83061,359.7
Tijāra,India,27.93411,76.85541,298.2
Thoubāl,India,24.63881,93.99639,778.4
Thiruvarur,India,10.77269,79.6368,14.5
Thāsra,India,22.79831,73.21174,68.5
Tharād,India,24.39597,71.62577,54.8
Thanjāvūr,India,10.78523,79.13909,58.0
Thānesar,India,29.97323,76.83214,258.9
Thāne,India,19.19704,72.96355,22.6
Thāna Bhawan,India,29.58605,77.41811,252.5
Thān,India,22.57422,71.19942,139.6
Thākurganj,India,26.42742,88.13112,79.1
Thakurdwara,India,29.19203,78.86145,230.3
Tezpur,India,26.63333,92.8,72.5
Terdāl,India,16.49379,75.04667,550.7
Teonthar,India,24.98207,81.64194,114.6
Thenkasi,India,8.96003,77.31525,172.1
Teni,India,10.01531,77.482,313.9
Tellicherry,India,11.74811,75.4929,6.3
Telhāra,India,21.02694,76.83889,283.6
Tekkali,India,18.6057,84.23546,37.3
Tekkalakote,India,15.53467,76.87561,392.1
Tekāri,India,24.94216,84.843,94.7
Tehri,India,30.39086,78.4803,810.9
Teghra,India,25.49043,85.94001,48.2
Tāsgaon,India,17.037,74.60171,583.0
Tarn Tāran,India,31.45191,74.92777,233.2
Tarikere,India,13.70954,75.81382,679.7
Tharangambadi,India,11.02764,79.85425,6.3
Tārānagar,India,28.6686,75.03207,227.6
Tarāna,India,23.33383,76.04253,502.1
Tāramangalam,India,11.7,77.98333,264.7
Tarakeswar,India,22.88605,88.01363,11.7
Tāoru,India,28.21173,76.94984,272.5
Tanuku,India,16.75438,81.68143,12.4
Tāndūr,India,17.24849,77.57698,452.5
Tānda,India,28.97621,78.94187,204.4
Tāndā,India,26.54953,82.65841,94.6
Tanakpur,India,29.06925,80.1126,261.1
Tamlūk,India,22.30083,87.92593,7.5
Talwāra,India,31.9376,75.88657,357.7
Talwandi Bhai,India,30.85584,74.92979,213.2
Taloda,India,21.56128,74.21238,126.9
Talipparamba,India,12.04161,75.35927,41.8
Tālīkota,India,16.47311,76.31085,509.6
Taleigao,India,15.46915,73.83285,1.2
Talegaon Dābhāde,India,18.73502,73.67561,635.8
Tālcher,India,20.94927,85.23354,77.0
Talāja,India,21.3527,72.03524,21.9
Tāki,India,22.58867,88.93253,8.0
Takhatpur,India,22.12915,81.86959,270.5
Takhatgarh,India,25.32235,73.00487,225.1
Tājpur,India,29.16242,78.48458,224.0
Tādpatri,India,14.90813,78.01108,238.3
Tādepallegūdem,India,16.81467,81.52717,15.1
Tādepalle,India,16.48333,80.6,56.0
Suriāpet,India,17.14054,79.62045,178.1
Suriānwān,India,25.46387,82.41922,91.5
Surendranagar,India,22.72706,71.64856,72.6
Sūratgarh,India,29.3215,73.89979,174.1
Sūrat,India,21.19594,72.83023,22.1
Sūrandai,India,8.97574,77.41923,136.1
Sūrajgarh,India,28.31005,75.73271,293.8
Supaul,India,26.11503,86.59527,53.5
Sunel,India,24.37065,75.95708,358.4
Sundarnagar,India,31.53523,76.905,881.5
Sundargarh,India,22.11667,84.03333,237.5
Sunām,India,30.12883,75.79943,246.7
Sulya,India,12.561,75.38741,115.3
Sūlūru,India,13.7,80.01667,10.6
Sulur,India,11.02427,77.12565,374.9
Sultanpur,India,31.21468,75.19602,221.3
Sultānpur,India,26.25788,82.07269,103.2
Suket,India,24.64609,76.0417,329.7
Sūjāngarh,India,27.7,74.46667,320.8
Suār,India,29.02841,79.05654,209.3
Srivilliputhur,India,9.51272,77.63369,151.7
Srīvardhan,India,18.04592,73.01552,11.8
Srivaikuntam,India,8.62931,77.91281,17.4
Srīsailam,India,16.07277,78.8692,431.3
Srīrāmnagar,India,17.26652,78.25544,568.8
Srīperumbūdūr,India,12.96763,79.94197,43.1
Srīnivāspur,India,13.33933,78.2119,826.5
Srinagar,India,34.08565,74.80555,1586.3
Srīnagar,India,30.22243,78.78341,569.5
Sri Mādhopur,India,27.46599,75.59736,502.2
Karanpur,India,29.84042,73.45519,169.6
Chicacole,India,18.2989,83.89751,17.1
Sri Dūngargarh,India,28.09617,74.00868,266.3
Soygaon,India,20.59611,75.61781,376.2
Soron,India,27.89055,78.74621,176.2
Soro,India,21.27851,86.68833,15.4
Sorada,India,19.76082,84.42997,94.2
Sopur,India,34.28671,74.47228,1581.5
Sonīpat,India,28.99478,77.01937,225.2
Songadh,India,21.16966,73.56357,120.4
Sonepur,India,20.83333,83.91667,102.8
Sonāri,India,27.02462,95.01629,103.6
Sonāmukhi,India,23.30521,87.41336,63.6
Sompeta,India,18.94419,84.58449,26.5
Someshwar,India,13.49112,75.06646,127.4
Solan,India,30.90908,77.10869,1552.2
Sojītra,India,22.53884,72.71984,29.5
Sojat,India,25.92493,73.66633,280.4
Sohna,India,28.24737,77.06544,212.6
Sohāgpur,India,22.70055,78.19522,328.2
Siwāna,India,25.65154,72.42243,189.9
Siwān,India,26.22096,84.35609,71.8
Sivakasi,India,9.44999,77.79797,107.0
Sivagiri,India,11.1194,77.78788,192.3
Sivagiri,India,9.34461,77.42911,174.4
Sivaganga,India,9.84701,78.48358,102.8
Siuri,India,23.90806,87.52773,76.8
Sitārganj,India,28.9293,79.70436,215.2
Sītāpur,India,27.56192,80.68265,139.3
Sītāmarhi,India,26.59357,85.4906,64.6
Siswā Bāzār,India,27.14652,83.75803,97.4
Sisauli,India,29.41386,77.4689,243.3
Sirūr,India,18.8276,74.37475,567.4
Sirumugai,India,11.32137,77.00521,285.6
Siruguppa,India,15.63138,76.89271,370.8
Sirsilla,India,18.38865,78.81048,327.5
Sirsi,India,28.63916,78.64303,200.4
Sirsi,India,14.62072,74.83554,597.0
Sirsāganj,India,27.05715,78.68661,164.0
Sirsa,India,29.53489,75.02898,206.8
Sironj,India,24.10313,77.69055,476.6
Sirohi,India,24.88838,72.84794,296.8
Sīrkāzhi,India,11.23725,79.73585,8.7
Sirhind,India,30.64321,76.38421,272.7
Sīra,India,13.74155,76.9043,652.3
Sinnar,India,19.84505,73.99866,670.6
Singur,India,22.80917,88.22944,11.9
Singarāyakonda,India,15.23046,80.02794,13.8
Singānallūr,India,10.99816,77.03375,389.8
Sindhnūr,India,15.76983,76.75581,390.3
Sindgi,India,16.91883,76.23368,503.4
Shimla,India,31.10442,77.16662,2069.4
Simdega,India,22.61523,84.50208,438.8
Silvassa,India,20.27386,72.99673,37.6
Sillod,India,20.30303,75.65284,617.9
Silchar,India,24.82733,92.79787,20.2
Silao,India,25.08317,85.42782,69.4
Sīkar,India,27.61206,75.13996,435.4
Sikandra Rao,India,27.68859,78.37985,182.4
Sikandarpur,India,26.04327,84.05298,68.5
Sikandarābād,India,28.45226,77.70004,211.3
Sikka,India,22.43218,69.84158,12.8
Sijua,India,23.77617,86.33028,196.5
Sihorā,India,23.4871,80.10404,388.8
Sihor,India,21.71134,71.96179,68.2
Sidlaghatta,India,13.39141,77.86488,899.7
Sidhi,India,24.4038,81.87954,283.3
Sidhaulī,India,27.28202,80.8345,134.2
Siddipet,India,18.10483,78.84858,492.4
Siddhapur,India,23.91783,72.37212,139.0
Sibsāgar,India,26.98427,94.63784,95.3
Shyamnagar,India,22.83333,88.36667,8.3
Shujālpur,India,23.40673,76.7098,452.9
Shrīrangapattana,India,12.42264,76.68439,686.1
Shrīrāmpur,India,22.75278,88.34222,10.0
Shrīgonda,India,18.61527,74.69895,556.7
Shorāpur,India,16.521,76.75738,476.9
Shoranūr,India,10.76097,76.27001,34.7
Sholinghur,India,13.1181,79.42025,155.0
Solāpur,India,17.67152,75.91044,473.1
Shivpuri,India,25.42378,77.66223,463.9
Shīshgarh,India,28.72928,79.31469,185.1
Shirpur,India,21.34821,74.88035,160.5
Shirhatti,India,15.23352,75.57996,677.2
Shirdi,India,19.76616,74.47738,517.3
Shimoga,India,13.93157,75.56791,586.4
Shillong,India,25.56892,91.88313,1507.3
Shiliguri,India,26.71004,88.42851,123.9
Shikohābād,India,27.108,78.58661,167.2
Shikārpūr,India,28.28072,78.01411,197.4
Shikārpur,India,14.2698,75.35643,611.8
Shiggaon,India,14.99053,75.22499,615.9
Shertallai,India,9.68428,76.35337,5.3
Sherkot,India,29.32704,78.57429,234.3
Sherghāti,India,24.55971,84.79344,146.4
Sheopur,India,25.66472,76.69616,234.9
Sheohar,India,26.51393,85.29341,65.7
Sheoganj,India,25.13915,73.06784,275.1
Shegaon,India,20.7932,76.69921,275.8
Shāntipur,India,23.24723,88.43302,13.4
Shamsābād,India,27.5371,79.43796,155.5
Shamsābād,India,27.01718,78.12358,171.6
Shāmli,India,29.4497,77.30959,248.8
Shāmgarh,India,24.18817,75.63903,469.4
Shājāpur,India,23.42637,76.27775,447.5
Sheikhpura,India,25.13994,85.84096,53.5
Shāhpura,India,27.3912,75.95956,435.7
Shāhpura,India,25.62094,74.92487,370.9
Shāhpur,India,29.3501,77.5516,244.0
Shāhpur,India,25.60293,84.40412,64.6
Shāhpur,India,21.23742,76.22558,249.0
Shāhpur,India,16.69605,76.8422,414.6
Shāhjānpur,India,27.88165,79.90918,157.6
Shāhi,India,28.55023,79.31761,176.1
Shāhganj,India,26.04965,82.68423,87.8
Shahdol,India,23.29356,81.3619,467.6
Shāhāda,India,21.54538,74.47106,139.6
Shāhābād,India,30.16776,76.87046,268.5
Shāhābād,India,28.56681,79.00956,186.4
Shāhābād,India,27.6431,79.9402,147.5
Shāhābād,India,17.1307,76.94361,390.7
Serchhīp,India,23.29312,92.84679,1221.6
Seram,India,17.17859,77.28998,422.1
Seoni Mālwa,India,22.45046,77.4665,316.6
Seoni,India,22.08503,79.55037,628.5
Seondha,India,26.15422,78.7812,165.4
Seohāra,India,29.20904,78.58837,230.8
Sendhwa,India,21.68586,75.0975,407.1
Sehore,India,23.2,77.08333,498.4
Secunderabad,India,17.50427,78.54263,564.2
Sāyla,India,22.54925,71.48324,134.3
Sawāi Mādhopur,India,26.02301,76.34408,259.6
Sāvda,India,21.15035,75.88898,223.7
Savanūr,India,14.97335,75.33724,587.8
Sāvantvādi,India,15.90413,73.82191,103.0
Sausar,India,21.65576,78.79669,358.4
Saundatti,India,15.76615,75.11778,653.7
Sathyamangalam,India,11.50526,77.23826,240.0
Sattur,India,9.35592,77.92457,61.7
Sattenapalle,India,16.39381,80.15221,75.3
Satna,India,24.57726,80.82719,318.5
Sātāra,India,17.68589,73.99333,707.3
Satānā,India,20.59483,74.20301,558.9
Sāsvad,India,18.34351,74.03102,769.0
Sarwār,India,26.06272,75.01104,365.7
Sarkhej,India,22.98297,72.50196,49.7
Sardulgarh,India,29.69224,75.23608,209.6
Sardhana,India,29.14551,77.61433,237.0
Sardārshahr,India,28.44062,74.491,250.5
Sarauli,India,28.49404,79.09177,181.2
Sārangpur,India,23.56651,76.47306,431.5
Saraipali,India,21.3153,83.00629,270.7
Sarāi Mīr,India,26.02705,82.91843,91.6
Sarāi Ākil,India,25.3789,81.51035,103.5
Saoner,India,21.3851,78.92155,328.1
Sānkrāil,India,22.54997,88.22515,6.9
Sankeshwar,India,16.25649,74.48195,641.1
Sangrūr,India,30.24506,75.84488,237.8
Sāngola,India,17.43948,75.19379,499.7
Sangod,India,24.92707,76.28649,263.6
Sāngli,India,16.85438,74.56417,549.4
Sangariā,India,29.79886,74.46683,190.0
Sangāreddi,India,17.62477,78.08669,512.7
Sangamner,India,19.56784,74.21154,556.8
Sandūr,India,15.08613,76.54692,567.2
Sandīla,India,27.06989,80.51497,136.6
Sāndi,India,27.28867,79.9519,138.8
Sancoale,India,15.37794,73.90352,30.0
Sānchor,India,24.75361,71.7728,61.0
Sanāwad,India,22.17391,76.06993,197.3
Sanaur,India,30.30182,76.45786,261.3
Sānand,India,22.99227,72.38177,45.8
Samthar,India,25.84348,78.90683,177.4
Samrāla,India,30.83601,76.19324,271.7
Samdari,India,25.81299,72.57879,146.0
Sāmbhar,India,26.90806,75.19137,380.6
Sambhal,India,28.58498,78.56959,203.6
Sambalpur,India,21.46527,83.97573,151.4
Sāmba,India,32.56245,75.11993,393.0
Samāstipur,India,25.86222,85.77953,49.0
Sāmalkot,India,17.05675,82.17639,18.9
Samālkha,India,29.23552,77.01273,227.9
Sālūr,India,18.51716,83.20548,156.8
Sālūmbar,India,24.13524,74.04442,241.7
Salem,India,11.65117,78.15867,275.5
Salāya,India,22.31038,69.60376,7.8
Saktī,India,22.02662,82.96091,240.5
Sakleshpur,India,12.94119,75.78467,933.6
Saint Thomas Mount,India,13.00334,80.19614,22.0
Sainthia,India,23.94826,87.68045,57.7
Selu,India,19.45512,76.44073,424.6
Saiha,India,22.49183,92.98143,1038.0
Saidpur,India,25.53749,83.22378,78.7
Sāhibganj,India,25.24237,87.64908,37.4
Sahāwar,India,27.79603,78.83373,178.7
Sahaswān,India,28.07227,78.75082,173.2
Sahaspur,India,29.12125,78.62273,222.5
Saharsa,India,25.87498,86.59611,45.8
Sahāranpur,India,29.9679,77.54522,277.0
Sagauli,India,26.7639,84.74341,72.2
Saugor,India,23.83877,78.73874,522.2
Sāgar,India,14.16498,75.02901,588.9
Safīpur,India,26.73783,80.3435,134.0
Safidon,India,29.40596,76.67042,236.2
Sādri,India,25.18555,73.45288,360.7
Sadāseopet,India,17.61925,77.95263,549.0
Sadalgi,India,16.5587,74.53211,547.1
Sadābād,India,27.43818,78.03758,172.1
Sabalgarh,India,26.24918,77.40786,209.6
Rusera,India,25.75355,86.02597,49.0
Rura,India,26.49001,79.90108,139.2
Ropar,India,30.96896,76.52695,283.8
Rūdarpur,India,26.44467,83.61302,75.6
Roorkee,India,29.86632,77.89118,268.2
Ron,India,15.69935,75.73408,580.4
Rohtak,India,28.89447,76.58917,221.5
Roha,India,18.43687,73.11964,10.1
Robertsonpet,India,12.95629,78.27543,848.7
Robertsganj,India,24.6886,83.06784,320.1
Risod,India,19.97671,76.78799,539.4
Rishra,India,22.72394,88.34563,7.4
Rishīkesh,India,30.10778,78.29255,361.2
Rīngas,India,27.3636,75.56838,476.1
Richha,India,28.69467,79.52284,190.1
Rewāri,India,28.199,76.6183,258.3
Rewa,India,24.53256,81.29234,308.0
Revelganj,India,25.78976,84.63596,57.1
Repalle,India,16.0184,80.82958,6.0
Reoti,India,25.85091,84.3778,63.6
Renukūt,India,24.21641,83.0358,295.1
Renigunta,India,13.63682,79.5039,115.9
Remuna,India,21.52798,86.87156,18.9
Rehli,India,23.63722,79.06275,406.7
Rāzām,India,18.44909,83.65957,70.2
Rāybāg,India,16.49178,74.77391,583.3
Rāyadrug,India,14.69971,76.85241,552.0
Rāyachoti,India,14.0568,78.75127,363.1
Rāya,India,27.55607,77.78972,187.3
Raxaul,India,26.97982,84.85065,81.6
Rāwatsār,India,29.26724,74.40288,182.0
Rāwatbhāta,India,24.92981,75.59209,364.8
Rāver,India,21.24757,76.03509,254.7
Ratnagiri,India,16.99154,73.31022,67.2
Ratlām,India,23.33033,75.04032,490.3
Ratia,India,29.69029,75.57688,222.7
Rāth,India,25.59474,79.5666,168.8
Ratanpur,India,22.2866,82.16823,300.4
Ratangarh,India,28.08137,74.61854,309.8
Rasrā,India,25.8576,83.85487,69.5
Rasipuram,India,11.46009,78.18635,234.5
Rāpar,India,23.57267,70.64718,66.7
Rānīpur,India,25.25034,79.06204,221.3
Rānikhet,India,29.64082,79.43229,1793.3
Rānīganj,India,23.6164,87.13061,100.5
Rānībennur,India,14.62239,75.62951,576.9
Rānia,India,29.52454,74.83689,204.8
Rangia,India,26.44931,91.61356,57.2
Rangāpāra,India,26.83772,92.66876,86.2
Ranchi,India,23.34777,85.33856,628.4
Rānāvāv,India,21.68734,69.74485,27.6
Rānāghāt,India,23.17623,88.56667,14.6
Rāmtek,India,21.39562,79.32725,335.3
Rampur Hat,India,24.17737,87.78275,37.4
Rāmpura,India,30.256,75.24116,222.0
Rāmpura,India,24.467,75.43996,410.8
Rāmpur,India,29.8062,77.45251,270.8
Rāmpur,India,28.81014,79.02699,194.8
Rāmnagar,India,29.3925,79.1283,362.4
Rāmnagar,India,27.16371,84.32342,97.5
Rāmnagar,India,25.26907,83.02971,83.5
Rāmjībanpur,India,22.82815,87.60888,26.6
Rāmgundam,India,18.80084,79.45206,144.3
Rāmgarh,India,27.25097,75.17893,408.1
Rāmgarh,India,23.63018,85.51926,336.0
Rāmganj Mandi,India,24.64648,75.94325,362.1
Rameswaram,India,9.2885,79.31271,9.0
Rāmāpuram,India,13.10089,79.18417,278.6
Ramanathapuram,India,9.37158,78.83077,10.7
Rāmanagaram,India,12.72031,77.28176,693.6
Rāmachandrapuram,India,16.83636,82.02871,9.4
Rājūra,India,19.77947,79.36459,191.8
Rājula,India,21.03854,71.44345,47.2
Rājsamand,India,25.07145,73.8798,549.2
Rājpura,India,30.47856,76.59284,271.9
Rajpur,India,22.30393,74.35568,291.3
Rājpur,India,21.93954,75.13612,225.5
Rājpīpla,India,21.86667,73.5,43.5
Rāj-Nāndgaon,India,21.09687,81.0289,304.7
Rājmahal,India,25.05303,87.83048,31.1
Rājkot,India,22.29161,70.79322,138.9
Rājgurunagar,India,18.86667,73.9,625.7
Rājgīr,India,25.0277,85.42133,82.4
Rājgarh,India,28.64201,75.38612,239.6
Rājgarh,India,27.23731,76.62243,310.4
Rājgarh,India,24.00826,76.7325,356.3
Rājgarh,India,22.67821,74.94483,518.7
Rajaori,India,33.37526,74.3092,915.5
Rajapalaiyam,India,9.45296,77.55335,165.5
Rājampet,India,14.19508,79.15914,137.2
Rājaldesar,India,28.02849,74.47442,308.6
Rājākhera,India,26.89802,78.171,169.4
Rājahmundry,India,17.00517,81.77784,33.5
Rāisinghnagar,India,29.53583,73.44917,169.6
Raisen,India,23.33033,77.7811,446.8
Rāipur,India,30.31097,78.08979,669.6
Raipur,India,26.04259,74.02373,337.1
Raipur,India,21.23333,81.63333,293.5
Rāikot,India,30.65,75.6,241.3
Raigarh,India,21.89764,83.3966,221.2
Rāiganj,India,25.61281,88.12449,37.2
Rāichūr,India,16.20546,77.35567,398.8
Rāhuri,India,19.39069,74.64979,509.8
Rahimatpur,India,17.5921,74.19966,647.0
Rāhatgarh,India,23.78968,78.39473,477.9
Raghunathpur,India,23.53878,86.6735,172.6
Rāghogarh,India,24.44318,77.19768,446.9
Rafiganj,India,24.81757,84.63445,104.4
Raebareli,India,26.2309,81.23315,117.6
Rādhanpur,India,23.83238,71.6047,35.2
Rabkavi,India,16.47567,75.1106,545.9
Kollam,India,8.88113,76.58469,7.9
Kasba,India,25.85643,87.53836,44.8
Qādiān,India,31.82198,75.37663,256.3
Puttūr,India,13.44189,79.55314,151.7
Puttūr,India,12.75975,75.20169,91.3
Pushkar,India,26.49022,74.55211,493.8
Pusad,India,19.91274,77.57838,332.0
Purwā,India,26.45756,80.77403,125.4
Puruliya,India,23.33062,86.36303,255.5
Purnia,India,25.77895,87.47422,39.6
Pūrna,India,19.1817,77.02566,379.8
Puri,India,19.79825,85.82494,10.7
Pūranpur,India,28.51283,80.14829,184.4
Pupri,India,26.47079,85.70311,59.7
Punjai Puliyampatti,India,11.35163,77.16671,307.6
Punganūru,India,13.36488,78.57141,727.6
Pune,India,18.51957,73.85535,554.5
Pūndri,India,29.76096,76.56034,244.4
Punāsa,India,22.23507,76.39335,276.0
Punalūr,India,9.02165,76.93265,43.9
Pūnāhāna,India,27.86371,77.20432,191.9
Pulwama,India,33.87405,74.89955,1647.3
Puliyangudi,India,9.17489,77.39799,202.2
Pulivendla,India,14.42166,78.22573,272.3
Pulgaon,India,20.72204,78.32056,275.8
Pukhrāyān,India,26.22375,79.83739,132.5
Pudukkottai,India,10.38128,78.82141,102.5
Proddatūr,India,14.7502,78.54813,159.7
Pratāpgarh,India,24.03215,74.78162,494.3
Port Blair,India,11.66667,92.75,3.4
Porsa,India,26.67444,78.37081,167.1
Porbandar,India,21.64219,69.60929,7.5
Poonamalle,India,13.04888,80.11488,22.3
Ponnūru,India,16.06547,80.55203,10.6
Ponneri,India,13.33868,80.19487,11.5
Ponnāni,India,10.76695,75.92523,5.6
Puducherry,India,11.93381,79.82979,10.1
Ponda,India,15.40341,74.01519,35.9
Polūr,India,12.51217,79.12405,173.8
Pollachi,India,10.65825,77.0085,292.1
Polavaram,India,17.24754,81.64372,28.5
Polasara,India,19.69386,84.81401,77.2
Pokaran,India,26.92007,71.91631,237.0
Pithorāgarh,India,29.58349,80.20947,1584.9
Pithāpuram,India,17.1168,82.25284,19.8
Piro,India,25.33218,84.40454,82.5
Piriyāpatna,India,12.33497,76.10073,854.2
Piravam,India,9.86667,76.5,3.8
Pīpri,India,19.79371,75.53519,535.7
Pipraich,India,26.82745,83.52632,86.7
Pipili,India,20.11357,85.83147,12.8
Pīpār,India,26.38441,73.54394,260.9
Pinjaur,India,30.79873,76.91822,555.0
Pindwāra,India,24.79749,73.05505,378.9
Pināhat,India,26.88487,78.37647,156.9
Pimpri,India,18.62292,73.80696,569.5
Pilkhua,India,28.71271,77.656,220.2
Pīlibhīt,India,28.63124,79.80436,189.6
Pilibangan,India,29.44964,74.10093,180.0
Pilāni,India,28.36725,75.60352,294.6
Pihāni,India,27.62332,80.19986,145.6
Phulpur,India,25.54895,82.0895,101.2
Phulera,India,26.87401,75.24171,387.5
Phulabāni,India,20.47916,84.23162,482.7
Phirangipuram,India,16.29078,80.26233,65.8
Phillaur,India,31.01887,75.79111,248.6
Phek,India,25.66667,94.5,1683.4
Phaphūnd,India,26.59941,79.46392,145.5
Phaltan,India,17.99113,74.43177,560.3
Phalodi,India,27.13102,72.36826,231.3
Phalauda,India,29.18824,77.82996,237.0
Phagwāra,India,31.22452,75.77387,248.2
Petlād,India,22.47681,72.79995,35.7
Perundurai,India,11.27564,77.58794,281.1
Perumpāvūr,India,10.11136,76.47478,14.9
Periyanayakkanpalaiyam,India,11.15255,76.95159,426.3
Periyakulam,India,10.12127,77.54392,283.9
Peravurani,India,10.29035,79.20156,27.3
Peranāmpattu,India,12.9343,78.7189,365.6
Perambalur,India,11.23333,78.88333,121.2
Penukonda,India,14.08286,77.59473,568.1
Penugonda,India,16.65363,81.7455,12.4
Pennāgaram,India,12.1345,77.89514,508.2
Pennādam,India,11.40316,79.24103,48.9
Pen,India,18.73734,73.09603,23.1
Pehowa,India,29.97897,76.58249,257.6
Peddāpuram,India,17.07701,82.13836,35.9
Peddapalli,India,18.61357,79.37442,233.6
Pedana,India,16.25582,81.14378,7.4
Payyannūr,India,12.0935,75.20249,7.2
Pawāyan,India,28.06626,80.10305,165.4
Pāvugada,India,14.09953,77.28018,639.9
Pauri,India,30.15286,78.7771,1543.8
Pawni,India,20.79229,79.63644,244.1
Pātūr,India,20.46093,76.93725,347.5
Pattukkottai,India,10.42358,79.31949,28.2
Patti,India,31.28092,74.85849,221.7
Patnāgarh,India,20.70833,83.13263,247.8
Patna,India,25.60222,85.11936,54.9
Patiāla,India,30.33625,76.3922,255.0
Pāthri,India,19.2588,76.43412,433.0
Patharia,India,23.89921,79.19393,377.0
Pāthardih,India,23.6658,86.43166,159.8
Pāthardi,India,19.17279,75.17425,549.3
Pathānkot,India,32.27484,75.65287,339.9
Pathanāmthitta,India,9.26667,76.78333,30.2
Pathalgaon,India,22.55656,83.46355,571.2
Pataudi,India,28.32547,76.77858,237.2
Patancheru,India,17.53334,78.2645,535.7
Pātan,India,23.8507,72.12963,82.2
Patāmundai,India,20.57806,86.56063,8.2
Pāsighāt,India,28.06631,95.32678,179.2
Pasān,India,22.84412,82.19823,534.6
Parvatsar,India,26.88604,74.76602,434.6
Pārvatipuram,India,18.78392,83.42569,126.8
Partūr,India,19.59925,76.21541,450.8
Parola,India,20.88098,75.11937,257.3
Parli Vaijnāth,India,18.85057,76.53163,461.2
Parlākimidi,India,18.78113,84.08836,67.2
Pariyāpuram,India,11.01667,75.86667,6.2
Parīchhatgarh,India,28.97841,77.93422,227.4
Pārdi,India,20.5087,72.94569,26.4
Parbhani,India,19.26855,76.77081,420.8
Paravūr,India,8.78333,76.7,2.0
Parāsia,India,22.1913,78.75904,779.5
Paramagudi,India,9.54633,78.5907,48.7
Parādīp Garh,India,20.31641,86.6085,5.8
Pāppinisshēri,India,11.95655,75.34034,5.3
Papanasam,India,10.92687,79.27056,33.6
Pāonta Sāhib,India,30.43666,77.62462,401.8
Panvel,India,18.98878,73.11013,14.4
Panruti,India,11.77662,79.55269,26.4
Panna,India,24.72094,80.18772,398.8
Panmana,India,9.01667,76.51667,0.0
Pānīpat,India,29.38747,76.96825,236.1
Pānihāti,India,22.69089,88.37404,9.4
Pandua,India,23.07492,88.28637,15.3
Pāndhurnā,India,21.59556,78.52628,473.4
Pandharpur,India,17.67924,75.33098,454.4
French Rocks,India,12.50094,76.67416,734.8
Panaji,India,15.49574,73.82624,12.8
Panāgar,India,23.28539,79.99509,392.0
Palwal,India,28.14469,77.32546,203.4
Pāloncha,India,17.60184,80.70509,102.5
Palani,India,10.45034,77.5209,323.0
Palmaner,India,13.20073,78.74681,673.4
Pallippatti,India,11.93956,78.40152,410.6
Pallikondai,India,12.90816,78.94195,253.0
Pallāvaram,India,12.96796,80.15025,25.9
Pallappatti,India,10.72057,77.87951,190.3
Palladam,India,10.99175,77.28633,369.1
Pālkonda,India,18.60374,83.75568,52.9
Pālitāna,India,21.52519,71.82309,65.8
Paliā Kalān,India,28.43205,80.58137,160.4
Pāli,India,25.77276,73.32335,222.3
Pāli,India,23.36453,81.04374,467.1
Palakkad,India,10.7744,76.65625,99.2
Pālghar,India,19.69693,72.76543,18.2
Palera,India,25.02013,79.22818,237.7
Palāsa,India,18.77257,84.41012,36.0
Pālanpur,India,24.17128,72.43827,229.7
Pālakollu,India,16.5167,81.73,10.7
Pālakkodu,India,12.30696,78.07022,507.6
Pākaur,India,24.63846,87.83893,49.2
Pākāla,India,13.44917,79.11749,368.0
Paithan,India,19.47506,75.38558,446.4
Pahāsu,India,28.1722,78.06376,197.4
Padrauna,India,26.90403,83.98087,91.8
Padra,India,22.2398,73.08451,32.3
Padmanābhapuram,India,8.24462,77.32581,25.2
Padampur,India,29.70885,73.62539,170.4
Padampur,India,20.99932,83.06325,199.1
Padam,India,33.46659,76.88488,3562.5
Pachperwa,India,27.51234,82.64297,107.5
Pāchora,India,20.66727,75.35305,263.2
Ottappālam,India,10.77094,76.37844,39.4
Osmanabad,India,18.18158,76.03889,662.1
Orai,India,25.99023,79.45334,143.6
Ongole,India,15.50357,80.04454,24.9
Okha,India,22.46756,69.07002,5.1
Ozar,India,20.09473,73.92816,590.8
Obra,India,24.41863,82.98797,208.7
Nūzvīd,India,16.78854,80.84593,108.7
Nūrpur,India,29.14956,78.4084,228.2
Nowrangapur,India,19.23114,82.54826,575.8
North Lakhimpur,India,27.23517,94.10357,97.3
North Guwāhāti,India,26.19749,91.7202,55.6
Nongstoin,India,25.51704,91.26484,1317.5
Nokha,India,27.56155,73.47141,319.6
Nohar,India,29.18292,74.77064,192.1
Noāmundi,India,22.16094,85.50416,473.0
Nizāmābād,India,18.67154,78.0988,388.0
Nirmāli,India,26.31397,86.58537,54.6
Nirmal,India,19.09685,78.34407,336.2
Nipāni,India,16.399,74.38285,604.6
Neem ka Thana,India,27.73976,75.78652,458.5
Nīmbāhera,India,24.62166,74.67999,447.7
Nimāparha,India,20.05756,86.00436,11.7
Nīmāj,India,26.14995,74.00094,320.8
Nīlokheri,India,29.83671,76.93191,253.6
Nīlēshwar,India,12.25953,75.1352,15.0
Nilanga,India,18.11675,76.75279,605.6
Nilakottai,India,10.165,77.85024,227.3
Nīlgiri,India,21.46235,86.76794,44.9
Nihtaur,India,29.32416,78.38724,239.1
Nidadavole,India,16.90572,81.67222,18.8
Nichlaul,India,27.31247,83.7253,103.5
Neyyāttinkara,India,8.39854,77.08586,17.3
New Delhi,India,28.63576,77.22445,219.1
Neral,India,19.02475,73.31688,47.6
Nepānagar,India,21.4538,76.39335,288.0
Nellore,India,14.45363,79.98674,21.9
Nellikkuppam,India,11.77577,79.66789,18.3
Nelamangala,India,13.09978,77.39364,895.5
Nedumangād,India,8.60267,77.00139,52.0
Nāyudupeta,India,13.90777,79.89649,34.8
Nayāgarh,India,20.12856,85.09563,139.6
Nawāshahr,India,31.1245,76.11613,262.4
Nawalgarh,India,27.85161,75.27384,391.9
Niwai,India,26.36073,75.91836,373.5
Nawāda,India,24.8867,85.54364,94.3
Nawābganj,India,28.54103,79.63462,182.7
Nawābganj,India,26.93129,81.19841,125.8
Nawābganj,India,26.86396,82.14103,100.3
Nāwa,India,27.0195,75.00226,382.3
Navalgund,India,15.55877,75.35305,582.9
Navadwīp,India,23.4067,88.36861,14.2
Nautanwa,India,27.42752,83.41789,103.4
Naugachhia,India,25.38706,87.09856,37.9
Nattam,India,10.22776,78.22969,254.4
Nāthdwāra,India,24.93805,73.82392,574.1
Nasrullāhganj,India,22.6837,77.27069,302.4
Nāsriganj,India,25.0514,84.32839,100.7
Nāspur,India,18.84577,79.46165,141.4
Nasīrābād,India,26.30473,74.73364,434.9
Nashik,India,19.99727,73.79096,584.7
Narwar,India,25.6439,77.9129,282.6
Narwāna,India,29.59903,76.11927,228.7
Narsīpatnam,India,17.66709,82.61245,79.7
Narsinghgarh,India,23.70758,77.09319,460.6
Narsimhapur,India,22.94936,79.18357,353.0
Nārnaund,India,29.22047,76.14278,227.5
Nārnaul,India,28.04444,76.10833,309.4
Nargund,India,15.72299,75.38666,601.1
Naregal,India,15.57316,75.80805,640.0
Nārāyanpet,India,16.74799,77.4954,441.9
Narāyangarh,India,30.47798,77.12804,330.0
Nāravārikuppam,India,13.19133,80.18473,18.5
Naraura,India,28.20147,78.38723,179.3
Narauli,India,28.48547,78.71484,193.9
Narasaraopet,India,16.23488,80.04927,73.1
Narasapur,India,16.43425,81.69845,5.7
Narasannapeta,India,18.41428,84.04463,28.5
Naraini,India,25.19033,80.475,142.7
Naraina,India,26.79069,75.20608,382.0
Napāsar,India,27.96059,73.55913,251.1
Nānpāra,India,27.86459,81.50036,137.4
Nanjangūd,India,12.11764,76.68397,661.5
Nāngloi Jāt,India,28.67957,77.06799,220.7
Nāngal Township,India,31.38966,76.37574,363.5
Nandyāl,India,15.48879,78.48648,213.6
Nandurbar,India,21.36671,74.24051,214.6
Nāndūra Buzurg,India,20.83417,76.45924,269.2
Nandikotkūr,India,15.85668,78.26569,302.2
Nandigāma,India,16.7717,80.28596,50.8
Nāndgaon,India,20.3068,74.65501,480.6
Nanded,India,19.16023,77.31497,363.1
Nanauta,India,29.71215,77.41728,266.2
Nāmrup,India,27.19395,95.31929,120.2
Nambiyūr,India,11.35833,77.32099,281.7
Nāmakkal,India,11.22126,78.16524,220.4
Nāmagiripettai,India,11.455,78.269,261.5
Nalhāti,India,24.3,87.81667,36.7
Nalgonda,India,17.05439,79.26707,234.3
Naldurg,India,17.81667,76.28182,565.5
Nakūr,India,29.91964,77.30438,272.2
Naksalbāri,India,26.6827,88.22001,158.7
Nakodar,India,31.12586,75.47508,236.0
Najībābād,India,29.61194,78.34274,273.4
Nainwa,India,25.77145,75.84978,301.9
Nainpur,India,22.42996,80.10561,446.1
Naini Tāl,India,29.39743,79.44686,2052.9
Naihāti,India,22.89396,88.41521,12.2
Nahorkatiya,India,27.28912,95.3418,118.5
Nāhan,India,30.56029,77.29426,920.4
Nagpur,India,21.14631,79.08491,314.5
Nāgod,India,24.56924,80.58809,331.0
Nagīna,India,29.44433,78.43646,250.5
Nāgercoil,India,8.17731,77.43437,26.4
Nagda,India,23.45834,75.41759,472.1
Nāgaur,India,27.20201,73.73394,306.7
Nāgar Karnūl,India,16.4821,78.32471,449.8
Nagari,India,13.32139,79.58557,118.0
Nagar,India,27.42397,77.09922,205.2
Nāgappattinam,India,10.76393,79.84454,10.3
Nāgamangala,India,12.81939,76.75456,787.6
Naduvannūr,India,11.48772,75.77511,14.5
Nadiād,India,22.69385,72.86157,41.8
Nādbai,India,27.22288,77.19569,200.0
Nādāpuram,India,11.68465,75.65493,21.0
Nabīnagar,India,24.60681,84.12624,141.1
Nābha,India,30.37577,76.15292,253.7
Mysore,India,12.29791,76.63925,753.8
Muzaffarpur,India,26.12259,85.39055,58.6
Muzaffarnagar,India,29.47091,77.70332,249.2
Mūvattupula,India,9.98493,76.57728,28.7
Muttupet,India,10.39531,79.49425,7.0
Mussoorie,India,30.45498,78.07068,1778.5
Musiri,India,10.95299,78.44427,96.9
Mushābani,India,22.51135,86.45713,117.4
Murwāra,India,23.83776,80.39405,383.2
Murtajāpur,India,20.73299,77.36694,303.5
Murshidābād,India,24.1839,88.27171,22.5
Murlīganj,India,25.8969,86.99577,47.8
Morinda,India,30.79014,76.49883,285.7
Murbād,India,19.25395,73.38993,78.6
Murādnagar,India,28.78069,77.49865,220.7
Munnar,India,10.08873,77.06269,1472.6
Monghyr,India,25.37459,86.47455,46.6
Mungeli,India,22.06566,81.68543,289.2
Mungaoli,India,24.40837,78.09588,412.4
Mūndwa,India,27.0631,73.82304,348.4
Mundra,India,22.83918,69.7219,16.1
Mundgod,India,14.97144,75.03658,577.9
Mundargi,India,15.20677,75.8839,529.8
Multai,India,21.77463,78.25756,761.3
Mūlki,India,13.09101,74.79353,21.1
Mulgund,India,15.2807,75.52132,685.1
Mulbāgal,India,13.16372,78.39207,847.8
Muluppilagadu,India,11.79788,75.45111,7.8
Mūl,India,20.06987,79.67826,194.1
Muktsar,India,30.47426,74.5166,201.9
Mukher,India,18.70636,77.36795,406.1
Mukeriān,India,31.95394,75.61716,264.5
Muhammadābād,India,27.30895,79.43252,154.9
Muhammadābād,India,26.03404,83.38114,71.8
Muhammadābād,India,25.61907,83.75576,69.6
Mughal Sarāi,India,25.28307,83.11968,84.8
Mudkhed,India,19.15657,77.50304,371.1
Mudhol,India,16.33354,75.28305,543.6
Mudgal,India,16.01191,76.44203,549.3
Muddebihāl,India,16.33782,76.13173,583.2
Mūdbidri,India,13.06653,74.99525,125.8
Mubārakpur,India,26.08866,83.29088,78.8
Mothīhāri,India,26.64862,84.91656,68.5
Morwa,India,22.90469,73.83912,156.0
Morsi,India,21.3403,78.01258,353.7
Morena,India,26.49892,77.99534,177.1
Morbi,India,22.81731,70.8377,49.1
Morār,India,26.2264,78.22482,207.0
Moram,India,17.78812,76.47077,584.3
Morādābād,India,28.83893,78.77684,203.2
Mon,India,26.73583,95.05841,1040.5
Mokokchūng,India,26.3248,94.51834,1260.2
Mokameh,India,25.39662,85.9219,49.8
Moirāng,India,24.4975,93.77791,770.7
Moga,India,30.81383,75.16878,227.3
Modāsa,India,23.46253,73.29857,144.8
Misrikh,India,27.43137,80.53157,141.0
Mirzāpur,India,25.1449,82.56534,89.4
Miriālgūda,India,16.8722,79.56247,132.4
Mīrganj,India,28.54012,79.20817,175.4
Mīrānpur Katra,India,28.02963,79.66778,161.6
Mīrānpur,India,29.29026,77.94939,242.2
Mīnjūr,India,13.27951,80.25815,9.2
Milak,India,28.61031,79.16997,183.3
Mihona,India,26.28373,78.98048,151.6
Mhāsvād,India,17.63359,74.78773,609.1
Mettur,India,11.78796,77.8008,202.4
Mettupalayam,India,11.29971,76.93485,326.1
Merta,India,26.64859,74.03414,326.2
Mendarda,India,21.32112,70.44078,88.8
Memāri,India,23.17647,88.09749,23.7
Melur,India,10.03241,78.3393,152.3
Mehndāwal,India,26.97579,83.10995,87.4
Mehekar,India,20.1505,76.56841,558.5
Meerut,India,28.98002,77.70636,228.3
Medinīpur,India,22.42114,87.32257,41.6
Medak,India,18.04531,78.26078,470.0
Mayiladuthurai,India,11.10354,79.655,13.7
Mayāng Imphāl,India,24.60998,93.88873,771.5
Mawāna,India,29.10288,77.92199,234.7
Mavoor,India,11.26667,75.91667,20.1
Māvelikara,India,9.25929,76.55642,5.4
Maur,India,30.08333,75.25,215.2
Mauganj,India,24.66721,81.87339,350.0
Maudaha,India,25.68312,80.11419,127.0
Mau Aimma,India,25.69515,81.92336,101.3
Mau,India,26.26584,78.67108,168.3
Mau,India,25.94167,83.56111,71.9
Mattanūr,India,11.93018,75.57152,49.0
Mathura,India,27.5035,77.67215,184.9
Mātābhānga,India,26.34197,89.21555,52.1
Masaurhi Buzurg,India,25.35249,85.03445,60.8
Marmagao,India,15.40927,73.78869,60.2
Mārkāpur,India,15.74041,79.27057,157.1
Mariāni,India,26.65725,94.31529,113.1
Mariāhu,India,25.60404,82.60379,92.5
Marhaura,India,25.97349,84.86796,56.9
Margherita,India,27.28482,95.66796,146.5
Marakkanam,India,12.19214,79.94193,11.4
Mārahra,India,27.7368,78.56891,180.8
Māpuca,India,15.59154,73.80898,11.0
Mānwat,India,19.30133,76.49735,440.7
Mānvi,India,15.99126,77.05034,372.8
Manthani,India,18.65087,79.66501,134.6
Mānsa,India,29.98844,75.40167,220.2
Mānsa,India,23.42564,72.65739,106.9
Manoharpur,India,27.29769,75.9495,455.8
Mannargudi,India,10.66626,79.45064,19.0
Mannārakkāt,India,10.9914,76.4596,78.5
Manmād,India,20.25334,74.43755,581.6
Mankāchar,India,25.53347,89.86373,23.2
Mājalgaon,India,19.15988,76.20832,433.9
Manjhanpur,India,25.53046,81.37566,105.4
Manjeri,India,11.1172,76.11987,55.3
Manihāri,India,25.33891,87.61998,37.3
Maniar,India,25.98546,84.17233,66.4
Mangrūl Pīr,India,20.31379,77.34178,446.7
Māngrol,India,25.33061,76.50973,240.9
Māngrol,India,21.12268,70.11484,22.6
Manglaur,India,29.79094,77.87836,269.6
Mangalore,India,12.91723,74.85603,21.5
Mangaldai,India,26.44212,92.03047,59.9
Mangalagiri,India,16.43083,80.56815,32.8
Maner,India,25.64602,84.87291,62.4
Mandya,India,12.5223,76.89746,673.4
Māndvi,India,22.83282,69.35237,11.7
Māndvi,India,21.25526,73.30412,46.9
Māndu,India,22.36667,75.38333,494.1
Mandsaur,India,24.07184,75.06986,440.5
Mandlā,India,22.59879,80.37115,446.0
Mandi,India,31.71194,76.93273,763.1
Mandāwar,India,29.48655,78.12732,239.4
Mandapeta,India,16.86254,81.92921,15.0
Mandapam,India,9.27571,79.12362,6.8
Māndalgarh,India,25.19407,75.07215,379.1
Māndal,India,25.44126,74.56979,438.1
Mancherāl,India,18.87074,79.42863,143.1
Manāwar,India,22.23566,75.08917,193.8
Mānāvadar,India,21.49813,70.13775,26.9
Manāsa,India,24.48371,75.26871,442.2
Manapparai,India,10.60772,78.42582,164.4
Manamadurai,India,9.67318,78.47096,67.7
Manali,India,13.16667,80.26667,4.0
Mālvan,India,16.05981,73.4629,9.2
Mālūr,India,13.00322,77.93798,909.1
Mālpura,India,26.2838,75.36458,328.0
Malpe,India,13.35284,74.70833,4.8
Mallasamudram,India,11.4892,78.03277,219.9
Malkāpur,India,20.88555,76.19932,250.9
Malakanagiri,India,18.36428,81.888,186.7
Malīhābād,India,26.92223,80.71078,128.2
Māler Kotla,India,30.5309,75.87949,252.6
Mālegaon,India,20.54966,74.53462,431.0
Malavalli,India,12.38613,77.05954,622.0
Malaut,India,30.21121,74.4818,195.3
Malappuram,India,11.04019,76.08237,35.3
Mākum,India,27.48652,95.43646,126.6
Maksi,India,23.25999,76.14567,505.0
Makrāna,India,27.04361,74.72445,420.9
Mairwa,India,26.23218,84.16349,66.2
Mainpuri,India,27.22857,79.02882,157.8
Maināguri,India,26.56263,88.8204,86.3
Maihar,India,24.26594,80.76063,356.1
Mahwah,India,27.04594,76.93152,236.2
Mahudha,India,22.82082,72.94032,50.1
Maholi,India,27.66368,80.47371,148.9
Mahobā,India,25.2905,79.87533,210.5
Mahmudābād,India,27.29191,81.11775,128.2
Mahīshādal,India,22.18616,87.98072,6.5
Mahgawān,India,26.49471,78.61593,156.7
Maheshwar,India,22.17592,75.58715,159.5
Mahendragarh,India,28.26935,76.15253,274.6
Mahemdāvād,India,22.82359,72.75551,37.4
Mahē,India,11.70172,75.53474,15.8
Mahbūbnagar,India,16.74385,77.98597,501.3
Mahbūbābād,India,17.59728,80.00207,197.3
Mahāsamund,India,21.10743,82.0948,297.3
Mahārāganj,India,27.14456,83.56214,94.6
Mahārājgani,India,26.11017,84.50365,63.9
Maham,India,28.96912,76.29495,222.5
Mahālingpur,India,16.3888,75.10873,574.1
Mahād,India,18.08333,73.41667,12.7
Maghar,India,26.75586,83.12773,83.4
Māgadi,India,12.957,77.2231,877.1
Madurāntakam,India,12.51167,79.88485,30.8
Madurai,India,9.91735,78.11962,143.8
Madukkūr,India,10.48134,79.39681,18.2
Madukkarai,India,10.90481,76.96461,347.9
Chennai,India,13.08784,80.27847,16.0
Madikeri,India,12.42602,75.7382,1137.7
Madhyamgram,India,22.68944,88.44594,7.4
Madhupur,India,24.27419,86.63929,249.8
Maddagiri,India,13.66035,77.21239,755.2
Madhubani,India,26.35367,86.07169,56.8
Madhipura,India,25.92127,86.79271,47.7
Madgaon,India,15.27501,73.95786,23.9
Maddūr,India,12.5839,77.04344,644.0
Madanapalle,India,13.5503,78.50288,693.1
Machilīpatnam,India,16.18747,81.13888,7.1
Machhlīshahr,India,25.68564,82.41106,97.7
Māchhīwāra,India,30.91557,76.20016,261.2
Mācherla,India,16.48333,79.43333,139.7
Lunglei,India,22.89247,92.74218,1010.2
Lūnāvāda,India,23.12841,73.61043,101.4
Ludhiāna,India,30.91204,75.85379,253.6
Lucknow,India,26.83928,80.92313,125.7
Luckeesarai,India,25.1765,86.0947,50.4
Losal,India,27.4,74.91667,418.0
Loni,India,28.75143,77.29023,214.6
Lonavla,India,18.75275,73.40575,628.5
Lonār,India,19.98533,76.52046,602.0
Lohārdaga,India,23.43313,84.67982,666.6
Lingsugūr,India,16.15876,76.52174,506.2
Limbdi,India,22.56507,71.81076,51.3
Leteri,India,24.05979,77.40858,534.6
Leh,India,34.16504,77.58402,3505.3
Lāwar Khās,India,29.11091,77.77767,241.5
Laungowāl,India,30.19393,75.68089,234.9
Latur,India,18.39721,76.56784,639.0
Lāthi,India,21.7231,71.38843,128.0
Lātehār,India,23.74395,84.499,387.1
Lar,India,26.20394,83.96906,70.3
Lālsot,India,26.55951,76.32915,308.4
Lālpur,India,22.19073,69.96351,72.9
Lalitpur,India,24.69007,78.41915,360.5
Lalgudi,India,10.87419,78.81935,61.4
Lālgola,India,24.42244,88.25238,22.7
Lālganj,India,25.93182,81.70478,105.9
Lālganj,India,25.8673,85.17304,55.0
Lakshmeshwar,India,15.12689,75.46935,635.5
Laksar,India,29.7587,78.04148,240.2
Lakhyabad,India,23.66667,86.66667,139.2
Lakhnādon,India,22.60049,79.60094,614.1
Lakhīmpur,India,27.94822,80.77935,149.7
Lākheri,India,25.67237,76.17692,236.5
Lāharpur,India,27.70827,80.90256,140.9
Lahār,India,26.19401,78.94137,162.3
Lādwa,India,29.9935,77.04563,266.1
Lādnūn,India,27.65312,74.39993,324.7
Lachhmangarh Sīkar,India,27.82294,75.02754,365.1
Kuzhithurai,India,8.31792,77.19192,45.0
Koothanallur,India,10.7199,79.5157,12.6
Kuttampuzha,India,10.15,76.73333,69.8
Kutiyāna,India,21.6241,69.98494,18.4
Kutiatodu,India,9.8,76.33333,4.9
Kushtagi,India,15.75623,76.19112,644.4
Kurinjippādi,India,11.55028,79.59066,19.5
Kurduvādi,India,18.09339,75.41567,515.9
Kurandvād,India,16.68317,74.58892,542.6
Kuppam,India,12.74768,78.34235,681.1
Kunnamkulam,India,10.6484,76.07063,29.6
Kunnamangalam,India,11.30459,75.87772,30.4
Kunigal,India,13.02319,77.02518,775.4
Kundla,India,21.34222,71.30633,134.9
Kundgol,India,15.25612,75.24735,641.7
Kundarkhi,India,28.68304,78.78559,200.3
Kunda,India,25.71702,81.51396,106.5
Kumta,India,14.42853,74.4189,33.8
Kūmher,India,27.31657,77.37079,180.0
Kumhāri,India,21.26667,81.51667,277.8
Kumbhrāj,India,24.37338,77.04841,418.9
Kumbakonam,India,10.96209,79.39124,28.7
Kulu,India,31.95835,77.10823,1233.8
Kulti,India,23.73166,86.84372,152.5
Kulpahār,India,25.32007,79.63931,199.8
Kulittalai,India,10.93487,78.41251,87.1
Kulgam,India,33.64456,75.01923,1747.4
Kukshi,India,22.20677,74.75788,172.6
Kūkatpalli,India,17.48486,78.41376,564.7
Kuju,India,23.72757,85.50616,418.9
Kūdligi,India,14.905,76.38527,598.1
Kudachi,India,16.62784,74.85408,545.8
Kuchera,India,26.98747,73.97108,317.1
Kuchāman,India,27.14745,74.85655,397.0
Kuchaiburi,India,22.26675,86.17385,264.6
Krishnarājpet,India,12.66621,76.4877,812.3
Krishnanagar,India,23.40576,88.49073,13.1
Krishnagiri,India,12.51921,78.21382,487.7
Kozhikode,India,11.24802,75.7804,5.3
Koynanagar,India,17.4,73.76667,641.1
Kovvūr,India,17.0162,81.72934,20.8
Kovūr,India,14.50011,79.98595,22.8
Kovilpatti,India,9.17167,77.86989,103.6
Kottūru,India,14.82442,76.22005,579.2
Kottayam,India,9.58692,76.52132,17.4
Kottagūdem,India,17.55106,80.61779,112.8
Kotputli,India,27.70207,76.19911,362.3
Kotma,India,23.20383,81.97904,531.6
Kotdwāra,India,29.74612,78.52219,384.7
Kotapārh,India,19.14256,82.32536,562.4
Kotamangalam,India,10.06178,76.62681,50.0
Kotagiri,India,11.42072,76.86035,1887.5
Kota,India,25.18254,75.83907,269.0
Kotā,India,22.29507,82.02366,325.9
Kosigi,India,15.8551,77.24463,380.3
Kosi,India,27.79449,77.4368,192.3
Kosamba,India,21.46202,72.95842,32.2
Korwai,India,24.11774,78.04007,408.7
Koregaon,India,18.64573,74.05909,551.8
Korba,India,22.3458,82.69633,287.4
Koratla,India,18.82154,78.71186,298.3
Korāput,India,18.81199,82.71048,880.9
Koppal,India,15.34522,76.15478,536.4
Kopargaon,India,19.88239,74.47605,507.3
Kopāganj,India,26.01923,83.5663,77.5
Konnūr,India,16.20138,74.74886,617.6
Konnagar,India,22.70508,88.34446,8.1
Kondapalle,India,16.61989,80.54244,36.2
Kondagaon,India,19.59083,81.664,594.4
Konch,India,25.99451,79.15127,158.8
Konārka,India,19.89758,86.11413,7.3
Kolasib,India,24.22388,92.67869,643.1
Kollegāl,India,12.1569,77.10693,641.3
Kolhāpur,India,16.69563,74.23167,554.2
Kolāras,India,25.21928,77.61167,454.5
Kolār,India,13.13671,78.12917,845.3
Colachel,India,8.17938,77.25818,30.3
Kokrajhar,India,26.40107,90.27286,46.7
Kohima,India,25.67467,94.11099,1446.2
Koelwār,India,25.58055,84.79751,60.8
Kodungallūr,India,10.22222,76.19917,5.9
Kodoli,India,16.87639,74.1909,564.4
Kodīnar,India,20.79393,70.70216,29.1
Kodarmā,India,24.46753,85.59397,388.6
Kodār,India,16.9985,79.9656,113.8
Kodaikānāl,India,10.23925,77.48932,2086.1
Koch Bihār,India,26.32539,89.44508,46.2
Koāth,India,25.32643,84.25983,86.4
Kizhake Chālakudi,India,10.30067,76.33763,13.4
Kithor,India,28.86684,77.93861,224.9
Kishtwār,India,33.31346,75.76726,1640.9
Kishangarh,India,26.5741,74.86685,434.1
Kishanganj,India,26.10282,87.95205,52.4
Kīratpur,India,29.50671,78.20613,254.3
Kiraoli,India,27.13768,77.78516,176.0
Kinwat,India,19.62557,78.1987,316.6
Kichha,India,28.91154,79.52009,206.1
Khūtār,India,28.20307,80.27046,164.1
Khurja,India,28.25382,77.85535,204.7
Khurda,India,20.18268,85.61629,52.1
Khurai,India,24.04372,78.33014,439.6
Khunti,India,23.07533,85.27903,645.6
Khuldābād,India,20.00671,75.19245,734.0
Khowai,India,24.07964,91.59972,26.4
Khopoli,India,18.78562,73.34589,81.0
Khirkiyān,India,22.16732,76.86137,280.3
Khilchipur,India,24.03943,76.578,398.9
Khetri,India,28.00069,75.78644,398.5
Khetia,India,21.67124,74.58535,213.5
Kheri,India,27.90354,80.79754,146.8
Kherālu,India,23.88534,72.61869,177.2
Khekra,India,28.86586,77.2841,224.7
Khed Brahma,India,24.0299,73.04632,209.6
Kheda,India,22.75218,72.68533,35.7
Khātra,India,22.97617,86.85462,144.6
Khatīma,India,28.92134,79.97075,215.1
Khātegaon,India,22.59573,76.9133,303.9
Khatauli,India,29.27844,77.73302,241.6
Khārupatia,India,26.51839,92.14722,63.0
Kharsia,India,21.98953,83.10476,263.5
Kharkhauda,India,28.8787,76.91069,224.0
Khargone,India,21.82292,75.61394,257.4
Khardah,India,22.71861,88.37806,7.0
Kharar,India,30.74632,76.64689,314.9
Kharakvasla,India,18.43997,73.77545,586.7
Kharagpur,India,25.12446,86.55578,55.3
Kharagpur,India,22.33971,87.32501,40.7
Khāpa,India,21.42243,78.98168,313.6
Khanna,India,30.70547,76.22196,268.6
Khandwa,India,21.82427,76.35086,311.4
Khandela,India,27.60499,75.502,487.7
Khānāpur,India,15.63969,74.50847,669.9
Khammam,India,17.24767,80.14368,120.6
Khāmgaon,India,20.70738,76.56827,299.5
Khambhāt,India,22.31744,72.61916,24.6
Khambhāliya,India,22.20685,69.65031,47.5
Khamaria,India,23.22558,79.88007,382.9
Khalīlābād,India,26.77268,83.07179,85.2
Khajurāho,India,24.84809,79.93351,216.0
Khairāgarh,India,26.94269,77.8189,170.0
Khairāgarh,India,21.41859,80.97942,313.9
Khairābād,India,27.52698,80.75461,138.2
Khair,India,27.94195,77.84243,190.5
Khagaul,India,25.58282,85.04547,54.9
Khagaria,India,25.5022,86.46708,43.6
Khadki,India,18.5635,73.85205,565.6
Khada,India,27.18333,83.88333,93.7
Khāchrod,India,23.42322,75.28185,492.7
Kesinga,India,20.18778,83.21949,194.2
Keshorai Pātan,India,25.29275,75.93948,252.4
Keshod,India,21.30328,70.24861,44.5
Kerūr,India,16.01384,75.54631,626.8
Kendrāparha,India,20.50166,86.42227,7.3
Kenda,India,23.1959,86.51499,239.7
Kemrī,India,28.80673,79.2048,188.6
Kekri,India,25.97132,75.14992,358.4
Kāyankulam,India,9.17243,76.50017,4.4
Kayalpattinam,India,8.57143,78.11992,3.4
Kawardha,India,22.00853,81.23148,355.5
Kāvali,India,14.9163,79.99449,16.5
Kattivākkam,India,13.21667,80.31667,4.5
Kattanam,India,9.18333,76.55,6.8
Kātrās,India,23.79752,86.29834,194.7
Kātpādi,India,12.96951,79.14552,210.5
Kātoya,India,23.64558,88.13258,19.5
Kātol,India,21.27388,78.5858,411.8
Katihar,India,25.53852,87.57044,35.6
Kathua,India,32.36941,75.52539,325.3
Kāthor,India,21.28854,72.9407,23.6
Katghora,India,22.50247,82.54279,323.0
Katangi,India,23.44124,79.79621,374.0
Katangi,India,21.77369,79.80513,346.7
Kasrāwad,India,22.12745,75.61101,179.7
Kashipur,India,29.21399,78.95693,236.1
Kāsganj,India,27.80882,78.64579,180.9
Kāsaragod,India,12.49838,74.98959,41.6
Karwar,India,14.81361,74.12972,6.6
Karur,India,10.95771,78.08095,125.7
Kartārpur,India,31.44268,75.49847,240.0
Kārsiyāng,India,26.88251,88.27729,1495.7
Karol Bāgh,India,28.65136,77.19072,231.5
Karnāl,India,29.69197,76.98448,249.2
Karmāla,India,18.4077,75.19386,556.2
Kārkala,India,13.21428,74.99234,90.3
Karjat,India,18.9107,73.32354,54.6
Karīmnagar,India,18.43915,79.12856,277.5
Karīmganj,India,24.86919,92.35543,21.7
Karhal,India,27.00089,78.93935,160.3
Karera,India,25.45815,78.13583,277.8
Kareli,India,22.91533,79.06378,364.8
Karauli,India,26.49831,77.02755,271.1
Kāranja,India,20.48273,77.48857,410.2
Karamsad,India,22.54243,72.90392,40.7
Kāramadai,India,11.24058,76.96009,368.8
Kāraikkudi,India,10.0661,78.76787,85.4
Kāraikāl,India,10.91667,79.83333,6.1
Karād,India,17.28937,74.18183,574.4
Kapūrthala,India,31.38011,75.38105,231.6
Kāpren,India,25.40529,76.07431,240.5
Kapadvanj,India,23.02302,73.07113,87.6
Kānth,India,29.05939,78.62951,216.1
Kantābānji,India,20.46709,82.92042,295.9
Kānt,India,27.81049,79.79185,155.4
Kanpur,India,26.46523,80.34975,135.3
Kannod,India,22.66764,76.74286,333.8
Kanniyākumāri,India,8.09008,77.53841,35.0
Kannauj,India,27.05524,79.9188,143.7
Kānnangād,India,12.30814,75.10632,12.5
Kannad,India,20.25684,75.13786,626.2
Kānker,India,20.27193,81.49177,401.1
Kānke,India,23.43362,85.3211,644.0
Kankauli,India,16.26609,73.71217,52.6
Kanigiri,India,15.40593,79.50269,109.6
Kangayam,India,11.00599,77.5609,310.9
Kandukūr,India,15.21542,79.9039,22.3
Kāndla,India,23.03333,70.21667,4.1
Kāndi,India,23.95946,88.04018,24.4
Kāndhla,India,29.32104,77.27101,244.6
Kānchipuram,India,12.83515,79.70006,83.4
Kanakapura,India,12.54614,77.42099,634.1
Kāmthi,India,21.21615,79.1973,287.7
Kampli,India,15.40534,76.60286,405.2
Cumbum,India,9.73647,77.2847,415.6
Kāmārhāti,India,22.67111,88.37472,4.7
Kāmāreddi,India,18.32001,78.34177,519.1
Kāman,India,27.65791,77.26908,187.7
Kamalganj,India,27.26181,79.63134,151.6
Kāmākhyānagar,India,20.93385,85.54489,63.9
Kalyani,India,22.98333,88.48333,8.3
Kalyān,India,19.2437,73.13554,9.8
Kalugumalai,India,9.14726,77.70424,115.2
Kālpi,India,26.11667,79.73333,122.8
Kalpetta,India,11.61056,76.08222,750.5
Kālol,India,22.60777,73.46272,84.5
Kālna,India,23.21944,88.36295,15.4
Kalmeshwar,India,21.23219,78.91988,335.1
Kallidaikurichchi,India,8.68301,77.46455,74.0
Kallakkurichchi,India,11.7404,78.959,130.3
Kālka,India,30.83982,76.94065,699.9
Kāliyāganj,India,25.63442,88.32665,41.0
Kālimpong,India,27.07059,88.47529,1123.6
Kalghatgi,India,15.18315,74.97099,563.4
Kālāvad,India,22.20789,70.38343,98.0
Kālānwāli,India,29.83573,74.9717,205.5
Kalānaur,India,28.82823,76.3955,227.1
Kalamnūri,India,19.67386,77.31149,461.3
Kalamb,India,19.04437,73.95554,632.2
Kalakkādu,India,8.51228,77.5535,124.9
Kakrāla,India,27.89269,79.1945,169.3
Kākori,India,26.868,80.7857,126.4
Kākināda,India,16.96036,82.23809,5.2
Kakching,India,24.4982,93.98126,783.6
Kaithal,India,29.80153,76.39959,234.8
Kairāna,India,29.39541,77.2054,242.2
Kaimori,India,23.38465,79.7442,373.3
Kaimganj,India,27.55441,79.33525,158.7
Kailāshahar,India,24.33199,92.00391,25.9
Kailāras,India,26.30498,77.616,194.3
Kaikalūr,India,16.55154,81.214,6.1
Kāgal,India,16.57702,74.31544,560.2
Kadūr,India,13.55285,76.01164,771.2
Kadod,India,21.21717,73.21972,42.6
Kadiri,India,14.11252,78.16027,517.3
Kadi,India,23.29908,72.33362,64.5
Kadayanallur,India,9.07277,77.34152,195.0
Kānchrāpāra,India,22.95998,88.42849,7.9
Kachhwa,India,25.20615,82.71442,81.3
Kabrāi,India,25.40281,79.9997,164.3
Junnar,India,19.20815,73.8752,684.0
Jūnāgarh,India,19.85993,82.93385,223.4
Jūnāgadh,India,21.51966,70.45981,94.2
Jumri Tilaiyā,India,24.4349,85.52951,396.0
Jalandhar,India,31.32556,75.57917,241.9
Jugsālai,India,22.77668,86.18351,153.8
Jorhāt,India,26.75751,94.20306,88.2
Jora,India,26.34209,77.8092,195.3
Jolārpettai,India,12.57045,78.57341,411.2
Jogbani,India,26.41667,87.25,66.7
Jodiya Bandar,India,22.71667,70.28333,2.8
Jodhpur,India,26.26841,73.00594,239.1
Jodhpur,India,21.90174,70.0327,98.1
Jintūr,India,19.61186,76.6874,440.9
Jīnd,India,29.31577,76.31502,230.4
Jhūsi,India,25.43745,81.9055,92.0
Jhunjhunūn,India,28.12559,75.39797,343.2
Jhinjhāna,India,29.52118,77.2247,258.2
Jhīnjhak,India,26.56093,79.73423,140.8
Jhārsuguda,India,21.86159,84.01788,230.6
Jharia,India,23.74079,86.41456,203.8
Jhārgrām,India,22.45384,86.99497,79.2
Jhānsi,India,25.45887,78.57994,249.1
Jhanjhārpur,India,26.26467,86.27993,51.5
Jhālu,India,29.33609,78.22608,242.3
Jhālrapātan,India,24.54205,76.17242,319.1
Jhalida,India,23.36541,85.97581,295.2
Jhālāwār,India,24.59633,76.16499,326.4
Jhajjar,India,28.6063,76.6565,222.9
Jhā Jhā,India,24.77418,86.38005,135.7
Jhābua,India,22.76772,74.59087,331.7
Jewar,India,28.122,77.55734,200.3
Jevargi,India,17.01394,76.77317,408.9
Jetpur,India,21.75482,70.62347,92.2
Jeypore,India,18.8563,82.5716,589.6
Jaynagar,India,26.59048,86.13791,74.6
Jaynagar-Majilpur,India,22.17583,88.41778,7.6
Jayamkondacholapuram,India,11.21206,79.36473,64.4
Jāwad,India,24.59916,74.86261,465.8
Jaunpur,India,25.75356,82.68689,88.0
Jatāra,India,25.00964,79.04869,260.1
Jatani,India,20.15975,85.70742,35.2
Jaswantnagar,India,26.88271,78.90256,158.1
Jaspur,India,29.27919,78.82798,243.9
Jasidih,India,24.51379,86.64576,271.7
Jashpurnagar,India,22.88772,84.13925,777.6
Jasdan,India,22.03709,71.20794,202.4
Jarwal,India,27.1629,81.54179,112.3
Jaorā,India,23.63783,75.12711,473.4
Jānsath,India,29.32502,77.85044,239.4
Jānjgīr,India,22.00922,82.5778,274.6
Jangipur,India,24.47001,88.07659,23.6
Jangaon,India,17.72602,79.15236,382.3
Jandiāla,India,31.1593,75.61755,244.2
Jāmuria,India,23.70468,87.07872,129.4
Jamūī,India,24.92606,86.22531,91.1
Jāmtāra,India,23.963,86.80285,197.4
Jamshedpur,India,22.80278,86.18545,167.1
Jāmnagar,India,22.47292,70.06673,19.3
Jammu,India,32.73569,74.86911,383.9
Jammalamadugu,India,14.8474,78.38401,187.4
Jamkhandi,India,16.50461,75.29146,563.4
Jambusar,India,22.05236,72.80074,24.5
Jamālpur,India,25.31258,86.48888,49.5
Jāmai,India,22.19644,78.59191,773.6
Jāmadoba,India,23.71667,86.4,178.0
Jalpāiguri,India,26.51667,88.73333,83.2
Jalor,India,25.34558,72.61559,177.3
Jālna,India,19.84102,75.88636,501.7
Jalgaon Jamod,India,21.05194,76.53464,307.5
Jālgaon,India,21.01009,75.56843,224.0
Jaleshwar,India,21.80176,87.2225,14.6
Jalesar,India,27.47315,78.3031,179.7
Jālaun,India,26.1451,79.3366,148.5
Jalālpur,India,26.31162,82.73859,89.4
Jalālpur,India,20.94896,72.89829,11.8
Jalālī,India,27.8668,78.25267,189.3
Jalālābād,India,30.60622,74.25727,188.8
Jalālābad,India,29.61853,77.43908,256.6
Jalālābād,India,27.72625,79.65523,155.8
Jājpur,India,20.84852,86.33729,13.5
Jaito,India,30.45126,74.89189,214.5
Jaitāran,India,26.20446,73.93676,310.0
Jaisingpur,India,16.77639,74.55361,557.5
Jaisalmer,India,26.91763,70.90387,236.1
Jais,India,26.2649,81.54855,120.6
Jaipur,India,26.91962,75.78781,436.9
Jahāzpur,India,25.61994,75.27609,346.7
Jahāngīrābād,India,28.40549,78.10588,204.9
Jahānābād,India,25.21368,84.9871,70.3
Jagtiāl,India,18.79473,78.91661,280.7
Jagraon,India,30.78783,75.47391,239.8
Jaggayyapeta,India,16.8938,80.09807,58.1
Jagdīspur,India,25.46811,84.41939,73.2
Jagdīshpur,India,26.74967,80.5451,128.7
Jagdalpur,India,19.08136,82.02131,560.0
Jagatsinghapur,India,20.2557,86.17112,14.0
Jagalūr,India,14.51957,76.33915,675.4
Jagādhri,India,30.16719,77.30367,287.5
Jabalpur,India,23.16697,79.95006,413.5
Itimādpur,India,27.23541,78.19829,171.8
Itārsi,India,22.61477,77.76222,324.5
Itānagar,India,27.08694,93.60987,324.3
Islāmpur,India,26.26541,88.18982,65.4
Islāmpur,India,25.14129,85.20432,73.2
Islāmnagar,India,28.32896,78.72524,189.3
Irugūr,India,11.01867,77.06624,377.2
Irinjālakuda,India,10.34238,76.21124,15.9
Iringal,India,11.55929,75.61663,17.1
Ingrāj Bāzār,India,25.00447,88.14573,28.3
Indri,India,29.87999,77.05972,261.7
Indore,India,22.71792,75.8333,549.0
Indi,India,17.17735,75.9526,464.7
Indergarh,India,26.93521,79.6712,147.7
Indāpur,India,18.3,73.25,14.2
Imphal,India,24.80805,93.9442,782.8
Ilkal,India,15.95923,76.11351,562.2
Igatpuri,India,19.69522,73.5626,587.9
Idappadi,India,11.58624,77.83891,208.4
Ichchāpuram,India,19.11393,84.68721,15.4
Ichalkaranji,India,16.69117,74.46054,559.2
Hyderabad,India,17.38405,78.45636,511.9
Hadagalli,India,15.02048,75.93185,522.7
Husainābād,India,24.52849,84,152.4
Hunsūr,India,12.30359,76.29275,791.6
Hungund,India,16.06213,76.0586,534.0
Hukeri,India,16.23082,74.60244,647.9
Hugli,India,22.90877,88.39674,13.0
Hubli,India,15.34776,75.13378,617.3
Howli,India,26.42237,90.98004,44.8
Hosūr,India,12.73647,77.83264,869.4
Hospet,India,15.26954,76.3871,484.3
Hoskote,India,13.0707,77.79814,884.3
Hoshangābād,India,22.74747,77.72736,301.5
Hosdurga,India,13.79631,76.28408,724.9
Honnāli,India,14.23976,75.64507,558.8
Honāvar,India,14.28014,74.4452,17.3
Homnābād,India,17.77074,77.12519,639.0
Hole Narsipur,India,12.78635,76.24331,843.5
Holalkere,India,14.04295,76.18496,702.5
Hojāi,India,26.00281,92.85605,73.6
Hodal,India,27.89196,77.36744,199.5
Hisuā,India,24.8336,85.41729,98.5
Hisar,India,29.15394,75.72294,213.1
Hiriyūr,India,13.94455,76.61723,603.0
Hirekerūr,India,14.45506,75.3952,607.8
Hīrākud,India,21.52502,83.87275,164.7
Hinjilikatu,India,19.48166,84.74489,49.4
Hingoli,India,19.71464,77.14238,457.4
Hinganghāt,India,20.54875,78.83978,227.7
Hindupur,India,13.82807,77.49143,626.7
Hindoria,India,23.90345,79.56861,366.2
Hindaun,India,26.73411,77.03519,230.7
Himatnagar,India,23.59893,72.96602,145.9
Hilsa,India,25.31586,85.28153,60.0
Hazārībāg,India,23.99507,85.36109,617.3
Hāveri,India,14.79354,75.40448,574.3
Hatta,India,24.13406,79.60119,334.2
Hāthras,India,27.59551,78.05201,184.8
Hastināpur,India,29.16042,78.00762,218.0
Hassan,India,13.00715,76.0962,952.9
Hāsimāra,India,26.7469,89.35385,132.5
Hasanpur,India,28.72249,78.28436,205.3
Harūr,India,12.05267,78.48023,345.5
Harsūd,India,22.09947,76.73423,250.0
Harpanahalli,India,14.78766,75.98863,620.1
Harpālpur,India,25.28773,79.33279,214.4
Hārij,India,23.69356,71.907,48.9
Harihar,India,14.51288,75.80716,546.1
Haridwar,India,29.94791,78.16025,295.1
Hardoī,India,27.39433,80.1311,144.7
Harda Khās,India,22.34414,77.09536,293.8
Hāpur,India,28.72985,77.78068,214.5
Hāora,India,22.57688,88.31857,8.1
Hanumāngarh,India,29.58182,74.32938,186.2
Hānsi,India,29.10239,75.96253,223.5
Hāngal,India,14.76465,75.1246,581.5
Handiā,India,25.36379,82.18655,97.5
Hamīrpur,India,31.68411,76.52506,767.0
Hamīrpur,India,25.9553,80.14842,116.0
Halvad,India,23.01516,71.18029,45.7
Hālol,India,22.50321,73.47242,110.0
Haliyal,India,15.32864,74.75638,549.0
Hālīsahar,India,22.93218,88.41859,11.3
Haldwani,India,29.22254,79.5286,447.4
Haldaur,India,29.28988,78.28437,236.1
Hājo,India,26.2452,91.52525,49.2
Hājīpur,India,25.69003,85.20954,55.6
Hailākāndi,India,24.68394,92.56097,24.4
Hāflong,India,25.16478,93.01744,679.1
Hadgāon,India,19.49552,77.65863,417.2
Hābra,India,22.84202,88.65606,10.0
Gwalior,India,26.22983,78.17337,219.3
Guskhara,India,23.49276,87.73484,38.7
Guruvāyūr,India,10.5943,76.0411,11.3
Guru Har Sahāi,India,30.70862,74.40407,191.8
Gursarāi,India,25.61677,79.18053,184.7
Gursahāiganj,India,27.11518,79.73174,148.0
Gurmatkāl,India,16.86773,77.39088,593.2
Gurgaon,India,28.4601,77.02635,221.5
Gunupur,India,19.0804,83.80879,89.0
Guntūr,India,16.29974,80.45729,30.4
Guntakal Junction,India,15.17112,77.36244,454.2
Gunnaur,India,28.23995,78.43994,180.7
Gundlupet,India,11.8082,76.69104,794.6
Guna,India,24.64691,77.3113,477.4
Gummidipundi,India,13.40765,80.10879,24.3
Gumla,India,23.04156,84.54397,653.0
Gumia,India,23.79896,85.82383,284.3
Guledagudda,India,16.05025,75.78997,537.8
Gulbarga,India,17.33583,76.83757,473.1
Gulāothi,India,28.58938,77.79318,211.3
Gulābpura,India,25.90448,74.66025,402.8
Gūduvāncheri,India,12.84519,80.06055,37.5
Gūdūr,India,14.14903,79.8514,18.4
Gudiyatham,India,12.94601,78.87377,276.8
Gudivāda,India,16.43547,80.99555,9.6
Gudalur,India,9.67826,77.24951,450.1
Gubbi,India,13.31216,76.94102,781.3
Goyerkāta,India,26.69984,89.02565,100.7
Govardhan,India,27.49658,77.46263,188.4
Gosāba,India,22.16547,88.8007,2.6
Gorakhpur,India,29.44768,75.67206,219.2
Gorakhpur,India,26.76628,83.36889,81.1
Gobichettipalayam,India,11.45496,77.4422,218.5
Gopālganj,India,26.46734,84.44041,70.2
Gondiā,India,21.46026,80.19205,316.3
Gondal,India,21.96074,70.80255,136.0
Gondā City,India,27.13181,81.95332,108.2
Gomoh,India,23.87355,86.1516,241.8
Gola Gokarannāth,India,28.07837,80.47054,161.9
Golāghāt,India,26.51167,93.95951,97.0
Gokarna,India,14.55,74.31667,1.1
Gokak,India,16.16901,74.82393,550.3
Gohāna,India,29.13777,76.70247,230.5
Gohadi,India,26.43278,78.44205,160.2
Godhra,India,22.77547,73.61488,131.9
Goddā,India,24.82379,87.21285,102.4
Gobindpur,India,22.63393,86.07162,191.2
Gobārdānga,India,22.8774,88.75479,9.9
Goālpāra,India,26.17668,90.62634,41.2
Girīdīh,India,24.18561,86.30772,304.4
Gingee,India,12.2559,79.41724,89.6
Giddarbāha,India,30.19953,74.66627,200.0
Giddalūr,India,15.37726,78.92748,268.1
Ghūgus,India,19.94593,79.10854,200.6
Ghoti Budrukh,India,19.71641,73.62821,595.6
Ghosī,India,26.10587,83.5393,78.4
Ghazīpur,India,25.58333,83.58526,73.1
Ghāziābād,India,28.66535,77.43915,214.0
Ghātsīla,India,22.58531,86.47682,103.6
Ghātanji,India,20.14183,78.31333,282.3
Ghātampur,India,26.15272,80.16803,126.4
Ghātāl,India,22.66244,87.73399,13.0
Gharaunda,India,29.53692,76.97142,243.8
Gevrai,India,19.26372,75.75007,463.0
Gaya,India,24.79686,85.00385,114.7
Gauripur,India,26.08334,89.96118,29.5
Goribidnūr,India,13.61072,77.51738,687.8
Guwahati,India,26.1844,91.7458,57.5
Garhwa,India,24.16002,83.80755,201.4
Garui,India,22.63333,88.4,5.0
Gariadhar,India,21.53889,71.57737,94.4
Garhshankar,India,31.21537,76.14149,279.6
Garhmuktesar,India,28.78732,78.10214,216.5
Garhākota,India,23.7791,79.14321,392.8
Gannavaram,India,16.54092,80.80213,28.3
Gangtok,India,27.32574,88.61216,1642.4
Gangolli,India,13.65024,74.67072,6.8
Gangoh,India,29.78004,77.26346,268.2
Gangāwati,India,15.43342,76.5293,411.2
Gangārāmpur,India,25.40138,88.52978,29.1
Gangāpur,India,26.47249,76.71744,263.2
Gangāpur,India,25.21954,74.26028,507.2
Gangāpur,India,19.69718,75.01045,485.5
Gangānagar,India,29.92009,73.87496,178.2
Gangākher,India,18.96962,76.74946,384.1
Ghandinagar,India,23.21667,72.68333,47.4
Gāndhīdhām,India,23.08333,70.13333,18.4
Gandevi,India,20.81214,72.99811,20.7
Gāndarbal,India,34.22619,74.77478,1592.5
Gajraula,India,28.8457,78.2396,210.4
Gajendragarh,India,15.73628,75.96976,638.0
Gadwāl,India,16.23504,77.79556,323.7
Gadhinglaj,India,16.22291,74.3501,644.6
Gadhada,India,21.96957,71.57828,90.5
Gādarwāra,India,22.9235,78.7849,338.9
Gadag,India,15.42977,75.62971,653.2
Fort Gloster,India,22.50444,88.18333,7.0
Forbesganj,India,26.29857,87.2671,61.4
Fīrozpur Jhirka,India,27.78853,76.94496,216.3
Ferozepore,India,30.92574,74.61311,197.8
Fīrozābād,India,27.15092,78.39781,169.4
Ferokh,India,11.17989,75.84141,18.1
Fāzilka,India,30.40207,74.02836,182.1
Fatwa,India,25.50973,85.30273,55.2
Fatehpur Sīkri,India,27.0937,77.66003,216.9
Fatehpur,India,27.99486,74.95628,327.5
Fatehpur,India,27.17281,81.21061,126.9
Fatehpur,India,25.92774,80.81266,117.7
Fatehgarh Chūriān,India,31.86431,74.95665,244.9
Fatehganj West,India,28.4662,79.30657,170.3
Fatehābād,India,29.51525,75.45554,213.1
Fatehābād,India,27.02645,78.3027,168.4
Farrukhnagar,India,17.07787,78.20339,642.7
Farrukhābād,India,27.39134,79.5793,156.7
Farīdpur,India,28.20997,79.54149,170.3
Farīdkot,India,30.67399,74.75579,210.1
Farīdābād,India,28.41124,77.31316,202.8
Farakka,India,24.81667,87.9,23.5
Fālākāta,India,26.51963,89.20423,63.7
Faizpur,India,21.16613,75.85862,221.9
Fyzābād,India,26.77549,82.15018,101.6
Etāwah,India,26.7778,79.02159,155.1
Erraguntla,India,14.63853,78.53974,168.8
Erode,India,11.3428,77.72741,167.8
Erāttupetta,India,9.7,76.78333,78.8
Erandol,India,20.92206,75.32641,224.5
Emmiganūr,India,15.77203,77.48345,375.5
Ellore,India,16.71311,81.10437,17.9
Elūr,India,10.06667,76.28333,5.9
Ellenabad,India,29.45282,74.66122,197.6
Elamanchili,India,17.54907,82.85749,15.0
Egra,India,21.89947,87.53794,10.4
Dwārka,India,22.23944,68.96778,13.4
Durgāpur,India,23.49957,87.32155,73.6
Durgāpur,India,20.0054,79.30273,202.4
Durg,India,21.19147,81.27619,297.1
Dūngarpur,India,23.84306,73.71466,294.1
Ganj Dundwāra,India,27.73308,78.94119,173.7
Dumraon,India,25.55265,84.15149,73.9
Dumra,India,26.56708,85.5204,60.9
Dumka,India,24.26778,87.24855,150.5
Dum Duma,India,27.56884,95.55664,129.3
Dam Dam,India,22.63341,88.42286,6.7
Duliāgaon,India,27.37227,95.30754,118.2
Dugda,India,23.74516,86.17175,209.2
Dubrājpur,India,23.7902,87.37648,99.2
Dornakal,India,17.44475,80.14905,151.5
Dorāha,India,30.79953,76.02355,263.3
Dongargarh,India,21.18893,80.75459,351.2
Dondaicha,India,21.3236,74.56804,164.1
Dombivli,India,19.21667,73.08333,13.2
Dod Ballāpur,India,13.29452,77.53777,901.7
Doda,India,33.14916,75.54746,1202.0
Diu,India,20.71405,70.98224,15.8
Dīsa,India,24.25612,72.17928,134.4
Diphu,India,25.84341,93.43116,193.5
Dīnhāta,India,26.13526,89.46129,39.2
Dindori,India,22.94141,81.07975,669.1
Dindigul,India,10.36896,77.98036,283.6
Dīnānagar,India,32.13664,75.47291,274.7
Dimāpur,India,25.91174,93.7217,150.5
Digras,India,20.1035,77.71846,340.1
Dīglūr,India,18.54829,77.57695,382.0
Dighwāra,India,25.74359,84.99865,54.5
Digboi,India,27.39321,95.61839,149.9
Dīg,India,27.47188,77.32564,177.1
Dīdwāna,India,27.40096,74.57537,351.1
Dicholi,India,15.59319,73.94571,9.1
Dibrugarh,India,27.47989,94.90837,108.3
Dibai,India,28.20849,78.26173,196.6
Diamond Harbour,India,22.19303,88.18466,8.7
Dhūri,India,30.36846,75.86791,243.7
Dhupgāri,India,26.58904,89.00732,82.1
Dhuliān,India,24.68333,87.96667,14.0
Dhūlia,India,20.9013,74.77737,267.4
Dhuburi,India,26.01856,89.98564,36.8
Dhrol,India,22.567,70.41769,32.6
Dhrāngadhra,India,22.99167,71.46793,52.9
Dhorāji,India,21.73359,70.45004,61.0
Dhone,India,15.3952,77.8715,421.2
Dholka,India,22.72732,72.44128,25.8
Dhing,India,26.46793,92.47336,64.2
Dhenkānāl,India,20.65744,85.59693,71.9
Dhekiajuli,India,26.70367,92.47808,77.4
Dhaurahra,India,27.99814,81.08975,136.5
Dhaulpur,India,26.69286,77.87968,177.3
Dhārūr,India,18.82017,76.10937,734.9
Dhāruhera,India,28.20553,76.79691,252.3
Dharmsāla,India,32.22006,76.32013,1343.0
Dharmavaram,India,14.41435,77.72035,368.2
Dharmapuri,India,12.1277,78.15794,467.9
Dharmanagar,India,24.36667,92.16667,24.0
Dharmadam,India,11.77538,75.46459,10.6
Dharmābād,India,18.89116,77.8494,357.2
Dhāriwāl,India,31.95616,75.32386,263.4
Dhāri,India,21.32855,71.02645,212.3
Dharapuram,India,10.73828,77.53223,246.4
Dharangaon,India,21.01187,75.27407,216.3
Dharampur,India,20.53693,73.17368,78.6
Dhār,India,22.59373,75.29774,560.0
Dhanera,India,24.50967,72.02343,136.8
Dhandhuka,India,22.38185,71.98664,27.3
Dhanbād,India,23.80199,86.44324,249.3
Dhanaura,India,28.95912,78.25629,221.6
Dhanaula,India,30.28216,75.57341,231.2
Dhamtari,India,20.70718,81.54874,327.5
Dhāmpur,India,29.30883,78.51083,237.1
Dhāmnod,India,22.20928,75.47057,177.8
Dhāka,India,26.67479,85.16698,69.4
Dewas,India,22.96585,76.05526,546.1
Deoli,India,25.75728,75.37991,338.8
Devgarh,India,25.52533,73.90812,640.6
Devgadh Bāriya,India,22.70517,73.90882,201.0
Devarkonda,India,16.69186,78.92073,280.2
Devanhalli,India,13.24655,77.71183,901.5
Devakottai,India,9.94704,78.8233,52.7
Deūlgaon Rāja,India,20.01757,76.03755,565.7
Deshnoke,India,27.79836,73.34297,274.8
Depālpur,India,22.85095,75.54224,533.9
Deori Khās,India,23.39017,79.0163,431.8
Deoria,India,26.50167,83.77936,76.8
Deoraniān,India,28.62989,79.47648,186.6
Deoli,India,20.6492,78.48023,256.0
Deolāli,India,19.94404,73.83441,566.3
Deogarh,India,21.53768,84.73372,213.8
Deoband,India,29.69505,77.67964,264.1
Denkanikota,India,12.5301,77.78887,882.5
Delhi,India,28.65195,77.23149,227.6
Dehri,India,24.90247,84.18217,114.8
Dehra Dūn,India,30.32443,78.03392,661.4
Dausa,India,26.89,76.33584,350.0
Daund,India,18.46515,74.58375,516.4
Daudnagar,India,25.03473,84.40095,97.0
Dattāpur,India,20.78075,78.1407,297.3
Datia,India,25.67312,78.45908,246.5
Dātāganj,India,28.0253,79.40819,156.6
Dasūya,India,31.81679,75.6531,263.4
Dāsna,India,28.67736,77.52252,220.2
Daryāpur,India,20.92489,77.32644,286.5
Dārwha,India,20.31017,77.77257,336.8
Dārjiling,India,27.03333,88.26667,2090.6
Darbhanga,India,26.15216,85.89707,53.5
Dandeli,India,15.26667,74.61667,473.8
Dānāpur,India,25.6368,85.04586,54.4
Damoh,India,23.83312,79.4419,378.2
Dāmnagar,India,21.69232,71.51747,92.9
Daman,India,20.41431,72.83236,13.1
Daltonganj,India,24.03971,84.0658,225.6
Dalsingh Sarai,India,25.66795,85.83636,48.8
Dalkola,India,25.87577,87.84009,41.8
Dākor,India,22.75268,73.14967,58.9
Dohad,India,22.83283,74.25986,310.6
Dahegām,India,23.16903,72.82161,77.6
Dāhānu,India,19.96778,72.71263,6.4
Dādri,India,28.55257,77.55403,215.1
Dabwāli,India,29.94906,74.73832,195.1
Dabra,India,25.88572,78.33221,211.4
Daboh,India,26.00239,78.87658,164.5
Dabhoi,India,22.18333,73.43333,43.6
Cuttack,India,20.46497,85.87927,25.5
Curchorem,India,15.26349,74.10875,13.5
Cuncolim,India,15.1773,73.99392,6.7
Cumbum,India,15.58302,79.10981,195.1
Cuddapah,India,14.4775,78.82353,137.7
Cuddalore,India,11.74629,79.76436,6.7
Coondapoor,India,13.63126,74.6902,16.3
Colonelganj,India,27.13432,81.69868,110.6
Colgong,India,25.26629,87.23327,47.6
Calangute,India,15.5439,73.7553,5.3
Coimbatore,India,11.00555,76.96612,423.2
Cochin,India,9.93988,76.26022,5.2
Clement Town,India,30.26361,78.00862,599.9
Chūru,India,28.30415,74.96718,292.0
Churāchāndpur,India,24.33353,93.66999,937.5
Chunār,India,25.12776,82.8821,81.2
Chotila,India,22.42347,71.19641,207.8
Chopda,India,21.24578,75.29946,188.6
Chodavaram,India,17.82884,82.93526,45.1
Rampachodavaram,India,17.44088,81.77558,179.8
Chittūr,India,10.69967,76.7471,129.3
Chittaurgarh,India,24.88963,74.62403,405.3
Chittaranjan,India,23.85681,86.90324,153.3
Chitradurga,India,14.22262,76.40038,741.9
Chītāpur,India,17.12357,77.0824,408.8
Chidawa,India,28.23937,75.64035,314.5
Chīrāla,India,15.82385,80.35219,9.7
Chīpurupalle,India,18.31142,83.56846,102.4
Chiplūn,India,17.53339,73.50935,9.5
Chintāmani,India,13.40181,78.05448,888.8
Chinna Salem,India,11.63325,78.87223,140.2
Chinnamanūr,India,9.83999,77.38109,365.7
Chincholi,India,17.46508,77.41874,461.8
Chillupār,India,26.28221,83.5064,78.7
Chilakalūrupet,India,16.08987,80.16705,32.6
Chikodi,India,16.42898,74.58591,639.0
Chiknāyakanhalli,India,13.41609,76.62063,804.6
Chikmagalūr,India,13.32231,75.774,1038.9
Chikhli,India,20.35046,76.25774,599.0
Chik Ballāpur,India,13.43512,77.72787,919.4
Chidambaram,India,11.39907,79.69113,13.4
Chicholi,India,21.46926,79.70151,291.7
Chhoti Sādri,India,24.38145,74.7012,495.8
Chhota Udepur,India,22.30401,74.0158,148.2
Chhindwāra,India,22.05697,78.93958,686.5
Chhibrāmau,India,27.14872,79.50078,150.2
Chhatarpur,India,24.9177,79.58871,310.8
Chhātāpur,India,26.22268,87.00346,64.5
Chhāta,India,27.72374,77.5081,197.3
Chharra,India,27.9247,78.40102,185.2
Chhaprauli,India,29.20989,77.17454,231.0
Chāpra,India,25.78031,84.74709,61.8
Chhāpar,India,27.819,74.43936,310.8
Chhala,India,23.30779,72.77404,95.8
Chhabra,India,24.66472,76.84379,334.1
Chettipālaiyam,India,10.91209,77.03762,400.6
Chetput,India,13.07,80.24083,11.2
Chennimalai,India,11.16394,77.60414,262.3
Chengannūr,India,9.31575,76.61513,9.4
Chengam,India,12.30889,78.79137,274.7
Chengalpattu,India,12.69274,79.9773,51.8
Chāvakkād,India,10.53333,76.05,1.1
Chaksu,India,26.6051,75.94814,306.9
Chatrapur,India,19.35574,84.98359,34.6
Chatra,India,24.20376,84.87032,436.2
Chās,India,23.63556,86.16712,215.6
Charthāwal,India,29.54687,77.59438,252.8
Charkhi Dādri,India,28.59166,76.27161,222.0
Charkhāri,India,25.40304,79.74877,194.1
Chāpar,India,26.27266,90.44556,37.8
Channarāyapatna,India,12.90642,76.38775,848.0
Channapatna,India,12.65481,77.20495,677.6
Channagiri,India,14.02399,75.92577,686.3
Changanācheri,India,9.44203,76.53604,13.0
Chāndor,India,20.3306,74.24467,731.7
Chāndūr Bāzār,India,21.23853,77.74713,376.6
Chāndūr,India,20.81408,77.98015,332.7
Chāndur,India,19.73437,79.17089,246.5
Chānda,India,19.95076,79.29523,186.5
Chandrakona,India,22.73333,87.51667,35.7
Chāndpur,India,29.13489,78.27187,228.9
Chandigarh,India,30.73629,76.7884,348.0
Chanderi,India,24.71312,78.13809,455.2
Chanduasi,India,28.45178,78.78277,193.8
Chandauli,India,25.25803,83.26825,80.3
Chandannagar,India,22.86225,88.36796,11.6
Chānasma,India,23.71472,72.11279,72.4
Chamrajnagar,India,11.92312,76.93949,714.6
Chāmpa,India,22.03532,82.64234,253.1
Chamba,India,32.55531,76.12647,956.8
Challapalle,India,16.11756,80.93139,5.6
Challakere,India,14.318,76.65165,584.7
Chālisgaon,India,20.45781,75.01596,343.1
Chalāla,India,21.41073,71.16621,135.1
Chakradharpur,India,22.67626,85.62906,228.6
Chaklāsi,India,22.6532,72.94497,44.9
Chākia,India,26.41598,85.04665,64.5
Chākan,India,18.76059,73.86351,615.9
Chāībāsa,India,22.54825,85.80458,232.5
Canning,India,22.31453,88.66248,3.9
Cannanore,India,11.86752,75.35763,12.1
Kolkata,India,22.56263,88.36304,8.2
Byādgi,India,14.67325,75.4868,610.6
Buxar,India,25.57548,83.98043,66.2
Burla,India,21.50976,83.87259,164.1
Burhar,India,23.21494,81.53204,485.8
Burhānpur,India,21.30868,76.23026,249.4
Būndu,India,23.16139,85.58925,323.9
Būndi,India,25.43855,75.63735,274.0
Buldāna,India,20.52933,76.18457,648.1
Bulandshahr,India,28.40392,77.85773,208.4
Budhlāda,India,29.92799,75.56205,225.4
Budhāna,India,29.28805,77.47534,245.2
Budaun,India,28.03811,79.12668,175.8
Brājarājnagar,India,21.81667,83.91667,217.0
Brahmapur,India,19.31151,84.7929,36.7
Botād,India,22.16917,71.66671,86.6
Borsad,India,22.40788,72.89817,39.6
Borivli,India,19.23496,72.85976,22.6
Bongaigaon,India,26.47703,90.55815,63.0
Mumbai,India,19.07283,72.88261,8.9
Bolpur,India,23.66278,87.69695,58.0
Bokāro,India,23.78732,85.95622,241.6
Bokajān,India,26.02131,93.77945,133.5
Boisar,India,19.80362,72.75598,18.3
Bodināyakkanūr,India,10.01171,77.34976,351.1
Bodh Gaya,India,24.69794,84.99213,129.2
Bodhan,India,18.66208,77.88581,371.8
Bobbili,India,18.57366,83.35925,135.7
Biswān,India,27.49581,80.99618,134.4
Bissāu,India,28.24737,75.07666,299.4
Bishnupur,India,23.0738,87.31991,66.1
Bisauli,India,28.30772,78.93678,182.5
Bīsalpur,India,28.29253,79.80472,170.4
Birūr,India,13.59723,75.97167,794.6
Bīrpur,India,26.50823,87.01194,75.1
Birmitrapur,India,22.4,84.76667,253.7
Binka,India,21.02626,83.81197,128.0
Bindki,India,26.03613,80.57617,121.3
Etāwa,India,24.18351,78.20289,417.1
Bilthra,India,26.12705,83.89148,69.6
Bilsi,India,28.12941,78.9109,176.6
Bilsanda,India,28.24341,79.95135,171.9
Bilimora,India,20.76957,72.96134,13.5
Bilhaur,India,26.84345,80.06388,136.6
Bilgrām,India,27.17503,80.03172,145.8
Bilgi,India,16.34714,75.61804,565.9
Bīlāspur,India,28.88655,79.2703,195.3
Bilāspur,India,22.08005,82.15543,265.7
Bilāsipāra,India,26.23285,90.2341,32.4
Bilāri,India,28.62146,78.80361,196.6
Bilāra,India,26.18067,73.7055,279.8
Bikramganj,India,25.21073,84.25508,90.3
Bīkaner,India,28.01762,73.31495,230.3
Bijnor,India,29.373,78.13636,238.6
Bijbiāra,India,33.79378,75.107,1604.5
Bijāwar,India,24.62351,79.48994,359.4
Bijapur,India,16.82442,75.71537,598.8
Bihār,India,25.20084,85.52389,65.6
Bihārīganj,India,25.73415,86.98837,44.1
Bidhūna,India,26.80172,79.50829,147.8
Bīdar,India,17.91331,77.53011,674.7
Biaora,India,23.86667,76.91667,431.6
Bhuvanagiri,India,11.44154,79.64568,10.2
Bhusāwal,India,21.04658,75.78175,209.2
Bhūm,India,18.45908,75.65877,590.8
Bhuj,India,23.25397,69.66928,104.8
Bhudgaon,India,16.90742,74.59954,565.9
Bhubaneshwar,India,20.27241,85.83385,58.0
Bhuban,India,20.88197,85.83334,40.7
Bhor,India,18.14861,73.84336,612.1
Bhopal,India,23.25469,77.40289,522.4
Bhongīr,India,17.51544,78.88563,436.8
Bhongaon,India,27.25515,79.18118,160.4
Bhogpur,India,31.55442,75.64271,245.7
Bhiwāni,India,28.79304,76.13968,224.0
Bhiwandi,India,19.30023,73.05881,9.0
Bhitarwār,India,25.79216,78.11085,242.4
Bhīnmāl,India,24.99944,72.27141,158.4
Bhinga,India,27.70283,81.9343,120.5
Bhindār,India,24.50235,74.18551,500.3
Bhind,India,26.56671,78.78728,154.5
Bhīmunipatnam,India,17.89017,83.45203,17.3
Bhīmavaram,India,16.54078,81.52322,7.5
Bhīlwāra,India,25.34707,74.64081,422.9
Bhilai,India,21.20919,81.4285,304.2
Bhīkhi,India,30.05918,75.535,226.7
Bhikangaon,India,21.86694,75.96561,276.5
Bhāyāvadar,India,21.85523,70.24791,82.3
Bhayandar,India,19.30157,72.85107,11.3
Bhawānipatna,India,19.90717,83.16697,262.2
Bhawānīgarh,India,30.26685,76.03854,243.6
Bhawāniganj,India,24.41582,75.83552,380.8
Bhāvnagar,India,21.77445,72.1525,21.7
Bhavāni,India,11.44713,77.68424,170.5
Bhattiprolu,India,16.1026,80.78074,6.6
Bhātpāra,India,22.86643,88.40113,13.0
Bhatkal,India,13.98194,74.55498,8.0
Bhatinda,India,30.20747,74.93893,212.7
Bhātāpāra,India,21.735,81.94711,274.9
Bhasāwar,India,27.03895,77.04849,219.7
Bharwāri,India,25.56078,81.49164,107.2
Bharūch,India,21.69482,72.9805,12.1
Bharthana,India,26.75367,79.22263,151.9
Bharatpur,India,27.21731,77.49009,179.3
Bhānvad,India,21.93053,69.78081,52.9
Bhānpurī,India,21.0919,80.93218,308.7
Bhānpura,India,24.513,75.7469,398.0
Bhanjanagar,India,19.92719,84.58201,77.7
Bhānder,India,25.73581,78.74555,184.4
Bhandāra,India,21.16817,79.64885,258.6
Bhālki,India,18.04348,77.206,581.8
Bhaisa,India,19.11285,77.96336,368.0
Bhainsdehi,India,21.64491,77.63023,768.1
Bhāgalpur,India,25.24446,86.97183,52.4
Bhadreswar,India,22.82449,88.33841,5.7
Bhadrāvati,India,13.84846,75.70502,589.3
Bhadrakh,India,21.05447,86.5156,17.2
Bhadrāchalam,India,17.66846,80.88887,62.3
Bhādra,India,29.10298,75.17138,200.4
Bhadohi,India,25.39526,82.5703,92.4
Bhadaur,India,30.47651,75.33049,230.0
Bhādāsar,India,28.31457,74.28952,248.2
Bhachāu,India,23.29858,70.34279,49.8
Bhabhua,India,25.04049,83.60749,85.0
Beypore,India,11.17151,75.80611,9.8
Bewar,India,27.21869,79.29761,158.6
Betūl,India,21.90056,77.90229,645.3
Bettiah,India,26.80229,84.50311,78.4
Betamcherla,India,15.45185,78.14611,420.4
Beri Khās,India,28.70146,76.57708,223.9
Berasia,India,23.63134,77.43351,485.9
Beohāri,India,24.02423,81.37831,386.9
Bemetāra,India,21.71556,81.53423,291.5
Belūr,India,13.16558,75.86519,971.2
Belsand,India,26.44365,85.40076,60.6
Belonia,India,23.25178,91.45407,14.5
Bellary,India,15.14205,76.92398,453.3
Belgaum,India,15.85212,74.50447,757.8
Beldānga,India,23.93428,88.26018,17.0
Bela,India,25.92058,81.99629,96.0
Behror,India,27.88832,76.28108,326.1
Behat,India,30.1718,77.6139,306.3
Begusarai,India,25.41853,86.13389,46.6
Begūn,India,24.98333,75,419.8
Begamganj,India,23.59917,78.34064,511.9
Bedi,India,22.50143,70.04363,7.5
Beāwar,India,26.10119,74.32028,453.7
Bāzpur,India,29.15299,79.10814,222.3
Bayāna,India,26.90791,77.28985,208.5
Bawāna,India,28.7982,77.03431,225.0
Bauda,India,20.83333,84.31667,89.9
Batāla,India,31.80921,75.20294,260.9
Baswa,India,27.14955,76.58345,300.4
Bāsudebpur,India,21.11974,86.72896,7.4
Bastī,India,26.78817,82.71617,91.2
Bāsoda,India,23.85153,77.93652,412.8
Basni,India,27.17232,73.64519,306.7
Basmat,India,19.32872,77.15746,394.7
Basi,India,30.6885,76.40111,272.6
Basi,India,30.58813,76.84498,308.7
Basi,India,26.8315,76.04856,361.8
Basavana Bāgevādi,India,16.57278,75.97252,615.0
Basavakalyān,India,17.87445,76.94972,625.7
Barwāni,India,22.03232,74.89982,183.8
Barwāla,India,29.36747,75.90809,224.5
Bāruni,India,25.47509,85.96813,46.5
Bāruipur,India,22.35253,88.43882,9.6
Bārsi,India,18.23454,75.69275,518.1
Barpeta,India,26.32293,91.00632,41.3
Barpāli,India,21.19005,83.58721,181.9
Barnāla,India,30.37451,75.5487,234.8
Bārmer,India,25.74572,71.39211,204.8
Barki Saria,India,24.17543,85.89077,328.7
Barka Kāna,India,23.62199,85.46714,349.8
Barjala,India,23.6182,91.35596,33.6
Bari Sādri,India,24.41339,74.47331,498.9
Bāri,India,26.64661,77.61634,211.3
Barhiya,India,25.28814,86.02055,48.3
Bārh,India,25.48438,85.71027,52.1
Bargi,India,22.99138,79.8755,402.5
Bargarh,India,21.33348,83.61905,175.4
Bareilly,India,28.34702,79.42193,176.5
Bārdoli,India,21.12297,73.11151,30.7
Barddhamān,India,23.25572,87.85691,31.0
Bar Bigha,India,25.21855,85.7332,55.4
Baraut,India,29.10199,77.26334,230.6
Barauli,India,26.38109,84.58648,71.8
Bārāsat,India,22.72154,88.48198,13.3
Bārāsat,India,22.22516,88.45086,4.9
Baranagar,India,22.64132,88.37727,9.0
Bārān,India,25.1,76.51667,273.9
Bāramūla,India,34.209,74.34285,1583.5
Bārāmati,India,18.15174,74.57767,552.8
Bārākpur,India,22.76602,88.36336,8.3
Bāpatla,India,15.90422,80.46743,9.4
Banūr,India,30.55407,76.71948,289.0
Bantvāl,India,12.8905,75.03489,22.3
Bāntva,India,21.48815,70.07576,23.0
Bānswāra,India,23.54109,74.4425,227.6
Bānswāda,India,18.37725,77.88007,385.7
Bānsi,India,27.17749,82.93442,89.2
Bānsdīh,India,25.88377,84.21827,68.2
Bānsbāria,India,22.95387,88.40098,13.7
Bannūr,India,12.33295,76.86201,673.4
Banmankhi,India,25.88667,87.19491,46.5
Bānkura,India,23.23241,87.0716,97.3
Bānki,India,20.37912,85.52953,37.7
Bānka,India,24.88091,86.92257,86.7
Bāngarmau,India,26.8912,80.21149,132.5
Bangārapet,India,12.99199,78.17925,822.7
Bangaon,India,25.86728,86.51152,46.7
Bangaon,India,23.04553,88.83084,10.2
Banganapalle,India,15.31691,78.22701,227.2
Bengaluru,India,12.97194,77.59369,905.9
Banga,India,31.18874,75.99495,256.5
Bandipura,India,34.41728,74.64308,1604.4
Bāndīkūi,India,27.05087,76.57325,284.4
Bānda,India,25.47758,80.33491,125.5
Banda,India,24.04488,78.96094,473.9
Banat,India,29.46355,77.35478,248.4
Bānapur,India,19.77889,85.17033,19.5
Bāmor Kalān,India,24.89298,78.15105,362.3
Bālurghāt,India,25.22099,88.77732,26.2
Bālugaon,India,20.17811,85.11225,76.7
Balrāmpur,India,27.42949,82.18545,108.7
Bālotra,India,25.83242,72.24,115.9
Baloda Bāzār,India,21.65678,82.16062,257.9
Balod,India,20.73081,81.20578,327.8
Bāli,India,22.64859,88.34115,9.6
Ballālpur,India,19.84696,79.34578,187.9
Bāli,India,25.19725,73.29117,298.8
Balasore,India,21.49266,86.93348,18.1
Balarāmpur,India,23.09714,86.22292,278.8
Bālāpur,India,20.66612,76.77386,279.0
Balāngīr,India,20.70419,83.49029,184.9
Bālāghāt,India,21.8156,80.18845,315.6
Bālāchor,India,31.06062,76.30166,275.8
Bakhtiyārpur,India,25.45931,85.53301,52.5
Baj Baj,India,22.47514,88.17767,4.7
Bairāgnia,India,26.74063,85.27323,76.6
Byndoor,India,13.86667,74.63333,5.8
Bail Hongal,India,15.81619,74.85752,678.3
Baihar,India,22.10133,80.54967,551.8
Baidyabāti,India,22.78498,88.32586,9.0
Bahraigh,India,27.57429,81.59474,127.3
Bahjoi,India,28.39502,78.62659,192.5
Baheri,India,28.77416,79.4974,195.3
Baharampur,India,24.10473,88.25155,23.6
Bahādurgarh,India,28.69287,76.93555,214.6
Bahādurganj,India,26.2594,87.82096,57.4
Bāh,India,26.86912,78.59385,161.1
Bagulā,India,23.33664,88.64109,12.7
Bāghpat,India,28.94485,77.21865,225.9
Bāghdogra,India,26.69929,88.31177,145.2
Bāgha Purāna,India,30.68809,75.09838,221.9
Bāgepalli,India,13.78338,77.79667,728.9
Bagasra,India,21.48719,70.95516,152.3
Bagar,India,28.18784,75.50012,327.4
Bagalkot,India,16.18673,75.69614,531.2
Bagaha,India,27.09918,84.09003,92.4
Bagaha,India,24.52898,85.06019,153.9
Badvel,India,14.73959,79.06201,136.5
Badūria,India,22.74431,88.78655,3.7
Badnāwar,India,23.02181,75.23268,515.4
Badlapur,India,19.15516,73.26553,24.9
Bādāmi,India,15.91495,75.67683,555.9
Badagara,India,11.59776,75.58142,6.5
Bada Barabīl,India,22.11186,85.38684,465.5
Bachhraon,India,28.92694,78.23456,213.7
Babrāla,India,28.26419,78.4056,186.4
Bābra,India,21.84577,71.30544,161.6
Babīna,India,25.23947,78.47028,290.6
Baberu,India,25.54711,80.70443,128.6
Bābai,India,22.70256,77.93494,322.3
Azamgarh,India,26.06832,83.18358,85.2
Ajodhya,India,26.79909,82.2047,99.3
Ayakudi,India,10.44992,77.55198,333.5
Avanigadda,India,16.02148,80.91808,8.6
Avinashi,India,11.19297,77.26865,327.0
Āvadi,India,13.1147,80.10981,29.1
Ausa,India,18.24728,76.4993,636.1
Aurangābād,India,24.75204,84.3742,115.5
Aurangabad,India,19.87757,75.34226,587.5
Auraiya,India,26.46517,79.50918,143.7
Aurād,India,18.25397,77.41761,542.6
Attur,India,11.59414,78.60143,216.4
Attingal,India,8.69282,76.81518,26.1
Attili,India,16.7,81.6,5.9
Atraulī,India,28.02964,78.28571,191.5
Atmakūr,India,15.88109,78.58704,292.3
Adirampattinam,India,10.34059,79.37905,9.2
Athni,India,16.72613,75.06421,573.0
Āthagarh,India,20.51999,85.62965,48.9
Atarra,India,25.28618,80.57155,137.6
Āsind,India,25.7342,74.33278,480.1
Āsika,India,19.61114,84.65998,43.4
Asifābād,India,19.35851,79.28415,210.5
Ashta,India,23.01754,76.72208,500.0
Ashta,India,16.94943,74.40936,572.6
Ashoknagar,India,24.57578,77.73123,507.6
Āsansol,India,23.68333,86.98333,117.5
Āsandh,India,29.52119,76.60552,240.3
Ārvi,India,20.99585,78.22914,306.1
Aruppukkottai,India,9.50842,78.09449,100.2
Arumuganeri,India,8.5688,78.09091,6.4
Arukutti,India,9.86667,76.35,5.8
Arsikere,India,13.31446,76.25704,805.8
Āron,India,24.38109,77.41739,527.8
Arkalgūd,India,12.76171,76.06035,924.5
Ariyalūr,India,11.13849,79.07556,77.2
Arcot,India,12.90569,79.31897,173.4
Arāria,India,26.14845,87.51404,50.6
Arantāngi,India,10.17235,78.99118,52.6
Ārani,India,12.66987,79.28555,150.4
Ārangaon,India,18.67458,75.17976,560.9
Arang,India,21.19639,81.96912,279.7
Arāmbāgh,India,22.88333,87.78333,22.0
Arakkonam,India,13.08449,79.67053,90.5
Arrah,India,25.55629,84.66335,61.9
Aonla,India,28.27402,79.16521,175.4
Anūpshahr,India,28.35748,78.26914,197.5
Anūppur,India,23.10344,81.69083,502.1
Anūpgarh,India,29.19111,73.20861,158.0
Anta,India,25.15,76.3,252.9
Anshing,India,20.0409,77.31501,547.0
Annur,India,11.23616,77.10514,372.0
Annigeri,India,15.42513,75.4335,625.1
Ankleshwar,India,21.63236,72.99001,20.7
Anjār,India,23.11316,70.02671,66.9
Anjangaon,India,21.16516,77.3091,343.3
Anjad,India,22.04171,75.05519,163.1
Angul,India,20.84089,85.10192,122.6
Angamāli,India,10.2,76.4,8.5
Anekal,India,12.7111,77.69557,925.6
Andol,India,17.81458,78.07713,498.3
Anthiyur,India,11.57506,77.59043,221.7
Āndippatti,India,9.99854,77.62122,289.5
Anantnag,India,33.73068,75.15418,1604.5
Anantapur,India,14.67784,77.60813,348.4
Anandpur,India,31.23926,76.50253,316.6
Ānand,India,22.55251,72.9552,44.9
Anakāpalle,India,17.69134,83.00395,31.0
Anaimalai,India,10.58226,76.9347,257.6
Amudālavalasa,India,18.41025,83.90295,35.8
Āmta,India,22.58344,88.01039,5.5
Amroli,India,21.25084,72.83878,15.0
Amroha,India,28.90314,78.46984,216.5
Amritsar,India,31.62234,74.87534,244.8
Amreli,India,21.59983,71.21169,123.2
Amrāvati,India,20.93333,77.75,342.0
Amod,India,21.99317,72.87047,13.5
Āmli,India,20.28333,73.01667,39.2
Āmlāgora,India,22.84616,87.33559,54.4
Amla,India,21.92485,78.12786,743.8
Amet,India,25.30609,73.9258,584.3
Ambur,India,12.79163,78.71644,319.3
Ambikāpur,India,23.11892,83.19537,603.4
Ambattūr,India,13.09818,80.16152,17.5
Ambasamudram,India,8.71068,77.4519,66.8
Ambāla,India,30.36099,76.79782,272.7
Ambājogāi,India,18.73312,76.38616,630.8
Ambāh,India,26.70423,78.22678,171.0
Ambad,India,19.61301,75.78906,508.3
Amarpur,India,25.03967,86.90247,62.9
Amarpātan,India,24.31371,80.97703,357.9
Amarnāth,India,19.2,73.16667,46.1
Amalner,India,21.03983,75.05887,187.0
Amalāpuram,India,16.57868,82.00609,9.4
Aluva,India,10.10468,76.3565,28.1
Alwar,India,27.56246,76.625,271.3
Alot,India,23.76336,75.55662,451.7
Along,India,28.16951,94.8006,269.7
Alnāvar,India,15.42727,74.74111,572.7
Almora,India,29.59713,79.65911,1589.2
Alleppey,India,9.49004,76.3264,5.8
Allahābād,India,25.44478,81.84322,95.0
Alīpur,India,28.79862,77.13314,214.2
Alīgarh,India,27.88145,78.07464,189.3
Alīganj,India,27.49358,79.17127,163.8
Alībāg,India,18.64813,72.87579,5.4
Ālangulam,India,8.86404,77.49937,123.5
Ālangāyam,India,12.62239,78.75158,502.9
Alandur,India,13.0025,80.20611,15.0
Alandi,India,18.67756,73.89868,571.6
Aland,India,17.56425,76.56854,495.0
Akot,India,21.0963,77.0588,307.2
Akola,India,20.70957,76.9981,286.3
Aklera,India,24.41288,76.56719,322.1
Akivīdu,India,16.58225,81.38112,6.4
Akbarpur,India,26.42953,82.53431,90.4
Akbarpur,India,26.38371,79.94926,134.4
Akaltara,India,22.02463,82.42641,283.7
Akalkot,India,17.52532,76.20611,465.4
Ajra,India,16.11601,74.21097,660.0
Ajnāla,India,31.84473,74.76295,234.0
Ajmer,India,26.4521,74.63867,481.3
Aizawl,India,23.72894,92.71791,1071.1
Ahraura,India,25.01579,83.03294,104.7
Ahmadpur,India,18.70622,76.93731,525.8
Ahmadnagar,India,19.09457,74.73843,658.7
Ahmedabad,India,23.02579,72.58727,58.3
Āgra,India,27.18333,78.01667,168.8
Agartala,India,23.83605,91.27939,10.0
Agar,India,23.71177,76.01571,520.8
Afzalpur,India,17.19986,76.36018,419.0
Afzalgarh,India,29.3937,78.67393,234.4
Adūr,India,9.16667,76.73333,40.5
Adra,India,23.49668,86.68363,188.6
Ādoni,India,15.62788,77.27495,429.4
Ādilābād,India,19.67203,78.5359,257.4
Addanki,India,15.80994,79.97311,38.7
Achhnera,India,27.17826,77.75674,174.3
Achalpur,India,21.25665,77.51006,375.3
Ābu Road,India,24.48012,72.78186,266.4
Ābu,India,24.59365,72.71756,1179.7
Abohar,India,30.14453,74.19552,188.8
Abhayāpuri,India,26.32255,90.68526,38.2
Contai,India,21.77985,87.74892,10.3
Haldia,India,22.06046,88.10975,5.0
Srirāmpur,India,22.94849,88.01954,17.3
Dumjor,India,22.61993,88.24566,3.8
Bankra,India,22.60291,88.27751,5.0
Chakapara,India,22.63222,88.34861,8.3
Mahiari,India,22.58826,88.23544,6.9
Dhulagari,India,22.58213,88.171,7.7
Pānchla,India,22.53665,88.13785,5.6
Nangi,India,22.50833,88.21528,4.0
Pujali,India,22.4711,88.1453,7.3
Monoharpur,India,22.10833,88.07889,7.1
Nabagrām,India,22.28806,88.50917,4.6
Soyībug,India,34.07677,74.7057,1588.5
Singāpur,India,17.46982,78.12574,590.9
Ghatkesar,India,17.45081,78.68366,481.1
Vijayapura,India,13.29506,77.80228,889.3
Ādampur,India,31.43224,75.71484,248.1
Porur,India,13.03565,80.15821,19.0
Madipakkam,India,12.96226,80.19864,10.0
Perungudi,India,12.96095,80.24094,9.8
Madambakkam,India,12.8525,80.04667,34.1
Powai,India,19.1164,72.90471,50.0
Navi Mumbai,India,19.03681,73.01582,19.6
Murudeshwara,India,14.0943,74.4845,6.2
Shivaji Nagar,India,18.53017,73.85263,561.3
Greater Noida,India,28.49615,77.53601,207.0
Mohali,India,30.67995,76.72211,309.6
Pithampur,India,22.60197,75.69649,595.2
Barbil,India,21.65685,85.64349,452.6
Airoli,India,19.15096,72.99625,7.0
Aluva,India,10.10764,76.35158,15.1
Kotkapura,India,30.5819,74.83298,209.4
Muvattupuzha,India,9.97985,76.57381,33.8
Perumbavoor,India,10.10695,76.47366,8.7
Vapi,India,20.37175,72.90493,29.5
Baddi,India,30.95783,76.79136,424.7
Noida,India,28.58,77.33,206.4
Bhiwadi,India,28.21024,76.86056,270.8
Mandideep,India,23.08166,77.53328,448.4
Singrauli,India,24.19973,82.67535,379.7
Birpara,India,26.70421,89.14547,108.4
Jaigaon,India,26.84766,89.37558,195.5
Akkarampalle,India,13.65,79.42,173.0
Bellampalli,India,19.05577,79.493,206.2
Chemmumiahpet,India,15.89794,79.32129,130.9
Gaddi Annaram,India,17.36687,78.5242,489.5
Dasnapur,India,19.65399,78.51213,266.4
Kanuru,India,16.28584,81.25464,3.1
Lal Bahadur Nagar,India,17.34769,78.55757,509.8
Malkajgiri,India,17.44781,78.52633,535.0
Mandamarri,India,18.96506,79.47475,167.8
Chinnachowk,India,14.47516,78.8354,132.6
Kyathampalle,India,19.66781,78.5289,260.1
Gajuwaka,India,17.7,83.21667,13.8
Manuguru,India,17.98102,80.7547,87.9
Kalyandurg,India,14.54519,77.10552,593.7
Ponnur,India,16.07114,80.54944,10.1
Quthbullapur,India,17.50107,78.45818,552.7
Ramanayyapeta,India,16.94516,82.2385,5.2
Palwancha,India,17.58152,80.67651,85.7
Barpeta Road,India,26.50284,90.96937,48.5
Sathupalli,India,17.24968,80.86899,170.9
Yanamalakuduru,India,16.48531,80.66746,22.9
Marigaon,India,26.37957,92.34146,52.3
Naharlagun,India,27.10467,93.69518,158.5
Serilingampalle,India,17.49313,78.30196,557.9
Silapathar,India,26.20597,93.80951,124.6
Lumding Railway Colony,India,25.74903,93.16998,135.6
Aistala,India,23.18,88.58,11.8
Ashoknagar Kalyangarh,India,22.86416,88.63701,5.8
Bahula,India,23.65176,87.16475,100.5
Bhawanipur,India,26.45352,87.02744,71.6
Zira,India,30.96853,74.99106,216.0
Ramagundam,India,18.755,79.474,148.6
Cherpulassery,India,10.87655,76.30932,60.5
Kirandul,India,18.63649,81.25827,630.4
Shiraguppi,India,16.61875,74.70907,540.7
V.S.K.Valasai (Dindigul-Dist.),India,10.31549,78.15141,368.8
Neelankarai,India,12.9495,80.2592,8.7
Injambakkam,India,12.9162,80.2488,4.3
Kultali,India,21.9,88.4,2.4
Shahbazpur,India,26.30511,87.28865,60.1
Kumbalam,India,9.9063,76.31127,3.1
Aroor,India,9.8694,76.30498,6.9
Kadakkavoor,India,8.67921,76.76714,9.8
Kalavoor,India,9.57046,76.32756,6.6
Kalamassery,India,10.0614,76.32631,7.2
Cherthala,India,9.68444,76.33558,5.7
Zaxo,Iraq,37.14871,42.68591,437.0
Umm Qaşr,Iraq,30.0362,47.91951,11.7
Tozkhurmato,Iraq,34.88808,44.63256,230.4
Tikrīt,Iraq,34.61581,43.67861,114.3
Tallkayf,Iraq,36.49109,43.12026,282.3
Sīnah,Iraq,36.80752,43.03831,594.5
Sāmarrā’,Iraq,34.1959,43.88568,79.9
Nāḩīyat Saddat al Hindīyah,Iraq,32.71557,44.27857,32.6
Ruwāndiz,Iraq,36.61207,44.52372,796.7
Rāwah,Iraq,34.48229,41.91898,185.1
Al-Hamdaniya,Iraq,36.27093,43.37758,276.9
Mandalī,Iraq,33.7481,45.55503,127.3
Koysinceq,Iraq,36.08289,44.62873,602.2
Kifrī,Iraq,34.68963,44.96057,230.0
Kirkuk,Iraq,35.46806,44.39222,347.4
Karbala,Iraq,32.61603,44.02488,30.6
Erbil,Iraq,36.19257,44.01062,431.5
Hīt,Iraq,33.63664,42.82768,61.9
Ḩalabjah,Iraq,35.17778,45.98611,714.4
Ḩadīthah,Iraq,34.13477,42.37724,121.9
Dihok,Iraq,36.86709,42.98845,563.3
Jamjamāl,Iraq,35.53356,44.8343,712.4
Bayjī,Iraq,34.92915,43.48878,115.6
Baqubah,Iraq,33.74659,44.64366,49.7
Baynjiwayn,Iraq,35.62329,45.94714,1276.4
Balad,Iraq,34.01485,44.14574,54.1
Baghdad,Iraq,33.34058,44.40088,42.0
Az Zubayr,Iraq,30.39213,47.70175,12.4
Aş Şuwayrah,Iraq,32.92556,44.77583,29.5
As Sulaymānīyah,Iraq,35.56496,45.4329,847.7
As Samawah,Iraq,31.33198,45.2944,13.1
Nāḩiyat ash Shināfīyah,Iraq,31.58376,44.64675,18.9
Ash Shaţrah,Iraq,31.40906,46.1727,12.7
Ash Shāmīyah,Iraq,31.96257,44.60075,22.4
Ar Ruţbah,Iraq,33.03718,40.28586,617.3
Ar Rumaythah,Iraq,31.52845,45.20377,15.0
Ramadi,Iraq,33.42056,43.30778,51.1
‘Aqrah,Iraq,36.73322,43.87964,657.6
An Nāşirīyah,Iraq,31.05799,46.25726,5.8
Najaf,Iraq,32.02594,44.34625,43.5
‘Anat al Qadīmah,Iraq,34.46934,41.94223,172.8
Imam Qasim,Iraq,32.29799,44.68282,29.1
Al Musayyib,Iraq,32.77872,44.29005,36.3
Al Mishkhāb,Iraq,31.80437,44.4893,22.3
Al Miqdādīyah,Iraq,33.97861,44.93694,60.6
Al Mawşil al Jadīdah,Iraq,36.33306,43.1049,244.7
Mosul,Iraq,36.335,43.11889,229.9
Al Kūt,Iraq,32.5128,45.81817,19.7
Kufa,Iraq,32.05114,44.44017,22.0
Khāliş,Iraq,33.80809,44.53343,42.8
‘Alī al Gharbī,Iraq,32.46186,46.68794,15.4
Al Hindīyah,Iraq,32.54671,44.22765,31.8
Al Ḩillah,Iraq,32.46367,44.41963,28.0
Al Ḩayy,Iraq,32.17419,46.04345,17.1
Al Hārithah,Iraq,30.58481,47.76114,4.6
Nahiyat Ghammas,Iraq,31.74311,44.6196,18.3
Nāḩiyat al Fuhūd,Iraq,30.96972,46.72278,3.9
Al Fāw,Iraq,29.97421,48.47309,1.2
Al Fallūjah,Iraq,33.34913,43.78599,44.9
Al Başrah,Iraq,30.53302,47.79747,5.8
Al ‘Azīzīyah,Iraq,32.90941,45.06359,25.9
Al ‘Amārah,Iraq,31.83561,47.14483,8.9
‘Afak,Iraq,32.0643,45.24743,22.6
Ad Dujayl,Iraq,33.84667,44.23444,48.3
Ad Dīwānīyah,Iraq,31.99289,44.92552,25.0
Abū Ghurayb,Iraq,33.30563,44.18477,36.2
Al Başrah al Qadīmah,Iraq,30.50316,47.81507,8.3
Sinjār,Iraq,36.3209,41.87656,516.3
Āzādshahr,Iran,34.79049,48.57011,1857.2
Kahrīz,Iran,34.3838,47.0553,1304.0
Nūrābād,Iran,34.0734,47.9725,1795.1
Īstgāh-e Rāh Āhan-e Garmsār,Iran,35.23455,52.30942,848.8
Qarchak,Iran,35.42867,51.57544,965.5
Shahre Jadide Andisheh,Iran,35.6803,51.0193,1179.6
Khorramdarreh,Iran,36.20898,49.19152,1585.6
Yasuj,Iran,30.66824,51.58796,1839.7
Āzādshahr,Iran,37.08701,55.17397,127.0
Zarand,Iran,30.81271,56.56399,1657.3
Zanjān,Iran,36.6736,48.4787,1650.5
Yazd,Iran,31.89722,54.3675,1217.0
Varāmīn,Iran,35.3242,51.6457,919.9
Torbat-e Ḩeydarīyeh,Iran,35.27401,59.21949,1353.1
Tonekābon,Iran,36.81626,50.87376,-16.7
Tehran,Iran,35.69439,51.42151,1174.3
Hashtpar,Iran,37.8008,48.9037,49.8
Tākestān,Iran,36.0696,49.6959,1265.9
Takāb,Iran,36.4009,47.1133,1798.5
Taft,Iran,31.74384,54.20278,1551.1
Tabriz,Iran,38.08,46.2919,1401.7
Tabas,Iran,33.59586,56.92437,672.2
Sonqor,Iran,34.7837,47.6004,1710.8
Sirjan,Iran,29.45137,55.6809,1745.2
Shūshtar,Iran,32.04972,48.84843,48.2
Shūsh,Iran,32.1942,48.2436,69.7
Shīrvān,Iran,37.39669,57.92952,1096.0
Shiraz,Iran,29.61031,52.53113,1539.7
Shahr-e Kord,Iran,32.32556,50.86444,2066.6
Shahr-e Bābak,Iran,30.1165,55.1186,1848.3
Shādegān,Iran,30.64972,48.66472,10.6
Semnān,Iran,35.57691,53.39205,1148.2
Semīrom,Iran,31.41667,51.56667,2423.8
Sāveh,Iran,35.0213,50.3566,1009.6
Sari,Iran,36.56332,53.06009,43.5
Saqqez,Iran,36.24992,46.2735,1524.0
Sanandaj,Iran,35.31495,46.99883,1494.6
Salmās,Iran,38.1973,44.7653,1384.7
Shāhīn Dezh,Iran,36.6793,46.5669,1372.1
Sabzevar,Iran,36.2126,57.68191,976.7
Rūdsar,Iran,37.13761,50.288,-22.2
Robāţ Karīm,Iran,35.4846,51.0829,1041.0
Rāvar,Iran,31.26562,56.80545,1181.8
Rasht,Iran,37.28077,49.58319,1.2
Rāmshīr,Iran,30.8946,49.4092,26.1
Rāmhormoz,Iran,31.27997,49.60351,162.2
Rafsanjān,Iran,30.4067,55.9939,1515.2
Qūchān,Iran,37.106,58.50955,1314.6
Qorveh,Iran,35.1664,47.8045,1913.3
Qom,Iran,34.6401,50.8764,933.1
Qeshm,Iran,26.9492,56.2691,32.3
Qazvin,Iran,36.26877,50.0041,1298.1
Qarah Ẕīā’ od Dīn,Iran,38.8915,45.0255,1097.8
Farrokh Shahr,Iran,32.27174,50.98008,2110.3
Qā’en,Iran,33.72654,59.18439,1446.4
Sarpol-e Z̄ahāb,Iran,34.46109,45.86264,549.6
Pīshvā,Iran,35.308,51.7267,952.6
Piranshahr,Iran,36.701,45.1413,1451.8
Pāveh,Iran,35.0434,46.3565,1527.4
Pārsābād,Iran,39.6482,47.9174,50.6
Oshnavīyeh,Iran,37.0397,45.0983,1446.5
Orūmīyeh,Iran,37.55274,45.07605,1350.7
Omīdīyeh,Iran,30.75972,49.705,23.8
Nūrābād,Iran,30.11405,51.52174,952.7
Nowshahr,Iran,36.649,51.496,-19.2
Nīshābūr,Iran,36.21329,58.79575,1201.9
Neyrīz,Iran,29.1988,54.3278,1607.8
Nekā,Iran,36.65079,53.29905,52.5
Naz̧arābād,Iran,35.95411,50.60607,1201.0
Naqadeh,Iran,36.9553,45.388,1330.0
Nahāvand,Iran,34.1885,48.377,1683.0
Mīnāb,Iran,27.13104,57.08716,39.5
Mīāndoāb,Iran,36.96667,46.10961,1299.2
Meybod,Iran,32.25014,54.01658,1074.5
Mahrīz,Iran,31.58428,54.4428,1477.7
Masjed Soleymān,Iran,31.9364,49.3039,238.4
Bardsīr,Iran,29.92266,56.57433,2049.3
Mashhad,Iran,36.31559,59.56796,1005.8
Marand,Iran,38.4329,45.7749,1326.7
Malāyer,Iran,34.2969,48.8235,1758.0
Malārd,Iran,35.6659,50.9767,1163.1
Mahābād,Iran,36.7631,45.7222,1328.1
Langarūd,Iran,37.19701,50.15351,-19.4
Kūhdasht,Iran,33.53335,47.60999,1193.0
Kīsh,Iran,26.55778,54.01944,4.3
Khvoy,Iran,38.5503,44.9521,1147.2
Khvānsār,Iran,33.22052,50.31497,2231.0
Khorramshahr,Iran,30.44079,48.18428,3.1
Khorramābād,Iran,33.48778,48.35583,1182.0
Khomeyn,Iran,33.64225,50.0789,1808.5
Khalkhāl,Iran,37.6189,48.5258,1790.4
Kermānshāh,Iran,34.31417,47.065,1391.2
Kerman,Iran,30.28321,57.07879,1762.1
Kāzerūn,Iran,29.61949,51.65415,847.5
Kāshmar,Iran,35.23831,58.46558,1053.3
Kāshān,Iran,33.98308,51.43644,942.9
Karaj,Iran,35.83266,50.99155,1341.0
Kangāvar,Iran,34.5043,47.9653,1480.7
Kāmyārān,Iran,34.7956,46.9355,1471.2
Kalāleh,Iran,37.38071,55.49164,162.2
Jūybār,Iran,36.64115,52.91244,-7.2
Javānrūd,Iran,34.79611,46.51722,1417.0
Īlām,Iran,33.6374,46.4227,1405.3
Harsīn,Iran,34.2721,47.5861,1552.9
Hamadān,Iran,34.79922,48.51456,1823.4
Gorgān,Iran,36.84165,54.44361,146.1
Gonbad-e Kāvūs,Iran,37.25004,55.16721,39.7
Gonābād,Iran,34.35287,58.68365,1100.5
Golpāyegān,Iran,33.4537,50.28836,1818.5
Gerāsh,Iran,27.6652,54.1371,943.1
Bandar-e Ganāveh,Iran,29.5791,50.517,5.8
Fīrūzābād,Iran,28.8438,52.5707,1327.6
Fereydūnkenār,Iran,36.68642,52.52255,-22.4
Fasā,Iran,28.9383,53.6482,1370.1
Fārsān,Iran,32.25694,50.56095,2040.0
Esfarāyen,Iran,37.07645,57.51009,1256.4
Shahrud,Iran,36.41819,54.97628,1352.0
Dogonbadan,Iran,30.3586,50.7981,720.9
Delījān,Iran,33.9905,50.6838,1524.7
Dehlorān,Iran,32.6941,47.2679,225.4
Dehdasht,Iran,30.7949,50.56457,805.2
Sūsangerd,Iran,31.5608,48.1831,14.4
Darreh Shahr,Iran,33.1396,47.3762,665.8
Dārāb,Iran,28.75194,54.54444,1133.3
Dāmghān,Iran,36.1679,54.34292,1158.3
Damāvand,Iran,35.71842,52.06958,1961.5
Chenārān,Iran,36.64546,59.12123,1176.2
Chālūs,Iran,36.655,51.4204,23.0
Bandar-e Būshehr,Iran,28.9684,50.8385,4.0
Būkān,Iran,36.521,46.2089,1358.4
Borūjerd,Iran,33.8973,48.7516,1576.9
Borūjen,Iran,31.96523,51.2873,2228.4
Borāzjān,Iran,29.2699,51.2188,72.8
Bojnūrd,Iran,37.47473,57.32903,1068.0
Bīrjand,Iran,32.86628,59.22114,1459.4
Bījār,Iran,35.8668,47.60506,1927.5
Bonāb,Iran,37.3404,46.0561,1294.8
Behshahr,Iran,36.69235,53.55262,13.1
Behbahān,Iran,30.5959,50.2417,324.6
Bāneh,Iran,35.9975,45.8853,1527.7
Bandar-e Lengeh,Iran,26.55792,54.88067,14.9
Bandar-e Anzalī,Iran,37.47257,49.4593,-20.9
Bandar ‘Abbās,Iran,27.1865,56.2808,7.3
Bam,Iran,29.106,58.357,1061.0
Bahār,Iran,34.9072,48.4414,1727.3
Bāfq,Iran,31.6035,55.40249,994.4
Bābolsar,Iran,36.70251,52.6576,-21.6
Bābol,Iran,36.55132,52.67895,1.9
Aznā,Iran,33.6095,48.9307,1492.6
Hashtrūd,Iran,37.4779,47.0508,1659.0
Āstārā,Iran,38.4291,48.872,-15.6
Āstāneh-ye Ashrafīyeh,Iran,37.25961,49.94444,-8.1
Asadābād,Iran,34.78241,48.11853,1594.6
Ardestān,Iran,33.3761,52.3694,1214.0
Ardakān,Iran,32.31001,54.01747,1043.1
Ardabīl,Iran,38.2498,48.2933,1357.0
Arāk,Iran,34.09174,49.68916,1751.4
Āmol,Iran,36.46961,52.35072,98.9
Alvand,Iran,36.3187,49.1678,1847.0
Shahrīār,Iran,35.65884,51.05775,1163.4
Alīgūdarz,Iran,33.40063,49.6949,1988.9
Aleshtar,Iran,33.86419,48.26258,1619.5
Akbarābād,Iran,29.2464,52.7793,1517.3
‘Ajab Shīr,Iran,37.4776,45.8943,1302.2
Ahvaz,Iran,31.31901,48.6842,27.4
Ahar,Iran,38.4774,47.0699,1339.9
Aghajari,Iran,30.7006,49.8315,149.5
Ābyek,Iran,36.06667,50.55,1457.6
Abhar,Iran,36.1468,49.218,1544.0
Ābdānān,Iran,32.9926,47.4198,891.2
Ābādeh,Iran,31.1608,52.6506,2008.1
Abadan,Iran,30.3392,48.3043,6.1
Eqbālīyeh,Iran,35.3022,51.5358,878.8
Shāhreẕā,Iran,32.03389,51.87944,1803.4
Rehnān,Iran,32.68325,51.60158,1582.7
Qahderījān,Iran,32.5767,51.455,1615.3
Najafābād,Iran,32.6344,51.3668,1650.8
Khomeynī Shahr,Iran,32.6856,51.53609,1597.4
Kelīshād va Sūdarjān,Iran,32.55118,51.52758,1612.3
Falāvarjān,Iran,32.5553,51.50973,1611.4
Isfahan,Iran,32.65246,51.67462,1577.3
Dowlatābād,Iran,32.79978,51.69553,1568.2
Dorcheh Pīāz,Iran,32.61528,51.55556,1597.7
Zābol,Iran,31.0306,61.4949,482.1
Zahedan,Iran,29.4963,60.8629,1382.0
Torbat-e Jām,Iran,35.244,60.6225,910.3
Tāybād,Iran,34.74,60.7756,812.4
Sarakhs,Iran,36.5449,61.1577,273.4
Qaşr-e Qand,Iran,26.24833,60.7525,511.8
Khāsh,Iran,28.22107,61.21582,1411.5
Īrānshahr,Iran,27.20245,60.68476,563.9
Chabahar,Iran,25.2919,60.643,15.4
Mahdishahr,Iran,35.71071,53.35394,1658.3
Pasragad Branch,Iran,34.77772,48.47168,2015.3
Akureyri,Iceland,65.68353,-18.0878,9.5
Reykjavík,Iceland,64.13548,-21.89541,37.3
Kópavogur,Iceland,64.11234,-21.91298,40.9
Hafnarfjörður,Iceland,64.0671,-21.93774,17.5
Vittoria,Italy,36.95151,14.52788,166.6
Villabate,Italy,38.07789,13.44275,54.4
Vibo Valentia,Italy,38.67618,16.10094,467.5
Trapani,Italy,38.0176,12.53617,5.3
Termini Imerese,Italy,37.98225,13.69729,42.4
Siracusa,Italy,37.08415,15.27628,55.0
Sinnai,Italy,39.30286,9.20283,145.1
Siderno,Italy,38.26993,16.29607,12.7
Sestu,Italy,39.29846,9.09248,44.4
Selargius,Italy,39.25779,9.16323,12.8
Scordia,Italy,37.29548,14.84058,155.3
Scicli,Italy,36.79014,14.7028,116.9
Sciacca,Italy,37.50693,13.08399,66.1
San Giovanni la Punta,Italy,37.5769,15.09371,346.3
San Giovanni in Fiore,Italy,39.25446,16.69699,1013.9
San Cataldo,Italy,37.48412,13.98542,645.9
Rossano Stazione,Italy,39.59855,16.63485,52.1
Rosolini,Italy,36.82145,14.95132,143.9
Ribera,Italy,37.49773,13.26676,215.9
Reggio Calabria,Italy,38.11047,15.66129,107.0
Ragusa,Italy,36.92574,14.72443,533.6
Quattromiglia,Italy,39.34474,16.23802,192.5
Quartu Sant'Elena,Italy,39.22935,9.25004,30.1
Pozzallo,Italy,36.73028,14.84672,10.4
Porto Empedocle,Italy,37.28942,13.52494,69.2
Piazza Armerina,Italy,37.38417,14.36921,707.8
Paternò,Italy,37.56675,14.90254,238.7
Partinico,Italy,38.04657,13.11785,187.2
Palmi,Italy,38.35943,15.85155,266.2
Palma di Montechiaro,Italy,37.19066,13.76603,175.5
Palermo,Italy,38.13205,13.33561,37.8
Palagonia,Italy,37.32955,14.74474,157.1
Pachino,Italy,36.71522,15.09019,69.4
Oristano,Italy,39.9036,8.59257,11.7
Noto,Italy,36.89244,15.06977,135.5
Niscemi,Italy,37.14649,14.39381,307.2
Nicastro-Sambiase,Italy,38.97089,16.31285,214.4
Monserrato,Italy,39.25642,9.1444,8.6
Monreale,Italy,38.08125,13.28947,314.6
Modica,Italy,36.85868,14.75966,329.4
Misterbianco,Italy,37.51803,15.00913,216.6
Misilmeri,Italy,38.03183,13.44795,127.5
Milazzo,Italy,38.22008,15.24023,11.9
Messina,Italy,38.19394,15.55256,25.1
Mazara del Vallo,Italy,37.65418,12.59304,16.5
Mascalucia,Italy,37.57465,15.04964,420.1
Marsala,Italy,37.7992,12.4367,18.7
Licata,Italy,37.10267,13.93972,6.9
Lentini,Italy,37.28556,14.99737,57.7
Iglesias,Italy,39.3092,8.5372,191.3
Gioia Tauro,Italy,38.4251,15.8975,36.5
Giarre,Italy,37.7244,15.18165,96.5
Gela,Italy,37.07381,14.24038,29.9
Floridia,Italy,37.08343,15.15332,116.1
Favara,Italy,37.31754,13.66226,314.4
Enna,Italy,37.5655,14.27433,925.8
Crotone,Italy,39.08077,17.12764,11.5
Cosenza,Italy,39.2989,16.25307,245.9
Comiso,Italy,36.94893,14.60731,201.0
Catanzaro,Italy,38.88247,16.60086,100.2
Catania,Italy,37.49223,15.07041,35.7
Castrovillari,Italy,39.81632,16.20183,378.2
Castelvetrano,Italy,37.68081,12.79194,195.6
Casarano,Italy,40.01131,18.16237,110.4
Carini,Italy,38.1324,13.18274,169.6
Carbonia,Italy,39.16465,8.5213,92.3
Canicattì,Italy,37.35842,13.84786,455.4
Caltanissetta,Italy,37.49025,14.06216,578.5
Caltagirone,Italy,37.23785,14.51551,504.9
Cagliari,Italy,39.23054,9.11917,32.5
Bronte,Italy,37.78863,14.83377,778.6
Biancavilla,Italy,37.64442,14.86685,519.6
Belpasso,Italy,37.59192,14.97985,559.3
Barcellona Pozzo di Gotto,Italy,38.14772,15.21469,47.1
Bagheria,Italy,38.07892,13.51237,76.7
Avola,Italy,36.9084,15.13937,34.2
Augusta,Italy,37.24065,15.22121,5.5
Assemini,Italy,39.29123,8.99879,6.6
Amato,Italy,38.38333,16.13333,715.3
Alcamo,Italy,37.9779,12.96473,278.1
Agrigento,Italy,37.31065,13.57661,248.4
Adrano,Italy,37.66358,14.83283,560.8
Acireale,Italy,37.60886,15.16577,147.3
Aci Catena,Italy,37.60614,15.14165,198.5
Aci Castello,Italy,37.55564,15.14535,27.2
Zola Predosa,Italy,44.48967,11.21831,79.0
Voghera,Italy,44.99151,9.01175,103.3
Vittorio Veneto,Italy,45.98026,12.30065,128.6
Viterbo,Italy,42.41937,12.1056,334.0
Vimodrone,Italy,45.51461,9.28772,132.1
Vimercate,Italy,45.61545,9.36801,195.2
Lancenigo-Villorba,Italy,45.71289,12.25697,24.8
Villaricca,Italy,40.92006,14.19339,110.3
Villafranca di Verona,Italy,45.35405,10.84462,52.4
Vignola,Italy,44.48383,11.01096,115.3
Vigevano,Italy,45.31407,8.85437,110.6
Vicenza,Italy,45.54672,11.5475,44.2
Viareggio,Italy,43.86693,10.2502,2.8
Verona,Italy,45.4299,10.98444,63.4
Vercelli,Italy,45.32163,8.41989,134.4
Ventimiglia,Italy,43.78956,7.60872,7.7
Venice,Italy,45.43713,12.33265,7.8
Venaria Reale,Italy,45.12597,7.63136,259.0
Velletri,Italy,41.68573,12.77753,353.6
Vasto,Italy,42.1115,14.70649,152.5
Varese,Italy,45.82058,8.82511,385.4
Valenzano,Italy,41.04376,16.88491,86.7
Valenza,Italy,45.01242,8.64379,133.7
Valdagno,Italy,45.64498,11.29886,266.0
Udine,Italy,46.0637,13.24458,120.6
Triggiano,Italy,41.06549,16.92501,61.2
Trieste,Italy,45.64325,13.7903,71.7
Trezzano sul Naviglio,Italy,45.42212,9.06342,115.8
Treviso,Italy,45.66673,12.2416,16.7
Treviglio,Italy,45.52081,9.59102,128.3
Trentola-Ducenta,Italy,40.97517,14.1749,44.2
Trento,Italy,46.06787,11.12108,203.3
Trecate,Italy,45.43399,8.7364,139.2
Trani,Italy,41.27733,16.41011,12.1
Tradate,Italy,45.70843,8.90763,297.0
Tortona,Italy,44.89784,8.86374,123.9
Torremaggiore,Italy,41.68894,15.29408,164.5
Torre del Greco,Italy,40.77939,14.39782,97.7
Torre Annunziata,Italy,40.75337,14.45251,15.7
Turin,Italy,45.07049,7.68682,244.3
Tolentino,Italy,43.20918,13.28524,237.3
Tivoli,Italy,41.95952,12.8016,239.7
Thiene,Italy,45.7088,11.47959,148.6
Terzigno,Italy,40.804,14.49309,102.8
Terracina,Italy,41.29174,13.24359,1.3
Terni,Italy,42.56184,12.63667,123.4
Termoli,Italy,41.99994,14.99389,32.6
Terlizzi,Italy,41.12905,16.54536,195.9
Teramo,Italy,42.66123,13.69901,279.4
Taranto,Italy,40.41639,17.25478,18.6
Suzzara,Italy,44.99242,10.74407,21.1
Sulmona,Italy,42.04945,13.92578,412.2
Spoleto,Italy,42.74071,12.73899,325.4
Sora,Italy,41.71829,13.61356,285.2
Sondrio,Italy,46.16852,9.87134,301.1
Somma Vesuviana,Italy,40.87329,14.43865,154.6
Siena,Italy,43.31822,11.33064,344.3
Sezze,Italy,41.50032,13.06176,308.9
Seveso,Italy,45.6467,9.14296,211.6
Settimo Torinese,Italy,45.13925,7.77008,208.7
Sestri Levante,Italy,44.27317,9.39683,5.6
Sesto San Giovanni,Italy,45.53329,9.22585,147.3
Sesto Fiorentino,Italy,43.83193,11.19924,57.5
Seriate,Italy,45.68532,9.72487,250.1
Seregno,Italy,45.65002,9.20548,229.3
Senigallia,Italy,43.71626,13.20882,7.1
Senago,Italy,45.57562,9.1262,168.0
Segrate,Italy,45.49185,9.29812,119.2
Schio,Italy,45.71262,11.35671,198.2
Scandicci,Italy,43.75423,11.18794,48.4
Scafati,Italy,40.7602,14.53723,16.0
Savona,Italy,44.30905,8.47715,12.8
Savigliano,Italy,44.64808,7.65677,319.1
Sava,Italy,40.40203,17.55267,112.0
Sassuolo,Italy,44.5432,10.7848,120.5
Sassari,Italy,40.72787,8.55037,170.4
Sarzana,Italy,44.11178,9.9622,29.8
Saronno,Italy,45.62513,9.03517,215.6
Sarno,Italy,40.80748,14.62151,24.8
San Vito dei Normanni,Italy,40.65642,17.70814,109.0
Santeramo in Colle,Italy,40.79236,16.75873,494.8
Sant'Antonio Abate,Italy,40.72152,14.54021,17.8
Sant'Antimo,Italy,40.94223,14.23476,61.9
Sant'Anastasia,Italy,40.86842,14.40196,148.6
Santa Maria Capua Vetere,Italy,41.08156,14.25342,39.0
San Severo,Italy,41.68564,15.38148,90.1
San Sebastiano,Italy,45.65192,10.25681,480.8
San Salvo,Italy,42.04413,14.73335,71.2
San Remo,Italy,43.81725,7.7772,21.3
Sannicandro Garganico,Italy,41.83844,15.56535,216.8
San Miniato,Italy,43.67954,10.84975,140.9
San Miniato Basso,Italy,43.69332,10.84119,29.1
San Mauro Torinese,Italy,45.10359,7.76803,242.1
San Lazzaro,Italy,44.4705,11.40851,64.2
San Giuseppe Vesuviano,Italy,40.8356,14.50487,102.3
San Giuliano Milanese,Italy,45.39402,9.29109,98.2
San Giovanni Valdarno,Italy,43.56757,11.52987,135.8
San Giovanni Rotondo,Italy,41.70643,15.7277,566.7
San Giovanni Lupatoto,Italy,45.38193,11.04474,44.8
San Giovanni in Persiceto,Italy,44.63838,11.18419,23.2
San Giorgio a Cremano,Italy,40.83261,14.34162,62.1
San Donato Milanese,Italy,45.41047,9.26838,103.2
San Donà di Piave,Italy,45.63019,12.5681,4.3
San Bonifacio,Italy,45.39595,11.27352,29.8
San Benedetto del Tronto,Italy,42.9568,13.87676,5.2
Salsomaggiore Terme,Italy,44.81592,9.98637,153.3
Salerno,Italy,40.67545,14.79328,35.8
Sacile,Italy,45.95412,12.50274,28.0
Ruvo di Puglia,Italy,41.11758,16.48421,261.0
Rutigliano,Italy,41.00997,17.00558,136.9
Rozzano,Italy,45.38193,9.1559,108.3
Rovigo,Italy,45.06982,11.79022,8.5
Rovereto,Italy,45.8904,11.04053,203.2
Rosignano Solvay-Castiglioncello,Italy,43.38946,10.43615,9.2
Roseto degli Abruzzi,Italy,42.67164,14.01481,6.8
Romano di Lombardia,Italy,45.52081,9.7544,127.0
Rome,Italy,41.89193,12.51133,51.9
Rocca di Papa,Italy,41.7658,12.70188,566.9
Rivoli,Italy,45.07073,7.51465,370.6
Rimini,Italy,44.05755,12.56528,8.6
Rieti,Italy,42.40476,12.85735,393.3
Riccione,Italy,43.99942,12.65689,6.6
Rho,Italy,45.53245,9.0402,159.9
Reggio nell'Emilia,Italy,44.69825,10.63125,70.6
Ravenna,Italy,44.41344,12.20121,5.3
Rapallo,Italy,44.3496,9.22796,19.3
Qualiano,Italy,40.91899,14.15352,104.4
Putignano,Italy,40.85106,17.1219,373.0
Prato,Italy,43.87309,11.08278,51.9
Pozzuoli,Italy,40.84394,14.0952,31.0
Potenza,Italy,40.64175,15.80794,757.2
Porto Torres,Italy,40.83375,8.40531,20.0
Porto Sant'Elpidio,Italy,43.25297,13.7597,15.1
Porto San Giorgio,Italy,43.17784,13.79411,6.5
Portogruaro,Italy,45.78071,12.84052,4.3
Civitanova Marche,Italy,43.30491,13.72068,15.7
Portici,Italy,40.81563,14.33716,36.5
Pordenone,Italy,45.95689,12.66051,24.6
Pontedera,Italy,43.66141,10.63067,15.0
Pompei,Italy,40.74574,14.49698,11.5
Pomigliano d'Arco,Italy,40.90975,14.38316,33.6
Pomezia,Italy,41.66931,12.50124,101.1
Poggiomarino,Italy,40.80114,14.54066,29.3
Poggibonsi,Italy,43.47064,11.14804,101.5
Pistoia,Italy,43.93064,10.92365,56.2
Pisa,Italy,43.70853,10.4036,8.5
Piossasco,Italy,44.98802,7.4601,299.9
Piombino,Italy,42.92554,10.52585,26.0
Pioltello,Italy,45.50147,9.33053,122.9
Pinerolo,Italy,44.88534,7.33135,378.0
Pietrasanta,Italy,43.95952,10.22784,15.7
Piacenza,Italy,45.04202,9.70462,58.9
Pescara,Italy,42.4584,14.20283,4.4
Pesaro,Italy,43.90921,12.9164,7.6
Perugia,Italy,43.1122,12.38878,482.4
Pavia,Italy,45.19205,9.15917,84.1
Parma,Italy,44.79935,10.32618,65.3
Parabiago,Italy,45.56034,8.94545,185.8
Palo del Colle,Italy,41.05562,16.70321,159.8
Palazzolo sull'Oglio,Italy,45.59665,9.88688,176.9
Palagiano,Italy,40.57762,17.03812,41.6
Pagani,Italy,40.74199,14.61448,39.3
Padova,Italy,45.40797,11.88586,17.5
Paderno Dugnano,Italy,45.56899,9.16483,162.5
Ottaviano,Italy,40.85193,14.47826,183.0
Ostuni,Italy,40.72913,17.57675,237.4
Osimo,Italy,43.48539,13.48222,258.7
Orta Nova,Italy,41.32879,15.70994,68.5
Orbassano,Italy,45.00547,7.53813,273.2
Olbia,Italy,40.92337,9.49802,7.3
Oderzo,Italy,45.78114,12.49442,12.1
Nuoro,Italy,40.31991,9.32568,535.5
Novi Ligure,Italy,44.76246,8.787,196.7
Novate Milanese,Italy,45.5305,9.13954,153.2
Novara,Italy,45.44834,8.62328,162.5
Nova Milanese,Italy,45.58882,9.19792,174.4
Nola,Italy,40.92606,14.52816,49.8
Noicattaro,Italy,41.03449,16.98963,99.3
Noci,Italy,40.79356,17.12681,425.4
Nocera Superiore,Italy,40.74248,14.67447,72.1
Nocera Inferiore,Italy,40.7454,14.64542,43.8
Nichelino,Italy,45.00031,7.65305,226.4
Nettuno,Italy,41.45794,12.66393,10.5
Nerviano,Italy,45.55343,8.9792,171.3
Nardò,Italy,40.17953,18.03174,46.6
Napoli,Italy,40.85631,14.24641,97.4
Mugnano di Napoli,Italy,40.90936,14.20984,124.2
Muggiò,Italy,45.58878,9.22784,176.3
Monza,Italy,45.58005,9.27246,167.5
Montichiari,Italy,45.41317,10.39799,105.1
Montevarchi,Italy,43.5252,11.57238,144.9
Montesilvano Marina,Italy,42.5114,14.14507,7.0
Monterotondo,Italy,42.05159,12.61969,135.7
Montemurlo,Italy,43.92686,11.03718,78.4
Montecchio Maggiore-Alte Ceccato,Italy,45.50369,11.412,69.1
Montecatini-Terme,Italy,43.88153,10.7723,26.6
Montebelluna,Italy,45.77504,12.04904,105.2
Monopoli,Italy,40.94918,17.29717,27.1
Monfalcone,Italy,45.80463,13.53292,1.1
Mondragone,Italy,41.11399,13.89157,8.7
Mondovì,Italy,44.39603,7.81764,418.7
Moncalieri,Italy,44.9994,7.68236,230.9
Molfetta,Italy,41.20036,16.59905,30.7
Mola di Bari,Italy,41.05906,17.08512,18.4
Mogliano Veneto,Italy,45.55594,12.24294,6.9
Modugno,Italy,41.08433,16.78342,83.5
Modena,Italy,44.64783,10.92539,45.0
Mirano,Italy,45.49458,12.10775,9.8
Mirandola,Italy,44.88515,11.06902,18.6
Mira Taglio,Italy,45.4346,12.12942,7.2
Minturno,Italy,41.26294,13.74583,128.6
Milano,Italy,45.46427,9.18951,141.5
Mestre,Italy,45.47152,12.24017,4.7
Mesagne,Italy,40.55851,17.80774,72.9
Merano,Italy,46.66817,11.15953,307.7
Mentana,Italy,42.03539,12.64413,153.6
Melzo,Italy,45.4981,9.42043,120.8
Melito di Napoli,Italy,40.91948,14.23104,99.8
Melegnano,Italy,45.35781,9.3236,94.1
Meda,Italy,45.66121,9.15337,224.5
Matera,Italy,40.66599,16.60463,398.7
Massafra,Italy,40.58618,17.11635,99.4
Massa,Italy,44.03541,10.13927,55.8
Martina Franca,Italy,40.70355,17.33814,424.9
Marino,Italy,41.76984,12.65917,365.9
Marina di Carrara,Italy,44.03837,10.04142,5.4
Marigliano,Italy,40.9248,14.45612,35.7
Mariano Comense,Italy,45.69651,9.1818,254.6
Marcianise,Italy,41.03064,14.29868,32.5
Marano di Napoli,Italy,40.8971,14.18824,168.3
Mantova,Italy,45.16031,10.79784,33.9
Manfredonia,Italy,41.63065,15.91876,15.8
Manduria,Italy,40.39899,17.63726,83.7
Malnate,Italy,45.79377,8.88104,359.5
Magenta,Italy,45.46456,8.88453,139.0
Maddaloni,Italy,41.03578,14.3823,57.5
Macerata,Italy,43.29789,13.45293,278.4
Lugo,Italy,44.42137,11.91094,15.6
Lucera,Italy,41.5055,15.3391,213.5
Lucca,Italy,43.8497,10.47234,16.2
Lodi,Italy,45.30989,9.50085,85.1
Livorno,Italy,43.54427,10.32615,15.3
Lissone,Italy,45.61236,9.23985,192.4
Limbiate,Italy,45.59951,9.12509,182.2
Lido di Ostia,Italy,41.73212,12.27654,9.9
Lido,Italy,45.4105,12.36649,5.0
Legnano,Italy,45.59788,8.91506,202.4
Legnago,Italy,45.19365,11.30227,17.3
Lecco,Italy,45.85589,9.39704,220.4
Lecce,Italy,40.35481,18.17244,57.2
Latina,Italy,41.46614,12.9043,27.0
La Spezia,Italy,44.11096,9.83632,1.8
L'Aquila,Italy,42.35055,13.39954,730.2
Lanciano,Italy,42.22718,14.39024,271.0
Lainate,Italy,45.57176,9.02681,185.4
Ladispoli,Italy,41.95068,12.075,10.2
Ivrea,Italy,45.46723,7.87617,256.5
Isernia,Italy,41.59603,14.23399,475.7
Ischia Porto,Italy,40.73913,13.951,16.4
Ischia,Italy,40.73793,13.94862,22.1
Pallanza-Intra-Suna,Italy,45.93778,8.57088,215.2
Imperia,Italy,43.88917,8.03933,10.0
Imola,Italy,44.35916,11.7132,41.9
Jesi,Italy,43.52142,13.24368,78.5
Guidonia,Italy,41.99232,12.71876,95.5
Grumo Nevano,Italy,40.93591,14.25983,56.2
Grugliasco,Italy,45.06516,7.57954,295.4
Grottaglie,Italy,40.53694,17.43723,140.2
Grottaferrata,Italy,41.78664,12.67144,354.0
Grosseto,Italy,42.76296,11.10941,12.6
Gravina in Puglia,Italy,40.81748,16.41915,373.9
Gragnano,Italy,40.68907,14.52036,124.6
Gorizia,Italy,45.94088,13.62167,83.1
Gorgonzola,Italy,45.53069,9.40531,137.6
Giussano,Italy,45.70004,9.2089,273.8
Giulianova,Italy,42.75381,13.9665,2.8
Giugliano in Campania,Italy,40.92849,14.20197,102.8
Giovinazzo,Italy,41.185,16.67054,12.3
Gioia del Colle,Italy,40.79968,16.92298,365.0
Ginosa,Italy,40.5769,16.75655,253.0
Ghedi,Italy,45.40204,10.27681,85.6
Genzano di Roma,Italy,41.70706,12.68904,442.7
Genoa,Italy,44.4264,8.91519,134.9
Garbagnate Milanese,Italy,45.57438,9.07537,179.0
Gallipoli,Italy,40.05594,17.99088,19.5
Gallarate,Italy,45.66019,8.79164,243.7
Galatina,Italy,40.17416,18.17032,85.2
Gaeta,Italy,41.21408,13.57082,8.7
Frosinone,Italy,41.63976,13.34109,180.6
Frattaminore,Italy,40.9558,14.27201,39.2
Frattamaggiore,Italy,40.9414,14.27588,47.9
Frascati,Italy,41.8091,12.67942,337.7
Francavilla Fontana,Italy,40.53123,17.58522,145.2
Francavilla al Mare,Italy,42.42158,14.28217,19.8
Fossano,Italy,44.55077,7.71922,360.3
Fornacelle,Italy,43.92377,11.03525,63.7
Formigine,Italy,44.57268,10.84737,84.2
Formia,Italy,41.25632,13.60888,3.1
Forlì,Italy,44.22054,12.05245,24.8
Forio,Italy,40.73757,13.86003,15.4
Fondi,Italy,41.35787,13.42718,17.0
Follonica,Italy,42.92779,10.76451,11.6
Foligno,Italy,42.95488,12.70268,242.0
Foggia,Italy,41.45845,15.55188,74.7
Fiumicino-Isola Sacra,Italy,41.77093,12.23662,2.5
Florence,Italy,43.77925,11.24626,49.8
Fiorano,Italy,44.53889,10.81166,124.0
Fidenza,Italy,44.86694,10.06039,82.0
Ferrara,Italy,44.84346,11.60868,8.7
Fermo,Italy,43.16296,13.72274,224.2
Fasano,Italy,40.83625,17.36007,118.4
Fano,Italy,43.84052,13.01665,16.5
Falconara Marittima,Italy,43.62558,13.39954,36.6
Faenza,Italy,44.29007,11.87948,38.3
Fabriano,Italy,43.33941,12.90327,314.5
Ercolano,Italy,40.80783,14.35012,48.4
Erba,Italy,45.8088,9.22609,281.8
Empoli,Italy,43.71795,10.94758,29.4
Eboli,Italy,40.61747,15.05693,110.3
Domodossola,Italy,46.1165,8.29313,283.3
Desio,Italy,45.61831,9.20249,195.0
Desenzano del Garda,Italy,45.47127,10.53559,93.8
Dalmine,Italy,45.64933,9.60617,205.4
Cusano Milanino,Italy,45.55187,9.18373,154.3
Cuneo,Italy,44.39071,7.54828,546.7
Cremona,Italy,45.13325,10.02129,52.2
Crema,Italy,45.36264,9.68176,78.3
Corsico,Italy,45.43099,9.11093,117.5
Correggio,Italy,44.76737,10.78345,32.4
Cornaredo,Italy,45.50128,9.02681,147.1
Cormano,Italy,45.54917,9.15964,154.1
Cordenons,Italy,45.9836,12.70038,39.5
Corato,Italy,41.15171,16.41143,237.0
Copertino,Italy,40.26821,18.0543,32.2
Conversano,Italy,40.96836,17.11329,222.5
Conegliano,Italy,45.88805,12.30201,63.6
Como,Italy,45.80079,9.08065,234.8
Cologno Monzese,Italy,45.53004,9.27795,134.0
Collegno,Italy,45.07873,7.56735,307.3
Colleferro,Italy,41.72722,13.00481,226.6
Colle di Val d'Elsa,Italy,43.42107,11.12739,149.9
Civitavecchia,Italy,42.09325,11.79674,20.5
Città di Castello,Italy,43.46556,12.2375,283.0
Cisterna di Latina,Italy,41.5908,12.82808,83.0
Ciriè,Italy,45.23486,7.60125,346.3
Cinisello Balsamo,Italy,45.55823,9.21495,157.0
Ciampino,Italy,41.80064,12.60158,128.4
Chivasso,Italy,45.19093,7.88981,187.5
Chioggia,Italy,45.21857,12.27774,6.9
Chieti,Italy,42.34827,14.16494,341.8
Chieri,Italy,45.01054,7.82133,286.7
Chiavari,Italy,44.31771,9.32241,5.4
Chiari,Italy,45.53763,9.92699,151.7
Cesenatico,Italy,44.19987,12.3991,3.3
Cesena,Italy,44.1391,12.24315,46.1
Cesano Maderno,Italy,45.62915,9.15189,201.6
Cervia,Italy,44.26204,12.34812,5.0
Cerveteri,Italy,41.9908,12.09082,29.2
Cernusco sul Naviglio,Italy,45.52526,9.33297,133.3
Cerignola,Italy,41.26523,15.89559,130.2
Cercola,Italy,40.86043,14.35733,71.1
Cento,Italy,44.73099,11.28716,16.9
Ceglie Messapica,Italy,40.6462,17.51661,299.1
Cecina,Italy,43.30621,10.51729,8.6
Cava Dè Tirreni,Italy,40.69954,14.70773,211.9
Cattolica,Italy,43.96182,12.73631,11.8
Castiglione delle Stiviere,Italy,45.3902,10.48619,109.3
Castel Volturno,Italy,41.03288,13.94354,2.9
Castel Maggiore,Italy,44.57707,11.36071,28.3
Castellammare di Stabia,Italy,40.70211,14.48685,18.5
Castelfranco Veneto,Italy,45.67146,11.92755,45.1
Castelfranco Emilia,Italy,44.59445,11.04979,44.0
Cassino,Italy,41.48581,13.82835,39.9
Cassano d'Adda,Italy,45.52637,9.51528,134.3
Casoria,Italy,40.90751,14.293,69.5
Caserta,Italy,41.07262,14.33231,71.9
Cascina,Italy,43.67557,10.55494,10.2
Casamassima,Italy,40.95653,16.92075,223.8
Casalnuovo di Napoli,Italy,40.90969,14.34205,39.2
Casale Monferrato,Italy,45.13338,8.4525,122.0
Casalecchio di Reno,Italy,44.47563,11.27495,68.9
Casal di Principe,Italy,41.00996,14.13013,18.6
Carrara,Italy,44.07926,10.09789,103.2
Carpi Centro,Italy,44.78237,10.8777,26.9
Carmagnola,Italy,44.84963,7.72032,238.9
Cardito,Italy,40.9459,14.29952,33.0
Carate Brianza,Italy,45.67574,9.23723,256.3
Capua,Italy,41.10519,14.21269,21.5
Capannori,Italy,43.84171,10.57271,17.3
Cantù,Italy,45.74096,9.13084,360.1
Canosa di Puglia,Italy,41.21954,16.06768,131.3
Campobasso,Italy,41.55947,14.66737,674.9
Campi Bisenzio,Italy,43.8245,11.13027,38.7
Camaiore,Italy,43.94265,10.29754,35.0
Caivano,Italy,40.95753,14.30591,27.5
Busto Arsizio,Italy,45.61128,8.84914,228.0
Bussolengo,Italy,45.46903,10.85371,119.5
Brusciano,Italy,40.92237,14.42386,34.5
Brugherio,Italy,45.55301,9.29907,148.6
Brindisi,Italy,40.63215,17.93607,21.1
Bresso,Italy,45.53792,9.18921,145.7
Bressanone,Italy,46.71503,11.65598,564.0
Brescia,Italy,45.53558,10.21472,148.5
Bra,Italy,44.69776,7.85128,281.4
Bovisio-Masciago,Italy,45.61019,9.15301,189.4
Boscoreale,Italy,40.77274,14.48118,50.6
Borgomanero,Italy,45.69935,8.46222,315.3
Bolzano,Italy,46.49067,11.33982,258.5
Bologna,Italy,44.49381,11.33875,73.6
Bollate,Italy,45.54647,9.12054,153.7
Bitonto,Italy,41.11006,16.69086,118.2
Bisceglie,Italy,41.24264,16.50104,14.7
Biella,Italy,45.56304,8.05796,411.4
Bergamo,Italy,45.69601,9.66721,262.0
Benevento,Italy,41.1307,14.77816,156.9
Belluno,Italy,46.14262,12.2156,398.5
Battipaglia,Italy,40.60861,14.98209,77.8
Bastia umbra,Italy,43.06425,12.54612,194.3
Bassano del Grappa,Italy,45.76656,11.72739,112.1
Barletta,Italy,41.31429,16.28165,17.6
Bari,Italy,41.11148,16.8554,16.9
Bareggio,Italy,45.47927,8.99789,142.8
Bagnoli,Italy,40.81322,14.16807,3.6
Bacoli,Italy,40.79672,14.07349,3.3
Avezzano,Italy,42.02896,13.42641,690.2
Aversa,Italy,40.97259,14.20745,46.9
Avellino,Italy,40.91494,14.79103,355.7
Asti,Italy,44.90162,8.20751,129.9
Ascoli Piceno,Italy,42.85351,13.57395,163.6
Arzignano,Italy,45.52027,11.33446,115.4
Arzano,Italy,40.90959,14.26519,91.0
Ariccia,Italy,41.72063,12.6723,411.6
Arezzo,Italy,43.46276,11.88068,262.6
Arese,Italy,45.55048,9.07741,162.7
Ardea,Italy,41.60742,12.54158,11.9
Arcore,Italy,45.62675,9.32454,192.3
Aprilia,Italy,41.59452,12.65419,79.6
Aosta,Italy,45.73764,7.31722,587.2
Anzio,Italy,41.45263,12.62157,23.2
Angri,Italy,40.73815,14.5707,29.4
Andria,Italy,41.23117,16.29797,156.6
Ancona,Italy,43.5942,13.50337,31.8
Altamura,Italy,40.82664,16.54952,481.3
Alpignano,Italy,45.09346,7.52392,338.2
Alghero,Italy,40.55969,8.31953,18.7
Alessandria,Italy,44.90924,8.61007,97.0
Albignasego,Italy,45.34705,11.86781,10.5
Albenga,Italy,44.04997,8.21829,4.5
Albano Laziale,Italy,41.72748,12.659,382.2
Alba,Italy,44.6999,8.0347,178.3
Agropoli,Italy,40.34923,14.99067,19.7
Afragola,Italy,40.92298,14.30935,46.2
Adelfia,Italy,41.0033,16.87208,145.8
Acqui Terme,Italy,44.67552,8.46934,163.0
Acquaviva delle Fonti,Italy,40.89704,16.8433,301.7
Acilia-Castel Fusano-Ostia Antica,Italy,41.76337,12.33078,4.0
Acerra,Italy,40.94477,14.3714,31.7
Abbiategrasso,Italy,45.39821,8.91678,127.0
Abano Terme,Italy,45.35753,11.78725,12.8
Spinea-Orgnano,Italy,45.49107,12.155,4.4
Verbania,Italy,45.92136,8.55183,195.8
Lumezzane,Italy,45.64789,10.26487,474.9
Guidonia Montecelio,Italy,41.99362,12.72238,92.4
Lamezia Terme,Italy,38.96255,16.30938,165.5
Caronno Pertusella,Italy,45.59777,9.04634,195.4
Cassano Magnago,Italy,45.67206,8.82691,258.2
San Felice A Cancello,Italy,41.01702,14.48736,86.8
San Nicola la Strada,Italy,41.05237,14.33334,54.3
Quarto,Italy,40.87822,14.14352,52.8
Orta di Atella,Italy,40.96441,14.26854,32.3
Casavatore,Italy,40.89921,14.27663,86.2
Volla,Italy,40.87363,14.34085,26.1
Gravina di Catania,Italy,37.56085,15.06292,360.0
Cesano Boscone,Italy,45.44207,9.09445,122.5
Tor Lupara,Italy,41.99771,12.61814,123.3
Torvaianica,Italy,41.62112,12.46197,8.6
Bellaria-Igea Marina,Italy,44.14255,12.47154,3.2
Villanova,Italy,41.96357,12.75633,64.4
Marina di Ardea-Tor San Lorenzo,Italy,41.55439,12.54115,4.8
San Paolo,Italy,41.12476,16.79258,39.4
Monterusciello,Italy,40.86874,14.08276,111.4
Romano Banco,Italy,45.42309,9.10707,115.1
Casa Santa,Italy,38.02514,12.5484,30.0
Arpino,Italy,40.88882,14.32015,29.3
Paolo VI,Italy,40.52218,17.27401,43.9
Corigliano Scalo,Italy,39.62713,16.51368,38.7
Saint Helier,Jersey,49.18804,-2.10491,12.5
Spanish Town,Jamaica,17.99107,-76.95742,28.6
Savanna-la-Mar,Jamaica,18.21895,-78.1332,4.2
Portmore,Jamaica,17.95032,-76.88215,122.2
Old Harbour,Jamaica,17.94144,-77.10898,26.3
New Kingston,Jamaica,18.00747,-76.78319,95.3
Montego Bay,Jamaica,18.47116,-77.91883,11.8
May Pen,Jamaica,17.96454,-77.24515,76.8
Mandeville,Jamaica,18.04168,-77.50714,609.1
Linstead,Jamaica,18.13683,-77.03171,118.9
Kingston,Jamaica,17.99702,-76.79358,62.6
Half Way Tree,Jamaica,18.01248,-76.79928,71.3
Wādī as Sīr,Jordan,31.9545,35.81831,771.4
Umm as Summāq,Jordan,31.88542,35.8543,931.8
Saḩāb,Jordan,31.87032,36.00479,875.7
Mādabā,Jordan,31.71599,35.79392,790.6
Ma'an,Jordan,30.19624,35.73405,1113.1
Kurayyimah,Jordan,32.27639,35.59938,-180.8
Judita,Jordan,32.40792,35.70802,593.4
Jarash,Jordan,32.28082,35.89929,626.0
‘Izrā,Jordan,31.15889,35.69278,1105.6
Irbid,Jordan,32.55556,35.85,568.8
Zarqa,Jordan,32.07275,36.08796,623.3
Aydūn,Jordan,32.50722,35.8575,646.0
Aţ Ţafīlah,Jordan,30.83752,35.60442,1037.4
As Salţ,Jordan,32.03917,35.72722,813.0
Safi,Jordan,31.03608,35.46544,-319.3
Ar Ramthā,Jordan,32.55873,36.00816,538.6
‘Anjarah,Jordan,32.3063,35.75653,887.8
Amman,Jordan,31.95522,35.94503,759.1
Al Quwaysimah,Jordan,31.9167,35.95,934.1
Mafraq,Jordan,32.34289,36.20804,700.0
Qīr Moāv,Jordan,31.18248,35.69999,898.9
Al Jubayhah,Jordan,32.02731,35.8706,1027.6
Aqaba,Jordan,29.52667,35.00778,43.0
‘Ajlūn,Jordan,32.33326,35.75279,766.4
Karak City,Jordan,31.16368,35.76204,947.1
Russeifa,Jordan,32.01778,36.04639,617.1
Shingū,Japan,33.73333,135.98333,11.2
Atsugi,Japan,35.44272,139.36931,23.6
Akashi,Japan,34.63333,134.98333,0.0
Zushi,Japan,35.29264,139.57735,3.0
Zama,Japan,35.4879,139.39101,32.1
Yuza,Japan,39.01573,139.92909,21.8
Yukuhashi,Japan,33.72873,130.983,3.7
Yūki,Japan,36.3,139.88333,38.7
Yugawara,Japan,35.15,139.06667,195.0
Yoshikawa,Japan,35.88528,139.83944,3.9
Yoshii,Japan,36.25,138.98333,122.7
Yoshida-kasugachō,Japan,37.68333,138.88333,7.4
Yorii,Japan,36.11567,139.19429,99.4
Yono,Japan,35.88333,139.63333,11.0
Yonago,Japan,35.43333,133.33333,5.4
Yokosuka,Japan,35.28361,139.66722,4.1
Yokohama,Japan,35.43333,139.65,18.2
Yokkaichi,Japan,34.96667,136.61667,6.9
Youkaichi,Japan,35.11626,136.19768,125.3
Yawata,Japan,34.87009,135.7027,15.7
Yatsushiro,Japan,32.5045,130.60066,8.4
Yatsuomachi-higashikumisaka,Japan,36.56667,137.13333,183.6
Yasugichō,Japan,35.42146,133.24224,2.2
Yashiro,Japan,34.91667,134.96667,66.1
Yashio-shi,Japan,35.82255,139.83905,8.3
Yao,Japan,34.61667,135.6,11.5
Yanai,Japan,33.96667,132.11667,3.2
Yanagawa,Japan,33.16667,130.4,2.9
Yamazakichō-nakabirose,Japan,35,134.55,91.9
Yamaguchi,Japan,34.18333,131.46667,129.0
Yamaga,Japan,33.01667,130.68333,19.2
Yaizu,Japan,34.86877,138.31952,3.3
Yaita,Japan,36.8,139.93333,190.6
Wakimachi,Japan,34.06667,134.15,50.9
Utsunomiya,Japan,36.56667,139.88333,125.4
Uto,Japan,32.68333,130.66667,3.9
Usuki,Japan,33.12342,131.80401,2.6
Ushibuka,Japan,32.19537,130.02554,8.5
Ureshinomachi-shimojuku,Japan,33.11358,130.00292,51.0
Urayasu,Japan,35.67056,139.88861,3.7
Uozu,Japan,36.8,137.4,15.3
Umi,Japan,33.56826,130.51009,38.3
Ujiie,Japan,36.68333,139.96667,161.5
Uji,Japan,34.89044,135.80325,22.4
Uenohara,Japan,35.61667,139.11667,163.7
Ueno-ebisumachi,Japan,34.75856,136.13108,151.6
Ueki,Japan,32.9,130.68333,103.1
Ueda,Japan,36.40265,138.28161,536.9
Ube,Japan,33.94306,131.25111,2.8
Tsuyama,Japan,35.05215,133.99885,99.0
Tsushima,Japan,35.16667,136.71667,1.8
Tsurusaki,Japan,33.24528,131.69165,3.5
Tsuruoka,Japan,38.72167,139.82167,13.3
Tsurugi-asahimachi,Japan,36.45,136.63333,147.1
Tsuruga,Japan,35.64547,136.0558,7.9
Tsuma,Japan,32.1,131.4,11.6
Tsukumiura,Japan,33.07539,131.86907,4.9
Tsukawaki,Japan,33.27668,131.15628,334.6
Tsubata,Japan,36.67012,136.7403,6.0
Tsubame,Japan,37.6645,138.92518,8.3
Tsu,Japan,34.73333,136.51667,3.3
Toyota,Japan,35.08333,137.15,52.9
Toyoshina,Japan,36.29991,137.90108,554.7
Toyooka,Japan,35.54008,134.82038,31.2
Toyonaka,Japan,34.78244,135.46932,29.1
Toyokawa,Japan,34.81667,137.4,5.0
Toyohashi,Japan,34.76667,137.38333,10.9
Toyohama,Japan,34.70933,136.93425,4.0
Toyama,Japan,36.7,137.21667,7.9
Tottori,Japan,35.5,134.23333,6.4
Tosu,Japan,33.36667,130.51667,16.2
Tonoshō,Japan,34.48047,134.17017,40.0
Tondabayashichō,Japan,34.50065,135.60211,66.8
Tomioka,Japan,36.25411,138.89813,155.0
Tomigusuku,Japan,26.18583,127.68192,48.6
Tokyo,Japan,35.6895,139.69171,45.7
Tokuyama,Japan,34.05,131.81667,30.5
Tokushima,Japan,34.06667,134.56667,3.7
Tokorozawa,Japan,35.79916,139.46903,75.9
Tokoname,Japan,34.88333,136.85,20.9
Toki,Japan,35.35,137.18333,153.0
Tōkamachi,Japan,37.13333,138.76667,153.1
Togitsu,Japan,32.83333,129.85,1.1
Tochio-honchō,Japan,37.47642,138.99513,64.7
Tochigi,Japan,36.38333,139.73333,47.8
Toba,Japan,34.4833,136.84186,2.2
Tenri,Japan,34.58333,135.83333,58.9
Tennō,Japan,39.9,139.96667,2.7
Tawaramoto,Japan,34.5542,135.79297,50.5
Tatsuno,Japan,35.98426,137.99721,724.1
Tatsunochō-tominaga,Japan,34.86437,134.552,25.8
Tateyama,Japan,34.98333,139.86667,7.9
Tatebayashi,Japan,36.25,139.53333,25.4
Tarumizu,Japan,31.48333,130.7,14.6
Tarui,Japan,35.36667,136.53333,26.3
Tanushimarumachi-toyoki,Japan,33.35,130.68333,15.6
Tanuma,Japan,36.36667,139.58333,64.5
Nishi-Tokyo-shi,Japan,35.72526,139.5383,57.3
Tanashichō,Japan,35.72922,139.53813,66.2
Tanabe,Japan,34.82242,135.76604,29.4
Tanabe,Japan,33.73333,135.36667,4.4
Tamano,Japan,34.48333,133.95,0.0
Tamana,Japan,32.91667,130.56667,30.0
Tamamura,Japan,36.3,139.11667,68.8
Taketoyo,Japan,34.85,136.91667,2.4
Takeochō-takeo,Japan,33.19009,130.02084,15.2
Takehara,Japan,34.33833,132.91667,24.2
Takefu,Japan,35.90393,136.16687,33.7
Takedamachi,Japan,32.96667,131.4,256.1
Takayama,Japan,36.13333,137.25,581.5
Takatsuki,Japan,34.84833,135.61678,11.9
Takasaki,Japan,36.33333,139.01667,97.2
Takarazuka,Japan,34.79936,135.35697,29.8
Takaoka,Japan,36.75,137.01667,10.6
Takanabe,Japan,32.13333,131.5,8.1
Takamatsu,Japan,34.33333,134.05,6.9
Takaishi,Japan,34.51667,135.43333,3.0
Takahashi,Japan,34.78333,133.61667,70.9
Takahama,Japan,34.91667,136.98333,8.0
Bungo-Takada-shi,Japan,33.5567,131.44506,4.9
Tajimi,Japan,35.31667,137.13333,138.6
Tahara,Japan,34.66667,137.26667,6.9
Tagawa,Japan,33.63333,130.8,45.1
Tadotsu,Japan,34.275,133.75,2.9
Suzuka,Japan,34.88333,136.58333,9.8
Suzaka,Japan,36.65,138.31667,398.4
Suwa,Japan,36.03799,138.11308,761.1
Susaki,Japan,33.39471,133.29128,4.1
Sumoto,Japan,34.35,134.9,0.0
Sukumo,Japan,32.93333,132.73333,21.3
Suita,Japan,34.76143,135.51567,5.9
Suibara,Japan,37.84608,139.23039,4.9
Sugito,Japan,36.03107,139.72636,8.1
Sueyoshichō-ninokata,Japan,31.65,131.01667,188.7
Sōka,Japan,35.82028,139.80444,3.3
Sōja,Japan,34.67534,133.75091,14.8
Sobue,Japan,35.25,136.71667,3.8
Shōbu,Japan,36.06667,139.6,12.2
Shōbara,Japan,34.85,133.01667,253.9
Shizuoka,Japan,34.98333,138.38333,23.1
Shirone,Japan,37.76354,139.02199,1.5
Shiraoka,Japan,36.01839,139.66034,12.6
Shirahamachō-usazakiminami,Japan,34.78333,134.71667,3.1
Shiozawa,Japan,37.03757,138.84867,175.8
Shiojiri,Japan,36.1,137.96667,726.7
Shinshiro,Japan,34.9,137.5,46.4
Shin’ichi,Japan,34.55543,133.27297,21.6
Shingū,Japan,33.71399,130.4313,3.4
Shimonoseki,Japan,33.95,130.95,0.0
Shimodate,Japan,36.3,139.98333,32.4
Shimoda,Japan,34.66667,138.95,0.0
Minato,Japan,34.2152,135.1501,2.7
Nishishinminato,Japan,36.77957,137.07576,1.1
Shimada,Japan,34.81667,138.18333,92.2
Shimabara,Japan,32.78333,130.36667,6.8
Shiki,Japan,35.83333,139.58333,6.0
Shido,Japan,34.32333,134.17333,4.3
Shibushi,Japan,31.46667,131.105,0.0
Shibukawa,Japan,36.48333,139,204.3
Shibata,Japan,37.95,139.33333,10.3
Seto,Japan,35.23333,137.1,109.9
Setakamachi-takayanagi,Japan,33.14858,130.46548,4.3
Satsumasendai,Japan,31.81667,130.3,4.2
Satte,Japan,36.07254,139.72615,7.3
Sasebo,Japan,33.15917,129.72278,0.0
Sasayama,Japan,35.06667,135.21667,201.8
Sasaguri,Japan,33.61561,130.55105,125.7
Sano,Japan,36.31667,139.58333,35.8
Sanjō,Japan,37.61667,138.95,8.4
Sandachō,Japan,34.88444,135.22694,149.1
Sakurai,Japan,34.5,135.85,114.7
Saku,Japan,36.21667,138.48333,686.6
Sakata,Japan,38.91667,139.855,1.9
Sakaiminato,Japan,35.55,133.23333,0.0
Sakaidechō,Japan,34.32278,133.8356,5.2
Sakai-nakajima,Japan,36.26667,139.25,41.3
Sakai,Japan,36.1,139.8,14.7
Sakai,Japan,34.58333,135.46667,6.3
Sakado,Japan,35.95694,139.38889,33.5
Saiki,Japan,32.95,131.9,2.0
Sagara,Japan,34.68503,138.20461,4.2
Saga,Japan,33.23333,130.3,2.5
Sabae,Japan,35.94647,136.18498,29.4
Ryūō,Japan,35.65,138.5,285.8
Ryōtsu-minato,Japan,38.07817,138.43939,6.2
Ōzu,Japan,32.86667,130.86667,99.2
Oyama,Japan,36.3,139.8,35.8
Ōyama,Japan,34.60359,138.21719,45.6
Owase,Japan,34.06667,136.2,4.0
Ōtsuki,Japan,35.6,138.93333,385.5
Ōtsu,Japan,35,135.86667,136.3
Ōtake,Japan,34.2,132.21667,71.1
Ōta,Japan,36.3,139.36667,44.3
Osaka,Japan,34.69374,135.50218,4.8
Onomichi,Japan,34.41667,133.2,52.6
Onoda,Japan,34.00139,131.18361,0.0
Ono,Japan,35.98106,136.48727,178.1
Ono,Japan,34.85,134.93333,50.8
Ōno-hara,Japan,34.28333,132.26667,4.2
Ōmuta,Japan,33.03333,130.45,15.4
Ōmura,Japan,32.92139,129.95389,14.6
Ōme,Japan,35.78389,139.24306,191.2
Ōmamachō-ōmama,Japan,36.43181,139.27534,180.6
Ōmachi,Japan,36.5,137.86667,716.5
Ōkuchi-shinohara,Japan,32.06779,130.62439,185.6
Okegawa,Japan,36,139.55722,22.3
Okazaki,Japan,34.95,137.16667,32.1
Okayama,Japan,34.65,133.93333,4.2
Okaya,Japan,36.05659,138.0451,767.7
Ōkawa,Japan,33.2,130.35,2.5
Ojiya,Japan,37.3,138.8,73.4
Ōita,Japan,33.23333,131.6,6.0
Ōiso,Japan,35.31558,139.31625,64.7
Ōi,Japan,35.85091,139.51998,19.3
Ogōri-shimogō,Japan,34.1,131.4,3.4
Ogawa,Japan,36.05342,139.26612,84.4
Ōgaki,Japan,35.35,136.61667,4.2
Odawara,Japan,35.25556,139.15972,13.1
Ōdachō-ōda,Japan,35.19025,132.50846,22.0
Ōbu,Japan,35,136.96667,5.3
Obita,Japan,32.81667,129.88333,21.6
Obama,Japan,35.49576,135.74604,2.8
Nyūzen,Japan,36.93744,137.50059,23.6
Numazu,Japan,35.1,138.86667,7.1
Numata,Japan,36.63333,139.05,359.9
Nonoichi,Japan,36.53333,136.61667,19.2
Nōgata,Japan,33.74051,130.72263,20.6
Noda,Japan,35.94897,139.86793,13.3
Nobeoka,Japan,32.58333,131.66667,6.5
Nishiwaki,Japan,34.98419,134.97407,58.4
Nishio,Japan,34.86667,137.05,8.2
Nishinoomote,Japan,30.73333,131,37.0
Nishinomiya-hama,Japan,34.71562,135.33199,6.8
Nirasaki,Japan,35.7,138.45,351.3
Ninomiya,Japan,35.3015,139.25581,22.8
Nikkō,Japan,36.75,139.61667,554.3
Niitsu-honchō,Japan,37.80024,139.1224,8.4
Niimi,Japan,34.98333,133.46667,181.1
Niihama,Japan,33.96047,133.30522,13.2
Niigata,Japan,37.88637,139.00589,2.0
Nichinan,Japan,31.6,131.36667,23.6
Naze,Japan,28.36667,129.48333,172.4
Narutochō-mitsuishi,Japan,34.19933,134.60932,2.3
Nara-shi,Japan,34.68505,135.80485,70.0
Nanao,Japan,37.05,136.96667,1.1
Namerikawa,Japan,36.76667,137.33333,0.0
Nakatsugawa,Japan,35.48333,137.5,343.2
Nakatsu,Japan,33.59811,131.1883,7.6
Nakanojōmachi,Japan,36.58717,138.84083,364.3
Nakano,Japan,36.75,138.36667,378.9
Nakamura,Japan,32.98333,132.93333,7.4
Nakama,Japan,33.81688,130.70962,5.6
Naha,Japan,26.21667,127.68333,9.9
Nagoya,Japan,35.18147,136.90641,22.2
Nago,Japan,26.61502,127.98543,31.1
Nagasaki,Japan,32.75,129.88333,13.8
Nagareyama,Japan,35.8563,139.90266,20.6
Nagaoka,Japan,37.45,138.85,26.2
Nagano,Japan,36.65,138.18333,370.0
Nagahama,Japan,35.38333,136.26667,88.4
Nabari,Japan,34.61667,136.08333,191.2
Musashino,Japan,35.70611,139.55944,60.9
Muroto-misakicho,Japan,33.28662,134.16832,84.9
Muramatsu,Japan,37.69257,139.17127,20.8
Murakami,Japan,38.23333,139.48333,2.8
Mukō,Japan,34.96545,135.70415,20.8
Muikamachi,Japan,37.06667,138.88333,163.2
Morohongō,Japan,35.93556,139.30444,116.7
Moriyama,Japan,35.06667,135.98333,93.6
Moriguchi,Japan,34.73333,135.56667,3.8
Mori,Japan,34.83333,137.93333,54.2
Mizunami,Japan,35.36667,137.25,155.7
Miyoshi,Japan,34.8,132.85,154.6
Miyazu,Japan,35.53333,135.18333,134.6
Miyazaki,Japan,31.91667,131.41667,15.5
Miyakonojō,Japan,31.73333,131.06667,148.9
Miyata,Japan,33.70811,130.65297,41.9
Mitsuke,Japan,37.53333,138.93333,40.5
Mitsukaidō,Japan,36.01667,139.98333,25.6
Mitake,Japan,35.41667,137.13333,218.2
Mitaka-shi,Japan,35.68351,139.55963,60.1
Mishima,Japan,35.11667,138.91667,23.3
Mino,Japan,34.82691,135.47057,72.6
Mino,Japan,35.53333,136.91667,236.2
Minamirinkan,Japan,35.49527,139.44279,75.8
Minamata,Japan,32.21667,130.4,2.6
Minakuchichō-matoba,Japan,34.96667,136.16667,169.6
Mikuni,Japan,36.21706,136.15185,14.7
Miki,Japan,34.8,134.98333,36.3
Mihara,Japan,34.4,133.08333,4.5
Mibu,Japan,36.41667,139.8,55.5
Menuma,Japan,36.22245,139.38205,25.5
Matsutō,Japan,36.51667,136.56667,25.0
Matsumoto,Japan,36.23333,137.96667,590.1
Matsue,Japan,35.48333,133.05,16.9
Matsudo,Japan,35.77995,139.90144,7.5
Matsubase,Japan,32.65,130.66667,3.8
Matsubara,Japan,34.56667,135.55,25.8
Masuda,Japan,34.66667,131.85,10.3
Maruoka,Japan,36.1534,136.27029,10.6
Kamimaruko,Japan,36.31865,138.27329,561.0
Marugame,Japan,34.28333,133.78333,2.7
Makurazaki,Japan,31.26667,130.31667,132.0
Maki,Japan,37.75,138.88333,5.9
Maizuru,Japan,35.45,135.33333,2.9
Maebashi,Japan,36.4,139.08333,106.8
Maebaru-chūō,Japan,33.55916,130.20148,13.8
Machida,Japan,35.54028,139.45083,85.5
Kyoto,Japan,35.02107,135.75385,49.1
Kushikino,Japan,31.71667,130.26667,9.0
Kusatsu,Japan,35.01667,135.96667,100.5
Kurume,Japan,33.31667,130.51667,12.8
Kuroda,Japan,35.35,136.78333,10.2
Kurihashi,Japan,36.13333,139.7,12.4
Kure,Japan,34.23222,132.56658,97.3
Kurayoshi,Japan,35.43333,133.81667,20.6
Kurashiki,Japan,34.58333,133.76667,2.7
Kumamoto,Japan,32.80589,130.69181,10.7
Kumagaya,Japan,36.13497,139.39004,28.4
Kukichūō,Japan,36.06739,139.67498,10.7
Kudamatsu,Japan,34,131.86667,0.0
Kozakai-chō,Japan,34.8,137.35889,7.9
Koshigaya,Japan,35.88333,139.78333,4.1
Kosai-shi,Japan,34.7184,137.53175,5.2
Kōnosu,Japan,36.06868,139.51684,13.5
Kōnan,Japan,35.33165,136.87042,19.4
Komoro,Japan,36.31667,138.43333,685.0
Komono,Japan,35,136.51667,80.7
Komatsushimachō,Japan,34,134.58333,2.4
Komatsu,Japan,36.40263,136.45088,5.0
Komaki,Japan,35.28333,136.91667,16.5
Kokubunji,Japan,35.70222,139.47556,65.0
Kokubu-matsuki,Japan,31.73333,130.76667,5.0
Koga,Japan,36.18333,139.71667,15.7
Koga,Japan,33.73333,130.46667,8.3
Kōfu,Japan,35.66667,138.56667,272.1
Kodamachō-kodamaminami,Japan,36.18497,139.13191,103.7
Kochi,Japan,33.55,133.53333,48.9
Kobe,Japan,34.6913,135.183,28.6
Kobayashi,Japan,31.98333,130.98333,206.5
Kitsuki,Japan,33.41998,131.61837,3.1
Kitakyushu,Japan,33.85181,130.85034,59.3
Kitakata,Japan,37.65,139.86667,208.0
Kitahama,Japan,35.16667,135.91667,94.2
Kishiwada,Japan,34.46667,135.36667,3.1
Kisarazu,Japan,35.37472,139.9225,3.0
Kisai,Japan,36.1,139.58333,13.5
Kiryū,Japan,36.4,139.33333,104.4
Kikuchi,Japan,32.98333,130.81667,75.5
Kazo,Japan,36.11667,139.6,10.6
Kawasaki,Japan,35.52056,139.71722,2.4
Kawasaki,Japan,33.59993,130.81495,50.0
Kawanishi,Japan,34.81667,135.41667,20.2
Kawaguchi,Japan,35.80521,139.71072,5.0
Kawagoe,Japan,35.90861,139.48528,23.4
Katsuyama,Japan,36.06173,136.50101,132.6
Kasukabe,Japan,35.98122,139.74424,8.2
Kasugai,Japan,35.24762,136.97229,26.5
Kashiwazaki,Japan,37.36667,138.55,2.9
Kashiwa,Japan,35.86224,139.97732,21.7
Kashima,Japan,33.10611,130.09056,19.0
Kashihara-shi,Japan,34.50896,135.7929,67.7
Kashihara,Japan,34.58333,135.61667,19.9
Kaseda-shirakame,Japan,31.41667,130.31667,24.0
Kasaoka,Japan,34.50597,133.50391,4.4
Kasamatsuchō,Japan,35.36667,136.76667,4.2
Kariya,Japan,34.98333,136.98333,3.1
Karatsu,Japan,33.4425,129.96972,4.3
Kanzakimachi-kanzaki,Japan,33.30895,130.37383,5.4
Kanuma,Japan,36.55,139.73333,163.8
Kanoya,Japan,31.38333,130.85,20.4
Kan’onjichō,Japan,34.1276,133.64598,3.4
Kannabechō-yahiro,Japan,34.55808,133.41796,16.7
Kanie,Japan,35.13333,136.8,0.0
Kanekomachi,Japan,36.41097,138.99621,189.2
Kanda,Japan,33.78333,130.98333,3.0
Kanazawa,Japan,36.6,136.61667,5.8
Kanaya,Japan,34.82022,138.12775,107.7
Kamojimachō-jōgejima,Japan,34.06803,134.35033,15.3
Kamogatachō-kamogata,Japan,34.53745,133.58967,16.0
Kamo,Japan,37.66442,139.03502,5.2
Kamirenjaku,Japan,35.69423,139.55495,59.0
Kaminokawa,Japan,36.43333,139.91667,63.1
Kamiichi,Japan,36.7,137.36667,45.4
Kameyama,Japan,34.85,136.45,54.4
Kameoka,Japan,35,135.58333,127.0
Kameda-honchō,Japan,37.87214,139.1099,1.2
Kamakura,Japan,35.30889,139.55028,3.9
Kakogawachō-honmachi,Japan,34.76943,134.82905,6.2
Kakegawa,Japan,34.76667,138.01667,31.5
Kakamigahara,Japan,35.41667,136.86667,38.2
Kashima-shi,Japan,35.96536,140.64474,37.4
Kajiki,Japan,31.73333,130.66667,3.4
Kaizuka,Japan,34.45,135.35,2.6
Kainan,Japan,34.15,135.2,1.3
Kagoshima,Japan,31.56667,130.55,7.9
Kadoma,Japan,34.7381,135.57442,4.9
Izumo,Japan,35.36667,132.76667,7.1
Izumiōtsu,Japan,34.5,135.4,3.4
Izumi,Japan,34.48333,135.43333,23.6
Izumi,Japan,32.08333,130.36667,36.1
Iwatsuki,Japan,35.95225,139.68502,10.7
Iwata,Japan,34.7,137.85,4.0
Iwakura,Japan,35.28333,136.86667,9.8
Iwakuni,Japan,34.16297,132.22,0.0
Iwai,Japan,36.05,139.9,7.9
Iwade,Japan,34.25,135.31667,15.2
Itsukaichi,Japan,35.72528,139.21778,172.8
Itoman,Japan,26.12647,127.66918,5.3
Itoigawa,Japan,37.03333,137.85,19.4
Itō,Japan,34.96667,139.08333,83.0
Itami,Japan,34.78427,135.40126,27.1
Ishiki,Japan,34.8,137.01667,3.2
Ishikawa,Japan,26.42333,127.82139,13.7
Ishii,Japan,34.06752,134.44208,7.4
Ishige,Japan,36.11667,139.96667,11.4
Ishigaki,Japan,24.34478,124.15717,12.7
Isesaki,Japan,36.31667,139.2,62.1
Isehara,Japan,35.39932,139.31019,30.7
Ise,Japan,34.48333,136.7,65.0
Isawa,Japan,35.65,138.63333,268.1
Isahaya,Japan,32.84111,130.04306,104.8
Inuyama,Japan,35.37995,136.94295,55.0
Ino,Japan,33.55,133.43333,34.0
Innoshima,Japan,34.28333,133.18333,28.5
Inazawa,Japan,35.25,136.78333,4.3
Ina,Japan,35.82756,137.95378,641.6
Imarichō-kō,Japan,33.27362,129.87877,6.4
Imaichi,Japan,36.71667,139.68333,389.4
Ikoma,Japan,34.68333,135.7,149.4
Ikeda,Japan,34.82208,135.4298,27.8
Ikedachō,Japan,34.02849,133.80616,116.0
Ijūin,Japan,31.61667,130.4,91.6
Iizuka,Japan,33.63654,130.68678,19.8
Iiyama,Japan,36.85,138.36667,312.4
Iida,Japan,35.51965,137.82074,511.3
Ichinomiya,Japan,35.3,136.8,9.5
Ibusuki,Japan,31.23333,130.65,3.2
Ibaraki,Japan,34.81641,135.56828,15.0
Ibara,Japan,34.6,133.46667,41.0
Hotaka,Japan,36.3396,137.88254,548.2
Honjō,Japan,36.2378,139.19023,56.3
Hondo,Japan,32.45,130.2,5.0
Hōfu,Japan,34.05,131.56667,5.4
Hitoyoshi,Japan,32.21667,130.75,138.5
Hita,Japan,33.3213,130.94098,93.6
Hisai-motomachi,Japan,34.66667,136.46667,18.6
Hiroshima,Japan,34.4,132.45,8.6
Hiratsuka,Japan,35.32785,139.33735,6.5
Hiratachō,Japan,35.43333,132.81667,3.5
Hirara,Japan,24.80379,125.30222,28.5
Hirakata,Japan,34.81352,135.64914,13.3
Hirado,Japan,33.36853,129.55247,6.0
Hino,Japan,35.67306,139.40028,73.4
Hino,Japan,35,136.25,177.8
Himimachi,Japan,36.85,136.98333,4.9
Himeji,Japan,34.81667,134.7,8.2
Hikone,Japan,35.25,136.25,97.0
Hiji,Japan,33.37081,131.53025,19.6
Hekinan,Japan,34.88333,136.98333,3.8
Hayama,Japan,35.27651,139.57733,8.3
Hatsukaichi,Japan,34.35,132.33333,3.0
Hatogaya-honchō,Japan,35.83314,139.7425,16.9
Hashimoto,Japan,34.31667,135.61667,73.1
Hanyū,Japan,36.16667,139.53333,16.6
Hannō,Japan,35.85194,139.31806,111.0
Handa,Japan,34.88333,136.93333,3.1
Hamanoichi,Japan,31.71667,130.73333,1.1
Hamamatsu,Japan,34.7,137.73333,2.6
Hamakita,Japan,34.8,137.78333,20.3
Hamada,Japan,34.88333,132.08333,147.8
Hakui,Japan,36.88333,136.78333,4.7
Haibara-akanedai,Japan,34.53333,135.95,345.3
Hagi,Japan,34.4,131.41667,32.7
Katsuren-haebaru,Japan,26.33294,127.87403,7.4
Hadano,Japan,35.37111,139.22361,101.1
Hachiōji,Japan,35.65583,139.32389,127.3
Ōmihachiman,Japan,35.12861,136.0976,94.8
Gyōda,Japan,36.14074,139.46011,20.4
Gushikawa,Japan,26.35937,127.86735,64.3
Gōtsuchō,Japan,35.00856,132.2257,26.3
Gotenba,Japan,35.31859,138.94343,444.2
Gosen,Japan,37.73333,139.16667,11.1
Gose,Japan,34.45,135.73333,103.6
Gojō,Japan,34.35,135.7,101.1
Gōdo,Japan,35.41667,136.6,14.6
Gobō,Japan,33.88333,135.15,1.0
Ginowan,Japan,26.26265,127.76147,105.3
Gifu-shi,Japan,35.42291,136.76039,19.4
Gamagōri,Japan,34.83333,137.23333,22.6
Futtsu,Japan,35.30528,139.81861,2.7
Honchō,Japan,35.70129,139.98648,12.6
Fukuyama,Japan,34.48333,133.36667,3.3
Fukuroi,Japan,34.75,137.91667,11.1
Fukura,Japan,34.25765,134.71535,4.0
Fukuoka,Japan,33.6,130.41667,5.0
Fukumitsu,Japan,36.55751,136.86945,87.5
Nishifukuma,Japan,33.76627,130.47461,5.0
Fukui-shi,Japan,36.06443,136.22257,12.4
Fukuechō,Japan,32.69732,128.84561,7.2
Fukuchiyama,Japan,35.3,135.11667,18.0
Fukiage-fujimi,Japan,36.1,139.45,17.5
Fukayachō,Japan,36.2,139.28333,38.9
Fujisawa,Japan,35.34926,139.47666,14.1
Fujioka,Japan,36.25,139.65,17.6
Fujioka,Japan,36.24624,139.07204,91.9
Fujinomiya,Japan,35.21667,138.61667,110.5
Fujieda,Japan,34.86667,138.26667,16.3
Fuji,Japan,35.16667,138.68333,8.3
Fuchūchō,Japan,34.5735,133.23513,31.8
Enzan,Japan,35.7,138.73333,394.3
Daitōchō,Japan,34.71378,135.62033,3.5
Chōfugaoka,Japan,35.65924,139.54837,36.9
Chiryū,Japan,35,137.03333,13.2
Chino,Japan,35.9944,138.15428,796.8
Chikushino-shi,Japan,33.49631,130.5156,37.6
Chigasaki,Japan,35.33638,139.40434,7.5
Chichibu,Japan,35.99028,139.07639,235.3
Chatan,Japan,26.30948,127.77024,23.0
Beppu,Japan,33.27945,131.49751,18.9
Ayabe,Japan,35.3,135.25,43.7
Atami,Japan,35.08834,139.05325,236.3
Ashiya,Japan,34.72807,135.30264,15.7
Ashikaga,Japan,36.33333,139.45,40.1
Arai,Japan,37.00059,138.2259,170.8
Annaka,Japan,36.33011,138.89585,171.4
Anjō,Japan,34.95828,137.08054,16.9
Anan,Japan,33.91667,134.65,11.9
Amagi,Japan,33.41804,130.65413,37.4
Amagasaki,Japan,34.71667,135.41667,1.9
Akune,Japan,32.01667,130.2,4.1
Kariya,Japan,34.75136,134.38734,2.4
Aki,Japan,33.5,133.9,8.6
Aioi,Japan,34.80361,134.46806,3.7
Ageoshimo,Japan,35.97145,139.61382,13.5
Okinawa,Japan,26.33583,127.80139,107.0
Kushima,Japan,31.48621,131.2421,20.0
Hikari,Japan,33.955,131.95,3.1
Nagato,Japan,34.38333,131.2,5.0
Hasuda,Japan,35.97134,139.6534,13.3
Kamifukuoka,Japan,35.87076,139.51393,22.5
Sayama,Japan,35.85295,139.41212,83.5
Fussa,Japan,35.73667,139.32361,116.5
Asaka,Japan,35.80472,139.60194,27.9
Wako,Japan,35.78944,139.62333,21.3
Shimotoda,Japan,35.81251,139.6856,5.2
Kimitsu,Japan,35.32528,139.89111,4.9
Miura,Japan,35.14,139.61917,6.2
Wakayama,Japan,34.23333,135.16667,5.1
Iyo,Japan,33.75139,132.70139,11.2
Uwajima,Japan,33.22375,132.56001,4.4
Saijō,Japan,33.91667,133.18333,5.6
Ōzu,Japan,33.5,132.55,22.1
Matsuyama,Japan,33.83916,132.76574,22.7
Masaki-chō,Japan,33.78757,132.71124,7.0
Kawanoechō,Japan,34.01654,133.57844,17.4
Hōjō,Japan,33.97661,132.77767,7.4
Yuzawa,Japan,39.16667,140.5,101.0
Yotsukaidō,Japan,35.65,140.16667,20.4
Yonezawa,Japan,37.91,140.11667,247.3
Yokotemachi,Japan,39.31691,140.55034,56.8
Yōkaichiba,Japan,35.7,140.55,10.0
Yanagawamachi-saiwaichō,Japan,37.85,140.6,42.7
Yamoto,Japan,38.42738,141.21487,2.7
Yamagata,Japan,38.23333,140.36667,328.5
Yamada,Japan,39.46667,141.95,1.3
Yachimata,Japan,35.65,140.31667,46.5
Watari,Japan,38.035,140.85111,6.3
Wakuya,Japan,38.54465,141.13461,8.9
Ushiku,Japan,35.96667,140.13333,26.2
Tsukuba,Japan,36.2,140.1,30.8
Toride,Japan,35.9,140.08333,5.2
Tōno,Japan,39.31667,141.53333,326.5
Tomobe,Japan,36.35,140.3,37.2
Tomiya,Japan,38.39306,140.88611,48.6
Tōgane,Japan,35.55,140.36667,5.3
Tendō,Japan,38.35361,140.36972,106.3
Takahata,Japan,38.0025,140.19111,222.7
Takahagi,Japan,36.71667,140.71667,6.3
Sukagawa,Japan,37.28333,140.38333,259.5
Shizukuishi,Japan,39.69414,140.98442,190.6
Shisui,Japan,35.71667,140.26667,33.5
Shiroishi,Japan,38.00333,140.61833,56.9
Shiroi,Japan,35.8,140.06667,17.7
Shiogama,Japan,38.31667,141.03333,4.0
Shinjō,Japan,38.75861,140.30083,96.5
Sendai,Japan,38.26667,140.86667,48.6
Sawara,Japan,35.88333,140.5,7.2
Sakura,Japan,35.71667,140.23333,12.2
Sagae,Japan,38.3725,140.2725,101.2
Ryūgasaki,Japan,35.9,140.18333,5.0
Rifu,Japan,38.33092,140.97691,8.1
Ōtsuchi,Japan,39.36667,141.9,4.4
Ōtawara,Japan,36.86667,140.03333,205.0
Ōmiya,Japan,36.55,140.41667,56.3
Omigawa,Japan,35.85,140.61667,1.9
Ōmagari,Japan,39.45,140.48333,26.2
Okunoya,Japan,36.28333,140.41667,22.7
Ōkawara,Japan,38.05,140.73361,18.3
Ōhara,Japan,35.25,140.38333,8.6
Ōfunato,Japan,39.07167,141.71667,4.9
Obanazawa,Japan,38.60333,140.40194,93.8
Ōarai,Japan,36.31409,140.58389,14.2
Ōami,Japan,35.51667,140.31667,8.8
Nihommatsu,Japan,37.58333,140.43333,223.2
Narutō,Japan,35.6,140.41667,3.0
Narita,Japan,35.78333,140.31667,33.0
Namie,Japan,37.48333,141,13.7
Naka,Japan,36.05,140.16667,25.9
Nagai,Japan,38.10361,140.035,202.9
Motomiya,Japan,37.51391,140.40063,210.7
Motegi,Japan,36.51667,140.18333,95.6
Moriya,Japan,35.93333,140,15.4
Morioka,Japan,39.7,141.15,137.1
Mooka,Japan,36.43333,140.01667,62.7
Mobara,Japan,35.41667,140.3,11.1
Mizusawa,Japan,39.13333,141.13333,63.2
Miyako,Japan,39.64691,141.94057,9.0
Mito,Japan,36.35,140.45,28.8
Miharu,Japan,37.43333,140.48333,353.5
Matsushima,Japan,38.37357,141.06105,17.8
Mashiko,Japan,36.46667,140.1,79.2
Marumori,Japan,37.91667,140.76667,16.0
Makabe,Japan,36.26667,140.1,41.8
Kuroiso,Japan,36.96667,140.05,300.6
Kōriyama,Japan,37.4,140.38333,232.3
Kogota,Japan,38.55,141.05,9.8
Kitakami,Japan,39.28333,141.11667,60.5
Kitaibaraki,Japan,36.78671,140.74901,4.1
Kawaguchi,Japan,35.0969,140.1003,14.2
Katsuura,Japan,35.14297,140.31388,34.8
Katsuta,Japan,36.38333,140.53333,23.0
Katori-shi,Japan,35.89767,140.49943,4.1
Kasama,Japan,36.38333,140.26667,168.9
Karasuyama,Japan,36.65,140.15,112.5
Kaminoyama,Japan,38.15389,140.27361,175.5
Kamaishi,Japan,39.27694,141.86801,17.0
Kakuda,Japan,37.97451,140.77202,9.3
Iwase,Japan,36.35,140.1,49.1
Iwanuma,Japan,38.10472,140.85944,3.4
Iwaki,Japan,37.05,140.88333,7.3
Itako,Japan,35.93333,140.55,1.0
Ishioka,Japan,36.18333,140.26667,3.1
Ishinomaki,Japan,38.41667,141.3,3.4
Ishikawa,Japan,37.15,140.45,324.0
Inawashiro,Japan,37.56667,140.11667,531.4
Ichinoseki,Japan,38.91667,141.13333,29.1
Ichihara,Japan,35.51667,140.08333,2.0
Hobaramachi,Japan,37.81667,140.55,51.0
Hitachi,Japan,36.6,140.65,52.5
Higashine,Japan,38.43889,140.40056,120.0
Hasaki,Japan,35.73333,140.83333,1.6
Hanamaki,Japan,39.38333,141.11667,72.5
Furukawa,Japan,38.57167,140.95556,20.7
Funehikimachi-funehiki,Japan,37.44722,140.5771,439.1
Funaishikawa,Japan,36.46667,140.56667,31.5
Fukushima,Japan,37.75,140.46667,73.5
Fujishiro,Japan,35.91667,140.11667,5.5
Edosaki,Japan,35.95,140.31667,1.1
Daigo,Japan,36.76667,140.35,187.8
Chiba,Japan,35.6,140.11667,-0.5
Asahi,Japan,35.71667,140.65,6.9
Ami,Japan,36.03333,140.2,28.3
Akita,Japan,39.71667,140.11667,8.1
Abiko,Japan,35.86667,140.01667,5.1
Akitashi,Japan,39.71667,140.1,11.3
Bihoro,Japan,43.82278,144.10444,29.9
Wakkanai,Japan,45.40944,141.67389,5.9
Tomakomai,Japan,42.63694,141.60333,5.5
Tōbetsu,Japan,43.21694,141.51694,14.1
Mutsu,Japan,41.28944,141.21694,3.4
Takikawa,Japan,43.55278,141.90639,27.6
Takanosu,Japan,40.22268,140.36611,24.3
Sunagawa,Japan,43.48639,141.90556,34.6
Shizunai-furukawachō,Japan,42.33389,142.36694,2.6
Shiraoi,Japan,42.55,141.35,5.6
Shimo-furano,Japan,43.35,142.38333,170.3
Shibetsu,Japan,43.65899,145.13197,2.9
Sapporo,Japan,43.06667,141.35,16.9
Rumoi,Japan,43.93444,141.64278,31.5
Otofuke,Japan,42.99167,143.20028,67.5
Otaru,Japan,43.18944,141.00222,24.9
Ōdate,Japan,40.27178,140.55756,61.8
Obihiro,Japan,42.91722,143.20444,43.6
Noshiromachi,Japan,40.20382,140.03934,2.2
Nemuro,Japan,43.32361,145.575,21.9
Nayoro,Japan,44.35056,142.45778,98.6
Nanae,Japan,41.88333,140.68333,14.2
Namioka,Japan,40.71069,140.59048,26.4
Muroran,Japan,42.31722,140.98806,8.2
Mombetsu,Japan,44.3525,143.3525,14.6
Misawa,Japan,40.68682,141.38969,32.0
Yoichi,Japan,43.20389,140.77028,3.3
Makubetsu,Japan,45.37139,141.82111,27.5
Kushiro,Japan,42.975,144.37472,4.6
Kuroishi,Japan,40.64581,140.58354,43.5
Shimokizukuri,Japan,40.81609,140.37539,5.3
Kitami,Japan,43.80306,143.89083,74.9
Kamiiso,Japan,41.82013,140.64482,2.2
Iwanai,Japan,42.97444,140.50889,4.2
Iwamizawa,Japan,43.20028,141.75972,20.4
Ishikari,Japan,43.23972,141.35389,2.5
Ichinohe,Japan,40.21965,141.28986,233.9
Kitahiroshima,Japan,42.97583,141.56722,20.5
Hirosaki,Japan,40.59306,140.4725,43.4
Hanawa,Japan,40.18361,140.78722,141.6
Hakodate,Japan,41.77583,140.73667,4.3
Hachinohe,Japan,40.5,141.5,15.0
Fukagawa,Japan,43.70806,142.03917,41.4
Ebetsu,Japan,43.10806,141.55056,12.2
Date,Japan,42.46806,140.86806,5.7
Chitose,Japan,42.81944,141.65222,15.8
Bibai,Japan,43.32472,141.85861,26.1
Ashibetsu,Japan,43.50972,142.18556,113.5
Asahikawa,Japan,43.77063,142.36489,116.1
Aomorishi,Japan,40.81667,140.73333,4.3
Abashiri,Japan,44.02127,144.26971,9.4
Goshogawara,Japan,40.80444,140.44139,9.9
Aso,Japan,32.93726,131.08008,523.5
Nanto-shi,Japan,36.56922,136.91162,67.6
Kawage,Japan,34.80447,136.54645,14.7
Neyagawa,Japan,34.76615,135.62759,13.2
Hitachi-Naka,Japan,36.39659,140.53479,27.9
Inashiki,Japan,35.95633,140.32356,2.2
Ōnojō,Japan,33.53567,130.47861,21.4
Minokamo,Japan,35.48199,137.02166,168.5
Gujō,Japan,35.73691,136.95852,324.5
Jōetsu,Japan,37.14828,138.23642,9.4
Saitama,Japan,35.90807,139.65657,12.5
Higashimurayama-shi,Japan,35.75459,139.46852,82.1
Fujikawaguchiko,Japan,35.48933,138.68832,1076.7
Dazaifu,Japan,33.51278,130.52389,39.0
Kamigyō-ku,Japan,35.02954,135.75666,58.9
Buzen,Japan,33.61153,131.13002,18.2
Sendai,Japan,38.25759,140.8667,42.6
Webuye,Kenya,0.60751,34.76966,1519.2
Wajir,Kenya,1.7471,40.05732,259.0
Voi,Kenya,-3.39605,38.55609,580.7
Thika,Kenya,-1.03326,37.06933,1504.3
Rongai,Kenya,-0.17333,35.86382,1872.5
Pumwani,Kenya,-1.28333,36.85,1644.8
Nyeri,Kenya,-0.42013,36.94759,1813.2
Nyahururu,Kenya,0.0421,36.36734,2352.0
Narok,Kenya,-1.07829,35.86012,1900.4
Nanyuki,Kenya,0.01667,37.07283,1926.5
Nakuru,Kenya,-0.28333,36.06667,1848.6
Naivasha,Kenya,-0.71667,36.43591,1917.9
Nairobi,Kenya,-1.28333,36.81667,1670.4
Mumias,Kenya,0.33511,34.4864,1314.5
Muhoroni,Kenya,-0.15406,35.19878,1295.5
Moyale,Kenya,3.5216,39.05472,1106.4
Mombasa,Kenya,-4.05466,39.66359,21.2
Molo,Kenya,-0.2479,35.73743,2479.3
Migori,Kenya,-1.06343,34.47313,1379.4
Meru,Kenya,0.04626,37.65587,1576.5
Mbale,Kenya,-3.4,38.38333,1171.2
Marsabit,Kenya,2.32839,37.98986,1359.1
Maralal,Kenya,1.09679,36.69799,1941.0
Mandera,Kenya,3.93726,41.85688,214.3
Malindi,Kenya,-3.21799,40.11692,7.5
Makueni,Kenya,-1.80409,37.62034,1231.7
Machakos,Kenya,-1.51667,37.26667,1624.9
Lugulu,Kenya,0.39361,34.30528,1270.9
Lodwar,Kenya,3.11911,35.59727,503.7
Lamu,Kenya,-2.27169,40.90201,8.7
Kitui,Kenya,-1.36696,38.01055,1154.0
Kitale,Kenya,1.01572,35.00622,1899.0
Kisumu,Kenya,-0.10221,34.76171,1170.9
Kisii,Kenya,-0.68174,34.76666,1681.9
Kilifi,Kenya,-3.63045,39.84992,23.0
Kiambu,Kenya,-1.16667,36.83333,1689.5
Keruguya,Kenya,-0.49887,37.28031,1548.3
Kericho,Kenya,-0.36774,35.28314,1997.5
Karuri,Kenya,-0.7,37.18333,1211.3
Kapenguria,Kenya,1.23333,35.11667,2013.0
Kakamega,Kenya,0.28422,34.75229,1559.3
Kabarnet,Kenya,0.49194,35.74303,2047.6
Isiolo,Kenya,0.35462,37.58218,1095.0
Homa Bay,Kenya,-0.52731,34.45714,1159.6
Garissa,Kenya,-0.45275,39.64601,148.8
Embu,Kenya,-0.53112,37.45061,1404.7
Eldoret,Kenya,0.52036,35.26993,2090.3
Busia,Kenya,0.46005,34.11169,1220.7
Bungoma,Kenya,0.5635,34.56055,1426.1
Athi River,Kenya,-1.4563,36.97826,1514.9
Siaya,Kenya,0.06116,34.28823,1315.6
Ol Kalou,Kenya,-0.27088,36.37917,2345.8
Suluktu,Kyrgyzstan,39.93652,69.56779,1255.0
Isfana,Kyrgyzstan,39.83895,69.5276,1306.3
Balykchy,Kyrgyzstan,42.46017,76.18709,1643.6
Tokmok,Kyrgyzstan,42.84194,75.30149,825.2
Tash-Kumyr,Kyrgyzstan,41.34612,72.21707,606.9
Talas,Kyrgyzstan,42.52277,72.24274,1238.5
Kyzyl-Suu,Kyrgyzstan,42.34211,78.00644,1754.4
Uzgen,Kyrgyzstan,40.76994,73.30068,1027.4
Osh,Kyrgyzstan,40.52828,72.7985,984.3
Naryn,Kyrgyzstan,41.42866,75.99111,2048.7
Kyzyl-Kyya,Kyrgyzstan,40.25684,72.12793,998.0
Kara Suu,Kyrgyzstan,40.7046,72.86666,743.4
Karakol,Kyrgyzstan,42.49068,78.39362,1755.0
Kara-Balta,Kyrgyzstan,42.81423,73.84813,788.9
Kant,Kyrgyzstan,42.89106,74.85077,742.0
Jalal-Abad,Kyrgyzstan,40.93333,73,771.3
Iradan,Kyrgyzstan,40.26667,72.1,931.4
Cholpon-Ata,Kyrgyzstan,42.64944,77.08225,1628.8
Bishkek,Kyrgyzstan,42.87,74.59,767.8
Bazar-Korgon,Kyrgyzstan,41.0376,72.74586,727.9
At-Bashi,Kyrgyzstan,41.16951,75.80099,2050.0
Toktogul,Kyrgyzstan,41.87442,72.94192,987.3
Phnom Penh,Cambodia,11.56245,104.91601,12.9
Ta Khmau,Cambodia,11.48333,104.95,2.0
Takeo,Cambodia,10.99081,104.78498,8.2
Svay Rieng,Cambodia,11.08785,105.79935,11.4
Stung Treng,Cambodia,13.52586,105.9683,51.8
Sisŏphŏn,Cambodia,13.58588,102.97369,13.4
Siem Reap,Cambodia,13.36179,103.86056,17.0
Prey Veng,Cambodia,11.48682,105.32533,12.5
Pursat,Cambodia,12.53878,103.9192,25.7
Phumĭ Véal Srê,Cambodia,10.98081,104.77828,8.7
Sâmraông,Cambodia,14.18175,103.51761,48.7
Tbêng Méanchey,Cambodia,13.80731,104.98046,54.5
Paôy Pêt,Cambodia,13.65611,102.5625,42.2
Pailin,Cambodia,12.84895,102.60928,199.8
Lumphăt,Cambodia,13.48784,106.98158,100.3
Koh Kong,Cambodia,11.61531,102.9838,3.9
Kratié,Cambodia,12.48811,106.01879,24.4
Kampot,Cambodia,10.61041,104.18145,3.8
Kampong Thom,Cambodia,12.71112,104.88873,12.2
Kampong Speu,Cambodia,11.45332,104.52085,31.5
Sihanoukville,Cambodia,10.60932,103.52958,5.7
Kampong Chhnang,Cambodia,12.25,104.66667,14.5
Kampong Cham,Cambodia,11.99339,105.4635,20.8
Ban Lŭng,Cambodia,13.73939,106.98727,317.7
Battambang,Cambodia,13.10271,103.19822,18.4
Smach Mean Chey,Cambodia,11.54665,103.03569,2.5
Tarawa,Kiribati,1.3278,172.97696,5.4
Moutsamoudou,Comoros,-12.16672,44.39944,57.8
Moroni,Comoros,-11.70216,43.25506,17.7
Basseterre,Saint Kitts and Nevis,17.29484,-62.7261,5.2
Yŏnan-ŭp,North Korea,37.90889,126.16111,37.5
Wŏnsan,North Korea,39.15278,127.44361,4.1
T’ongch’ŏn-ŭp,North Korea,38.95389,127.89167,4.0
Sŭngho 1-tong,North Korea,38.99139,125.97778,36.0
Sunan,North Korea,39.19833,125.69,27.6
Songnim,North Korea,38.75417,125.645,19.2
Sil-li,North Korea,39.49472,125.47361,6.8
Sinmak,North Korea,38.41667,126.23333,108.4
Sinanju,North Korea,39.59806,125.60972,11.2
Sariwŏn,North Korea,38.50722,125.75583,15.7
Samho-rodongjagu,North Korea,39.9475,127.87111,1.9
Pyongyang,North Korea,39.03385,125.75432,33.2
P’yŏngsŏng,North Korea,39.24639,125.87194,48.0
Ongjin,North Korea,37.93472,125.36194,15.7
Namp’o,North Korea,38.7375,125.40778,5.4
Kusŏng,North Korea,39.98111,125.24472,103.1
Kujang-ŭp,North Korea,39.86722,126.03028,62.0
Kowŏn-ŭp,North Korea,39.43806,127.24306,7.4
Kosan,North Korea,38.85583,127.41806,192.2
Kangdong-ŭp,North Korea,39.1425,126.09611,43.1
Kaesŏng,North Korea,37.97083,126.55444,39.0
Hwangju-ŭp,North Korea,38.67028,125.77611,22.5
Hŭngnam,North Korea,39.83167,127.61861,0.0
Hŭkkyo-ri,North Korea,38.79861,125.79194,15.7
Hoeyang,North Korea,38.71028,127.59833,351.3
Hamhŭng,North Korea,39.91833,127.53639,13.2
Haeju,North Korea,38.04056,125.71472,51.3
Chunghwa,North Korea,38.86389,125.8,36.6
Chŏngju,North Korea,39.69333,125.21028,12.0
Changyŏn,North Korea,38.25083,125.09611,18.8
Chaeryŏng-ŭp,North Korea,38.39917,125.61556,15.1
Ayang-ni,North Korea,38.24306,125.78,107.0
Anju,North Korea,39.61778,125.66472,10.6
Anbyŏn-ŭp,North Korea,39.0425,127.52389,11.3
Anak,North Korea,38.51083,125.49417,27.5
Yuktae-dong,North Korea,40.02472,128.15972,3.4
Ŭiju,North Korea,40.19944,124.53167,21.3
Sŏnbong,North Korea,42.34222,130.39667,8.7
Sinŭiju,North Korea,40.10056,124.39806,8.1
Sakchu-ŭp,North Korea,40.38944,125.04667,137.4
Yŏnggwang-ŭp,North Korea,40.01833,127.45472,32.7
Onsŏng,North Korea,42.95722,129.99333,85.0
Nanam,North Korea,41.71361,129.68444,20.7
Namyang-dong,North Korea,42.95,129.86667,276.9
Najin,North Korea,42.24889,130.30028,4.2
Musan-ŭp,North Korea,42.22609,129.20776,480.9
Kyŏngsŏng,North Korea,41.58778,129.60611,15.2
Kilju,North Korea,40.96417,129.32778,127.0
Kapsan-ŭp,North Korea,41.09028,128.29333,810.5
Kanggye-si,North Korea,40.96946,126.58523,286.9
Iwŏn-ŭp,North Korea,40.32306,128.65528,3.8
Hyesan-dong,North Korea,41.39756,128.17873,736.5
Hyesan-si,North Korea,41.40167,128.17778,709.9
Hongwŏn,North Korea,40.02528,127.95583,41.1
Hoeryŏng,North Korea,42.44278,129.75083,246.1
Chongjin,North Korea,41.79556,129.77583,6.5
Aoji-ri,North Korea,42.52056,130.39528,25.1
Heung-hai,South Korea,36.1125,129.35222,9.3
Enjitsu,South Korea,35.99417,129.345,5.2
Neietsu,South Korea,37.18447,128.46821,205.5
Eisen,South Korea,36.82167,128.63083,142.5
Reiko,South Korea,35.275,126.50944,43.4
Yŏng-dong,South Korea,36.175,127.77639,131.4
Eisen,South Korea,35.9675,128.93083,85.4
Yeoju,South Korea,37.29583,127.63389,48.0
Yesan,South Korea,36.67756,126.84272,23.0
Yangsan,South Korea,35.33861,129.03861,11.5
Yangp'yŏng,South Korea,37.48972,127.49056,36.9
Yangju,South Korea,37.83311,127.06169,71.7
Yanggu,South Korea,38.10583,127.98944,191.5
Wŏnju,South Korea,37.35139,127.94528,128.8
Wanju,South Korea,35.84509,127.14752,55.2
Waegwan,South Korea,35.99175,128.39732,30.6
Ulsan,South Korea,35.53722,129.31667,11.5
Uijeongbu-si,South Korea,37.7415,127.0474,42.2
Tangjin,South Korea,36.89444,126.62972,18.8
Taesal-li,South Korea,36.9714,126.4542,18.0
Daejeon,South Korea,36.32139,127.41972,69.0
Daegu,South Korea,35.87028,128.59111,43.2
Taisen-ri,South Korea,36.34931,126.59772,11.4
T’aebaek,South Korea,37.1759,128.9889,688.2
Suwon-si,South Korea,37.29111,127.00889,54.7
Suncheon,South Korea,34.94808,127.48947,15.6
Seoul,South Korea,37.566,126.9784,31.2
Suisan,South Korea,36.78167,126.45222,33.0
Jenzan,South Korea,36.24083,128.2975,47.1
Seonghwan,South Korea,36.91556,127.13139,36.1
Sokcho,South Korea,38.20701,128.59181,8.7
Sangju,South Korea,36.41528,128.16056,58.5
Santyoku,South Korea,37.44056,129.17083,10.2
Fuyo,South Korea,36.28194,126.9125,15.2
Busan,South Korea,35.10278,129.04028,2.0
Bucheon-si,South Korea,37.49889,126.78306,12.9
Puan,South Korea,35.72806,126.73194,13.0
Beolgyo,South Korea,34.84495,127.34293,4.3
Pohang,South Korea,36.03222,129.365,10.6
Osan,South Korea,37.15222,127.07056,21.3
Asan,South Korea,36.78361,127.00417,26.2
Okcheon,South Korea,36.3012,127.568,98.2
Kosong,South Korea,38.37881,128.4676,16.9
Nonsan,South Korea,36.20389,127.08472,10.2
Nangen,South Korea,35.41,127.38583,102.0
Naju,South Korea,35.02833,126.7175,25.7
Munsan,South Korea,37.85944,126.785,18.6
Mungyeong,South Korea,36.59458,128.19946,72.4
Muan,South Korea,34.99014,126.47899,19.6
Moppo,South Korea,34.79361,126.38861,2.5
Miryang,South Korea,35.49333,128.74889,12.6
Gyeongsan-si,South Korea,35.82333,128.73778,55.8
Kyonju,South Korea,35.84278,129.21167,42.9
Kwangyang,South Korea,34.97528,127.58917,15.7
Gwangju,South Korea,37.41,127.25722,47.4
Gwangju,South Korea,35.15472,126.91556,47.8
Kurye,South Korea,35.20944,127.46444,42.3
Guri-si,South Korea,37.5986,127.1394,26.9
Kunwi,South Korea,36.23472,128.57278,104.5
Kunsan,South Korea,35.97861,126.71139,11.8
Kinzan,South Korea,36.10306,127.48889,160.5
Gumi,South Korea,36.1136,128.336,60.1
Goyang-si,South Korea,37.65639,126.835,18.0
Goseong,South Korea,34.97631,128.32361,14.4
Gongju,South Korea,36.45556,127.12472,22.5
Kyosai,South Korea,34.85028,128.58861,9.1
Koesan,South Korea,36.81083,127.79472,113.8
Koch'ang,South Korea,35.43333,126.7,42.9
Kimje,South Korea,35.80167,126.88889,16.2
Kimhae,South Korea,35.23417,128.88111,15.6
Gimcheon,South Korea,36.12176,128.11981,81.7
Gijang,South Korea,35.24417,129.21389,18.2
Gapyeong,South Korea,37.83101,127.51059,62.9
Kang-neung,South Korea,37.75556,128.89611,13.6
Ganghwa-gun,South Korea,37.74722,126.48556,16.2
Iksan,South Korea,35.94389,126.95444,17.5
Incheon,South Korea,37.45646,126.70515,42.5
Imsil,South Korea,35.61306,127.27944,231.2
Icheon-si,South Korea,37.27917,127.4425,64.9
Hwasun,South Korea,35.05944,126.985,91.2
Hwaseong-si,South Korea,37.20682,126.8169,16.1
Hwacheon,South Korea,38.10611,127.70667,109.1
Hongsung,South Korea,36.6009,126.665,30.8
Hongch’ŏn,South Korea,37.6918,127.8857,137.4
Hayang,South Korea,35.91333,128.82,54.0
Haenam,South Korea,34.57111,126.59889,36.7
Chuncheon,South Korea,37.87472,127.73417,92.4
Jeonju,South Korea,35.82194,127.14889,41.1
Cheongsong gun,South Korea,36.43351,129.057,197.4
Cheongju-si,South Korea,36.63722,127.48972,46.0
Cheonan,South Korea,36.8065,127.1522,39.1
Chinju,South Korea,35.19278,128.08472,34.1
Chinch'ŏn,South Korea,36.85667,127.44333,65.5
Jinan-gun,South Korea,35.79167,127.42528,294.6
Jeju-si,South Korea,33.50972,126.52194,23.1
Changwon,South Korea,35.22806,128.68111,28.8
Changsu,South Korea,35.64842,127.51523,412.0
Anyang-si,South Korea,37.3925,126.92694,53.9
Anseong,South Korea,37.01083,127.27028,34.6
Ansan-si,South Korea,37.32361,126.82194,12.3
Andong,South Korea,36.56556,128.725,95.1
Gaigeturi,South Korea,33.46444,126.31833,6.3
Sinhyeon,South Korea,34.8825,128.62667,12.6
Yeosu,South Korea,34.76278,127.66528,8.3
Yŏnmu,South Korea,36.12944,127.1,34.0
Tonghae,South Korea,37.54389,129.10694,16.7
Pubal,South Korea,37.29167,127.50778,44.8
Seongnam-si,South Korea,37.43861,127.13778,77.0
Hanam,South Korea,37.54,127.20556,27.9
Hwado,South Korea,37.6525,127.3075,81.4
Namyangju,South Korea,37.63667,127.21417,60.5
Ungsang,South Korea,35.40611,129.16861,102.5
Wabu,South Korea,37.58972,127.22028,27.9
Naesŏ,South Korea,35.24972,128.52,60.5
Hwawŏn,South Korea,35.80167,128.50083,34.8
Kwangmyŏng,South Korea,37.47722,126.86639,23.6
Sinan,South Korea,34.8262,126.10863,4.7
Seogwipo,South Korea,33.25333,126.56181,70.3
Changnyeong,South Korea,35.54145,128.49506,64.5
Janūb as Surrah,Kuwait,29.26917,47.97806,45.6
Ḩawallī,Kuwait,29.33278,48.02861,14.6
Bayān,Kuwait,29.3032,48.04881,19.0
As Sālimīyah,Kuwait,29.33389,48.07611,4.1
Ar Rumaythīyah,Kuwait,29.31167,48.07417,7.5
Ar Riqqah,Kuwait,29.14583,48.09472,45.5
Al Manqaf,Kuwait,29.09611,48.13278,7.6
Al Mahbūlah,Kuwait,29.145,48.13028,3.7
Kuwait City,Kuwait,29.36972,47.97833,12.8
Al Jahrā’,Kuwait,29.3375,47.65806,36.6
Al Faḩāḩīl,Kuwait,29.0825,48.13028,14.7
Al Finţās,Kuwait,29.17389,48.12111,8.0
Al Farwānīyah,Kuwait,29.2775,47.95861,38.4
Al Aḩmadī,Kuwait,29.07694,48.08389,71.2
Ad Dasmah,Kuwait,29.365,48.00139,6.0
Salwá,Kuwait,29.29583,48.07861,6.6
Ar Rābiyah,Kuwait,29.295,47.93306,22.8
Şabāḩ as Sālim,Kuwait,29.25722,48.05722,33.6
George Town,Cayman Islands,19.2866,-81.37436,4.5
Zhanaozen,Kazakhstan,43.34116,52.86192,205.2
Shalqar,Kazakhstan,47.83333,59.6,165.2
Shalkar,Kazakhstan,48.03333,48.9,-8.8
Oral,Kazakhstan,51.23333,51.36667,35.8
Kandyagash,Kazakhstan,49.46912,57.41914,295.8
Qulsary,Kazakhstan,46.95307,54.01978,-10.8
Khromtau,Kazakhstan,50.25117,58.44003,429.7
Karagandy,Kazakhstan,49.83333,73.1658,576.2
Embi,Kazakhstan,48.82981,58.15042,234.0
Balyqshy,Kazakhstan,47.06667,51.86667,-24.2
Atyrau,Kazakhstan,47.11667,51.88333,-21.3
Aqtöbe,Kazakhstan,50.27969,57.20718,211.5
Aktau,Kazakhstan,43.64806,51.17222,-3.1
Aqsay,Kazakhstan,51.1681,52.99782,66.3
Zyryanovsk,Kazakhstan,49.72654,84.27318,475.2
Zhosaly,Kazakhstan,45.48778,64.07806,100.3
Zhezqazghan,Kazakhstan,47.78333,67.76667,330.7
Dzhetygara,Kazakhstan,52.19019,61.19894,271.0
Zhangatas,Kazakhstan,43.56222,69.73428,511.4
Ayteke Bi,Kazakhstan,45.84607,62.15264,67.9
Taraz,Kazakhstan,42.9,71.36667,624.3
Zaysan,Kazakhstan,47.46657,84.87144,638.8
Yanykurgan,Kazakhstan,43.90652,67.24637,166.2
Vannovka,Kazakhstan,42.5334,70.3496,771.7
Ush-Tyube,Kazakhstan,45.25201,77.98007,427.6
Turkestan,Kazakhstan,43.29733,68.25175,214.1
Temirtau,Kazakhstan,50.05494,72.96464,515.1
Tekeli,Kazakhstan,44.83322,78.83089,1149.7
Tasböget,Kazakhstan,44.77384,65.55227,132.0
Talghar,Kazakhstan,43.30348,77.24085,976.1
Taldykorgan,Kazakhstan,45.01556,78.37389,595.1
Taldyqorghan,Kazakhstan,45,77.91667,460.2
Shymkent,Kazakhstan,42.3,69.6,517.9
Shu,Kazakhstan,43.59833,73.76139,469.3
Shemonaīkha,Kazakhstan,50.62811,81.91213,313.9
Shchūchīnsk,Kazakhstan,52.93818,70.1895,411.3
Semey,Kazakhstan,50.42675,80.26669,208.8
Saryaghash,Kazakhstan,41.45,69.16667,427.0
Sarkand,Kazakhstan,45.41126,79.91545,775.9
Sorang,Kazakhstan,49.7908,72.83744,490.3
Rudnyy,Kazakhstan,52.9729,63.11677,167.0
Kyzylorda,Kazakhstan,44.85278,65.50917,128.9
Kostanay,Kazakhstan,53.21435,63.62463,166.7
Karatau,Kazakhstan,43.17869,70.46768,516.6
Kapshagay,Kazakhstan,43.86681,77.06304,498.3
Petropavlovsk,Kazakhstan,54.87279,69.143,139.2
Pavlodar,Kazakhstan,52.27401,77.00438,142.3
Zharkent,Kazakhstan,44.1666,80.00655,632.4
Ust-Kamenogorsk,Kazakhstan,49.97143,82.60586,287.7
Sarykemer,Kazakhstan,43,71.5,551.0
Merke,Kazakhstan,42.86773,73.17623,701.9
Makīnsk,Kazakhstan,52.63373,70.4177,384.8
Lisakovsk,Kazakhstan,52.54707,62.49987,192.6
Baykonyr,Kazakhstan,45.61667,63.31667,93.1
Ridder,Kazakhstan,50.34413,83.51287,737.5
Lenger,Kazakhstan,42.18301,69.88393,769.6
Kokshetau,Kazakhstan,53.28245,69.39692,233.6
Kentau,Kazakhstan,43.52061,68.5094,434.0
Esik,Kazakhstan,43.3552,77.45245,1030.7
Georgīevka,Kazakhstan,49.32671,81.57373,424.3
Aksu,Kazakhstan,52.04023,76.92748,120.6
Otegen Batyra,Kazakhstan,43.41949,77.0202,640.0
Ekibastuz,Kazakhstan,51.72371,75.32287,204.5
Shīeli,Kazakhstan,44.16882,66.73887,153.0
Shardara,Kazakhstan,41.26182,67.98437,298.3
Burunday,Kazakhstan,43.36028,76.85778,689.2
Aksu,Kazakhstan,42.4219,69.82795,616.9
Balqash,Kazakhstan,46.84806,74.995,369.8
Ayagoz,Kazakhstan,47.96447,80.43437,660.0
Atbasar,Kazakhstan,51.80652,68.35996,281.1
Arys,Kazakhstan,42.42965,68.80463,238.9
Arkalyk,Kazakhstan,50.24915,66.92027,348.8
Aral,Kazakhstan,46.8,61.66667,54.1
Astana,Kazakhstan,51.1801,71.44598,357.9
Almaty,Kazakhstan,43.25654,76.92848,791.0
Akkol’,Kazakhstan,53.29617,69.59997,260.4
Abay,Kazakhstan,49.63575,72.86164,502.1
Stepnogorsk,Kazakhstan,52.35533,71.88641,318.5
Kyzyl-Orda,Kazakhstan,44.8479,65.49989,129.7
Vientiane,Laos,17.96667,102.6,175.9
Xam Nua,Laos,20.41591,104.04838,956.4
Savannakhét,Laos,16.56505,104.75273,143.5
Pakxé,Laos,15.12022,105.79898,105.4
Muang Xay,Laos,20.69229,101.98368,650.4
Vangviang,Laos,18.9235,102.44784,239.6
Muang Phônsavan,Laos,19.45,103.21667,1125.0
Muang Pakxan,Laos,18.38261,103.65857,157.8
Thakhèk,Laos,17.41027,104.83068,173.6
Luang Prabang,Laos,19.88601,102.13503,296.6
Ban Houakhoua,Laos,20.2467,100.45401,359.7
Phonsavan,Laos,19.45907,103.17999,1081.6
Zahlé,Lebanon,33.84675,35.90203,964.0
Tripoli,Lebanon,34.43667,35.84972,78.8
Tyre,Lebanon,33.27333,35.19389,9.0
Sidon,Lebanon,33.55993,35.37564,15.4
Ra’s Bayrūt,Lebanon,33.9,35.48333,35.1
Djounie,Lebanon,33.98083,35.61778,48.4
Jbaïl,Lebanon,34.12111,35.64806,34.9
Habboûch,Lebanon,33.40729,35.48169,451.3
Bcharré,Lebanon,34.25083,36.01056,1434.7
Beirut,Lebanon,33.88894,35.49442,90.4
Baalbek,Lebanon,34.00583,36.21806,1184.5
En Nâqoûra,Lebanon,33.11806,35.13972,74.7
Nabatîyé et Tahta,Lebanon,33.37889,35.48389,419.8
Castries,Saint Lucia,13.9957,-61.00614,107.7
Vaduz,Liechtenstein,47.14151,9.52154,464.8
Welisara,Sri Lanka,7.0281,79.9014,4.5
Weligama,Sri Lanka,5.97501,80.42968,3.9
Wattala,Sri Lanka,6.9779,79.8898,6.0
Vavuniya,Sri Lanka,8.7514,80.4971,101.8
Valvedditturai,Sri Lanka,9.81667,80.16667,9.0
Trincomalee,Sri Lanka,8.5711,81.2335,6.4
Ratnapura,Sri Lanka,6.68278,80.39917,41.8
Puttalam,Sri Lanka,8.0362,79.8283,4.7
Point Pedro,Sri Lanka,9.81667,80.23333,8.3
Pita Kotte,Sri Lanka,6.8905,79.9015,19.3
Peliyagoda,Sri Lanka,6.9685,79.8836,6.0
Panadura,Sri Lanka,6.7132,79.9026,3.6
Nuwara Eliya,Sri Lanka,6.97078,80.78286,1863.5
Negombo,Sri Lanka,7.2083,79.8358,1.0
Mulleriyawa,Sri Lanka,6.933,79.9297,3.5
Moratuwa,Sri Lanka,6.773,79.8816,8.6
Matara,Sri Lanka,5.94851,80.53528,4.4
Maharagama,Sri Lanka,6.848,79.9265,26.2
Kurunegala,Sri Lanka,7.4863,80.3623,119.3
Sri Jayewardenepura Kotte,Sri Lanka,6.88297,79.90708,26.1
Kotikawatta,Sri Lanka,6.9269,79.9095,20.4
Kolonnawa,Sri Lanka,6.9329,79.8848,19.4
Kelaniya,Sri Lanka,6.9553,79.922,5.3
Katunayaka,Sri Lanka,7.16992,79.88837,7.7
Kandy,Sri Lanka,7.2955,80.6356,505.3
Kandana,Sri Lanka,7.048,79.8937,5.9
Kalutara,Sri Lanka,6.5831,79.9593,4.4
Kalmunai,Sri Lanka,7.40902,81.83472,6.1
Jaffna,Sri Lanka,9.66845,80.00742,4.8
Ja Ela,Sri Lanka,7.0744,79.8919,7.3
Homagama,Sri Lanka,6.844,80.0024,29.2
Hendala,Sri Lanka,6.9909,79.883,7.3
Hatton,Sri Lanka,6.8916,80.5955,1308.0
Hanwella Ihala,Sri Lanka,6.9012,80.0852,8.5
Gampola,Sri Lanka,7.1643,80.5696,493.0
Galle,Sri Lanka,6.0367,80.217,21.2
Galkissa,Sri Lanka,6.8293,79.863,4.3
Eravur Town,Sri Lanka,7.7782,81.6038,5.8
Dambulla,Sri Lanka,7.86,80.65167,163.9
Colombo,Sri Lanka,6.93194,79.84778,3.0
Chilaw,Sri Lanka,7.57583,79.79528,4.8
Beruwala,Sri Lanka,6.4788,79.9828,8.0
Bentota,Sri Lanka,6.42598,79.99575,5.5
Batticaloa,Sri Lanka,7.7102,81.6924,11.6
Battaramulla South,Sri Lanka,6.8964,79.9181,7.5
Badulla,Sri Lanka,6.9895,81.0557,663.5
Anuradhapura,Sri Lanka,8.31223,80.41306,94.8
Ampara,Sri Lanka,7.29754,81.68202,29.8
Ambalangoda,Sri Lanka,6.2355,80.0538,11.2
Shanjeev Home,Sri Lanka,7.38216,81.84198,5.8
Zwedru,Liberia,6.06846,-8.13559,219.3
New Yekepa,Liberia,7.57944,-8.53778,506.4
Voinjama,Liberia,8.42194,-9.74778,546.3
Monrovia,Liberia,6.30054,-10.7969,27.6
Kakata,Liberia,6.53104,-10.35368,93.7
Harper,Liberia,4.3782,-7.71081,13.1
Greenville,Liberia,5.01133,-9.0388,8.5
Gbarnga,Liberia,6.99543,-9.47122,251.0
Buchanan,Liberia,5.88109,-10.04472,12.5
Bensonville,Liberia,6.44716,-10.61283,41.3
Quthing,Lesotho,-30.40001,27.70027,1515.5
Qacha’s Nek,Lesotho,-30.11537,28.68936,1972.8
Mohale’s Hoek,Lesotho,-30.15137,27.47691,1594.7
Maseru,Lesotho,-29.31667,27.48333,1543.2
Maputsoe,Lesotho,-28.8866,27.89915,1579.9
Mafeteng,Lesotho,-29.82299,27.23744,1665.7
Leribe,Lesotho,-28.87185,28.04501,1636.8
Butha-Buthe,Lesotho,-28.76659,28.24937,1712.8
Visaginas,Lithuania,55.6,26.41667,166.0
Vilnius,Lithuania,54.68916,25.2798,101.3
Utena,Lithuania,55.5,25.6,116.2
Ukmerge,Lithuania,55.25,24.75,73.3
Telsiai,Lithuania,55.98139,22.24722,133.8
Taurage,Lithuania,55.25222,22.28972,33.2
Silute,Lithuania,55.34889,21.48306,7.6
Šiauliai,Lithuania,55.93333,23.31667,127.0
Rokiškis,Lithuania,55.96667,25.58333,126.9
Radviliskis,Lithuania,55.81667,23.53333,126.5
Plunge,Lithuania,55.91139,21.84417,107.6
Panevėžys,Lithuania,55.73333,24.35,52.0
Palanga,Lithuania,55.9175,21.06861,7.2
Fabijoniškės,Lithuania,54.73333,25.24167,183.5
Mazeikiai,Lithuania,56.31667,22.33333,71.5
Marijampolė,Lithuania,54.56667,23.35,73.5
Kretinga,Lithuania,55.87583,21.25083,28.6
Klaipėda,Lithuania,55.71722,21.1175,3.2
Kėdainiai,Lithuania,55.28833,23.97472,31.2
Kaunas,Lithuania,54.9,23.9,67.5
Jonava,Lithuania,55.08333,24.28333,71.5
Gargždai,Lithuania,55.71278,21.40333,36.6
Druskininkai,Lithuania,54.01667,23.96667,85.8
Alytus,Lithuania,54.4,24.05,84.1
Aleksotas,Lithuania,54.88333,23.9,71.2
Dainava (Kaunas),Lithuania,54.91525,23.96831,70.3
Šilainiai,Lithuania,54.92911,23.88599,67.4
Eiguliai,Lithuania,54.93133,23.93243,66.9
Pašilaičiai,Lithuania,54.73429,25.21912,178.6
Pilaitė,Lithuania,54.69981,25.18393,151.5
Justiniškės,Lithuania,54.71664,25.2174,178.3
Šeškinė,Lithuania,54.70972,25.25053,168.9
Lazdynai,Lithuania,54.66815,25.20684,115.8
Vilkpėdė,Lithuania,54.66969,25.2477,129.6
Naujamiestis,Lithuania,54.67951,25.26855,149.1
Luxembourg,Luxembourg,49.61167,6.13,319.5
Esch-sur-Alzette,Luxembourg,49.49583,5.98056,292.4
Dudelange,Luxembourg,49.48056,6.0875,294.0
Valmiera,Latvia,57.54108,25.42751,41.2
Ventspils,Latvia,57.38944,21.56056,7.1
Vec-Liepāja,Latvia,56.53333,21.01667,4.5
Tukums,Latvia,56.96694,23.15528,61.2
Salaspils,Latvia,56.86014,24.36544,20.6
Riga,Latvia,56.946,24.10589,4.6
Rēzekne,Latvia,56.5,27.31667,138.4
Ogre,Latvia,56.8162,24.61401,15.5
Liepāja,Latvia,56.51667,21.01667,5.0
Jūrmala,Latvia,56.968,23.77038,4.3
Jelgava,Latvia,56.65,23.71278,6.9
Jēkabpils,Latvia,56.49903,25.85735,83.3
Daugavpils,Latvia,55.88333,26.53333,103.0
Cēsis,Latvia,57.31188,25.27456,100.5
Tobruk,Libya,32.08361,23.97639,18.5
Sulūq,Libya,31.66818,20.25205,56.8
Darnah,Libya,32.76704,22.63669,7.3
Benghazi,Libya,32.11486,20.06859,8.0
Az Zuwaytīnah,Libya,30.9522,20.12022,8.7
At Tāj,Libya,24.20487,23.2857,379.2
Tūkrah,Libya,32.53414,20.57911,15.0
Al Qubbah,Libya,32.76163,22.24237,601.9
Al Marj,Libya,32.48798,20.83174,329.1
Al Jawf,Libya,24.1989,23.29093,391.2
Al Bayḑā’,Libya,32.76272,21.75506,625.3
Al Abyār,Libya,32.19,20.59653,295.6
Ajdabiya,Libya,30.75545,20.22625,2.1
Zuwārah,Libya,32.9312,12.08199,4.9
Zliten,Libya,32.46739,14.56874,12.6
Zalţan,Libya,32.94701,11.86647,4.0
Yafran,Libya,32.06329,12.52859,681.6
Waddān,Libya,29.1614,16.13904,256.1
Tarhuna,Libya,32.43501,13.6332,392.1
Tripoli,Libya,32.87519,13.18746,18.4
Tagiura,Libya,32.88167,13.35056,4.8
Sirte,Libya,31.20892,16.58866,17.6
Şurmān,Libya,32.75668,12.57159,8.8
Şabrātah,Libya,32.79335,12.48845,14.6
Sabhā,Libya,27.03766,14.42832,425.0
Nālūt,Libya,31.86848,10.9812,638.7
Murzuq,Libya,25.91552,13.91839,446.2
Mizdah,Libya,31.44514,12.98013,471.5
Mişrātah,Libya,32.37535,15.09254,6.9
Masallātah,Libya,32.61667,14,237.1
Hūn,Libya,29.12684,15.94772,264.4
Zawiya,Libya,32.75222,12.72778,20.5
Ghat,Libya,24.96334,10.18003,672.7
Gharyan,Libya,32.17222,13.02028,703.0
Brak,Libya,27.54956,14.27139,353.0
Banī Walīd,Libya,31.75662,13.99422,229.7
Az Zintān,Libya,31.92231,12.25195,718.3
Az Zāwīyah,Libya,32.7571,12.72764,17.7
Awbārī,Libya,26.59206,12.78049,465.3
Al Khums,Libya,32.64861,14.26191,26.7
Al Jadīd,Libya,27.05,14.4,415.5
Zaïo,Morocco,34.94282,-2.7329,200.9
Zagora,Morocco,30.33241,-5.8384,733.4
Youssoufia,Morocco,32.24634,-8.52941,300.7
Tiznit,Morocco,29.69742,-9.73162,242.1
Tirhanimîne,Morocco,35.23619,-3.95453,216.8
Tinghir,Morocco,31.51472,-5.53278,1280.4
Tiflet,Morocco,33.89469,-6.30649,339.2
Tétouan,Morocco,35.57845,-5.36837,119.9
Taza,Morocco,34.21,-4.01,527.4
Taroudant,Morocco,30.47028,-8.87695,236.8
Taourirt,Morocco,34.40731,-2.89732,397.3
Taounate,Morocco,34.53661,-4.64009,599.1
Tan-Tan,Morocco,28.43799,-11.10321,51.2
Tangier,Morocco,35.76727,-5.79975,23.3
Tahla,Morocco,34.04965,-4.42162,600.4
Souq Larb’a al Gharb,Morocco,34.68664,-6.00272,35.1
Sidi Yahia El Gharb,Morocco,34.30494,-6.30404,22.0
Sidi Slimane,Morocco,34.26479,-5.92598,34.9
Sidi Qacem,Morocco,34.22149,-5.70775,80.2
Sidi Ifni,Morocco,29.37975,-10.17299,47.8
Sidi Bennour,Morocco,32.65236,-8.42769,179.6
Settat,Morocco,33.00103,-7.61662,366.7
Sefrou,Morocco,33.83186,-4.828,809.7
Sale,Morocco,34.0531,-6.79846,34.2
Safi,Morocco,32.29939,-9.23718,55.3
Rabat,Morocco,34.01325,-6.83255,40.6
Oulad Teïma,Morocco,30.39467,-9.20897,129.9
Oujda,Morocco,34.68053,-1.90764,553.0
Oued Zem,Morocco,32.8627,-6.57359,780.6
Ouezzane,Morocco,34.79584,-5.57849,306.0
Ouarzazat,Morocco,30.91894,-6.89341,1112.1
Nador,Morocco,35.16813,-2.93352,22.7
Mohammedia,Morocco,33.68607,-7.38298,28.6
Midelt,Morocco,32.6852,-4.74512,1463.6
Meknès,Morocco,33.89352,-5.54727,531.5
Mechrá Belqsiri,Morocco,34.57395,-5.95371,17.6
Martil,Morocco,35.61662,-5.27522,5.9
Marrakesh,Morocco,31.63416,-7.99994,455.4
Larache,Morocco,35.19321,-6.15572,36.9
Ksar El Kebir,Morocco,35.00044,-5.90378,21.4
Khouribga,Morocco,32.88108,-6.9063,799.7
Khenifra,Morocco,32.9391,-5.6686,830.7
Kenitra,Morocco,34.26101,-6.5802,25.5
Kasba Tadla,Morocco,32.5977,-6.26844,498.5
Jerada,Morocco,34.31,-2.16,1046.0
Imzoûrene,Morocco,35.15,-3.86,92.7
Guercif,Morocco,34.22568,-3.35361,366.0
Guelmim,Morocco,28.98696,-10.05738,302.6
Fkih Ben Salah,Morocco,32.50093,-6.69062,441.2
Fès,Morocco,34.03715,-4.9998,399.9
Essaouira,Morocco,31.5125,-9.77,5.9
El Jadida,Morocco,33.25492,-8.50602,8.3
El Hajeb,Morocco,33.68786,-5.371,1016.9
El Aïoun,Morocco,34.58319,-2.50612,606.7
Chefchaouene,Morocco,35.16878,-5.2636,610.4
Casablanca,Morocco,33.58831,-7.61138,32.6
Bouznika,Morocco,33.78942,-7.15968,40.8
Berkane,Morocco,34.92,-2.32,175.4
Beni Mellal,Morocco,32.33725,-6.34983,537.2
Berrechid,Morocco,33.26553,-7.58754,218.7
Azrou,Morocco,33.43443,-5.22126,1281.6
Azemmour,Morocco,33.28952,-8.3425,25.9
Asilah,Morocco,35.46522,-6.03415,20.7
Khemisset,Morocco,33.82404,-6.06627,450.9
Al Hoceïma,Morocco,35.25165,-3.93723,79.1
Ahfir,Morocco,34.95368,-2.10027,251.7
Agadir,Morocco,30.42018,-9.59815,33.5
Skhirat,Morocco,33.84984,-7.04037,50.8
Boujniba,Morocco,32.90046,-6.77464,845.3
Dakhla,Morocco,30.41071,-9.55572,85.3
Monte-Carlo,Monaco,43.73976,7.42732,42.6
Monaco,Monaco,43.73333,7.41667,49.2
Edineţ,Moldova,48.17215,27.30337,216.8
Ungheni,Moldova,47.21079,27.80047,67.8
Tiraspolul,Moldova,46.84274,29.62909,32.1
Straşeni,Moldova,47.14216,28.60774,107.9
Bilicenii Vechi,Moldova,47.6558,28.04734,120.1
Soroca,Moldova,48.15659,28.28489,193.7
Slobozia,Moldova,46.72927,29.70446,25.0
Rîbniţa,Moldova,47.76817,29.01,91.6
Orhei,Moldova,47.38494,28.82446,86.2
Hînceşti,Moldova,46.83047,28.59064,127.5
Căuşeni,Moldova,46.63674,29.41114,33.0
Floreşti,Moldova,47.89137,28.29312,117.3
Dubăsari,Moldova,47.26562,29.16667,39.4
Drochia,Moldova,48.03555,27.81293,223.1
Comrat,Moldova,46.29456,28.6565,63.9
Chişinău,Moldova,47.00556,28.8575,57.7
Ceadîr-Lunga,Moldova,46.06169,28.83078,44.2
Cahul,Moldova,45.90425,28.19929,52.3
Bender,Moldova,46.83156,29.47769,37.2
Bălţi,Moldova,47.76314,27.92932,110.1
Podgorica,Montenegro,42.44111,19.26361,48.8
Pljevlja,Montenegro,43.3567,19.35843,772.6
Nikšić,Montenegro,42.7731,18.94446,629.8
Herceg-Novi,Montenegro,42.45306,18.5375,80.1
Cetinje,Montenegro,42.39063,18.91417,695.8
Budva,Montenegro,42.28639,18.84,6.9
Bijelo Polje,Montenegro,43.03834,19.74758,628.1
Bar,Montenegro,42.09306,19.10028,6.7
Marigot,Saint Martin,18.07063,-63.08472,25.8
Toamasina,Madagascar,-18.1492,49.40234,6.5
Vondrozo,Madagascar,-22.81667,47.28333,482.0
Vohipaho,Madagascar,-23.55,47.5,11.4
Vohibinany,Madagascar,-17.35,49.03333,163.6
Vavatenina,Madagascar,-17.46667,49.2,113.2
Vangaindrano,Madagascar,-23.35,47.6,11.3
Tsiroanomandidy,Madagascar,-18.76969,46.04653,862.4
Tsiombe,Madagascar,-25.3,45.48333,65.0
Tsaratanana,Madagascar,-16.79706,47.65165,351.2
Toliara,Madagascar,-23.35,43.66667,9.2
Fort Dauphin,Madagascar,-25.03249,46.98329,27.1
Soavinandriana,Madagascar,-19.16667,46.73333,1502.6
Soanindrariny,Madagascar,-19.9,47.23333,1763.6
Soanierana Ivongo,Madagascar,-16.91667,49.58333,1.3
Sitampiky,Madagascar,-16.66667,46.1,97.4
Sambava,Madagascar,-14.26667,50.16667,6.9
Sakaraha,Madagascar,-22.9,44.53333,482.7
Sahavato,Madagascar,-20.6,48.33333,49.7
Sadabe,Madagascar,-18.63333,47.7,1337.7
Nosy Varika,Madagascar,-20.58333,48.53333,7.0
Morondava,Madagascar,-20.28869,44.31782,7.9
Moramanga,Madagascar,-18.94948,48.23007,913.6
Miandrivazo,Madagascar,-19.52905,45.45559,65.8
Miandrarivo,Madagascar,-19.43333,46.75,1420.6
Marovoay,Madagascar,-16.11064,46.64383,25.3
Marolambo,Madagascar,-20.05,48.11667,426.4
Maroantsetra,Madagascar,-15.43689,49.73871,4.1
Manjakandriana,Madagascar,-18.91667,47.8,1458.7
Mananjary,Madagascar,-21.23034,48.34173,6.8
Mananara,Madagascar,-16.16864,49.76622,13.8
Manakara,Madagascar,-22.14862,48.01055,7.3
Maintirano,Madagascar,-18.06354,44.02951,7.0
Mahanoro,Madagascar,-19.9,48.8,1.8
Mahajanga,Madagascar,-15.71667,46.31667,12.1
Maevatanana,Madagascar,-16.95,46.83333,60.8
Ikongo,Madagascar,-21.88333,47.43333,315.9
Ikalamavony,Madagascar,-21.15,46.58333,816.1
Ihosy,Madagascar,-22.40293,46.12576,731.4
Ifanadiana,Madagascar,-21.3,47.63333,430.3
Fianarantsoa,Madagascar,-21.45267,47.08569,1118.2
Fenoarivo Be,Madagascar,-18.43333,46.56667,981.6
Fenoarivo Atsinanana,Madagascar,-17.38095,49.40826,10.7
Faratsiho,Madagascar,-19.4,46.95,1728.8
Farafangana,Madagascar,-22.82223,47.82615,11.0
Fandriana,Madagascar,-20.23333,47.38333,1361.3
Betioky,Madagascar,-23.72065,44.38069,257.4
Betafo,Madagascar,-19.83333,46.85,1371.6
Beroroha,Madagascar,-21.66667,45.16667,206.2
Belo sur Tsiribihina,Madagascar,-19.69787,44.54587,26.2
Beloha,Madagascar,-25.16667,45.05,156.4
Bealanana,Madagascar,-14.54329,48.74981,1093.0
Arivonimamo,Madagascar,-19.01667,47.18333,1425.1
Antsohimbondrona,Madagascar,-13.08333,48.85,3.1
Antsohihy,Madagascar,-14.87959,47.98751,14.8
Antsiranana,Madagascar,-12.2787,49.29171,40.1
Antsirabe,Madagascar,-19.86586,47.03333,1507.6
Antanifotsy,Madagascar,-19.65,47.31667,1571.5
Antananarivo,Madagascar,-18.91368,47.53613,1270.0
Antalaha,Madagascar,-14.90033,50.27876,9.0
Ankazondandy,Madagascar,-18.7,47.78333,1375.5
Ankazobe,Madagascar,-18.31667,47.11667,1228.4
Ankazoabo,Madagascar,-22.28333,44.51667,394.8
Anjozorobe,Madagascar,-18.4,47.86667,1235.6
Hell-Ville,Madagascar,-13.4,48.26667,12.1
Andilamena,Madagascar,-17.01009,48.57313,926.9
Andapa,Madagascar,-14.65,49.65,476.4
Ampasimanolotra,Madagascar,-18.81667,49.06667,6.8
Amparafaravola,Madagascar,-17.5876,48.22391,770.6
Ampanihy,Madagascar,-24.6937,44.74581,234.5
Ampahana,Madagascar,-14.75,50.21667,23.3
Ambovombe,Madagascar,-25.17838,46.08722,139.2
Ambositra,Madagascar,-20.53034,47.24344,1321.7
Ambohitrolomahitsy,Madagascar,-18.7,47.68333,1505.5
Amboasary,Madagascar,-25.03333,46.38333,19.4
Amboanjo,Madagascar,-22,47.85,12.4
Ambilobe,Madagascar,-13.2,49.05,22.4
Ambatondrazaka,Madagascar,-17.83333,48.41667,766.9
Ambatolampy,Madagascar,-19.38333,47.41667,1583.3
Ambatofinandrahana,Madagascar,-20.55284,46.80365,1403.5
Ambato Boeny,Madagascar,-16.46667,46.71667,31.2
Ambarakaraka,Madagascar,-13.5,48.86667,34.9
Ambanja,Madagascar,-13.68333,48.45,8.5
Ambalavao,Madagascar,-21.83333,46.93333,1011.1
Alarobia,Madagascar,-18.96667,47.73333,1380.4
Majuro,Marshall Islands,7.08971,171.38027,5.0
RMI Capitol,Marshall Islands,7.08931,171.3805,5.1
Желино,Macedonia,41.98028,21.06417,452.2
Vinica,Macedonia,41.88278,22.50917,405.4
Veles,Macedonia,41.71556,21.77556,218.9
Tetovo,Macedonia,42.00973,20.97155,466.1
Теарце,Macedonia,42.07444,21.0525,502.3
Студеничани,Macedonia,41.91583,21.53056,300.2
Strumica,Macedonia,41.4375,22.64333,225.6
Struga,Macedonia,41.17799,20.67784,700.2
Shtip,Macedonia,41.74583,22.19583,293.4
Skopje,Macedonia,41.99646,21.43141,246.8
Сарај,Macedonia,42,21.32778,273.2
Ресен,Macedonia,41.08889,21.01222,885.2
Радовиш,Macedonia,41.63833,22.46472,378.7
Prilep,Macedonia,41.34514,21.55504,655.2
Ohrid,Macedonia,41.11722,20.80194,701.0
Неготино,Macedonia,41.87861,20.88389,573.5
Negotino,Macedonia,41.48456,22.09056,145.7
Липково,Macedonia,42.15639,21.58528,439.9
Kumanovo,Macedonia,42.13222,21.71444,341.3
Крива Паланка,Macedonia,42.20194,22.33194,639.2
Kochani,Macedonia,41.91639,22.41278,356.1
Kičevo,Macedonia,41.51267,20.95886,615.4
Kavadarci,Macedonia,41.43306,22.01194,275.2
Kamenjane,Macedonia,41.94568,20.92894,485.2
Gostivar,Macedonia,41.79601,20.90819,531.9
Gevgelija,Macedonia,41.14166,22.50141,61.5
Delcevo,Macedonia,41.96722,22.76944,594.3
Debar,Macedonia,41.52444,20.52421,656.6
Brvenica,Macedonia,41.96722,20.98083,435.0
Bogovinje,Macedonia,41.92361,20.91361,538.2
Bitola,Macedonia,41.03143,21.33474,615.2
Šuto Orizare,Macedonia,42.04,21.425,307.0
Butel,Macedonia,42.03083,21.44667,286.9
Čair,Macedonia,42.01528,21.44111,271.5
Ilinden,Macedonia,41.99451,21.58002,229.0
Kisela Voda,Macedonia,41.94889,21.50278,242.1
Centar Župa,Macedonia,41.47849,20.55945,739.9
Yorosso,Mali,12.35811,-4.77688,415.7
Timbuktu,Mali,16.77348,-3.00742,273.4
Sikasso,Mali,11.31755,-5.66654,362.1
Ségou,Mali,13.4317,-6.2157,285.9
San,Mali,13.30335,-4.89562,280.9
Sagalo,Mali,12.2,-10.7,533.1
Mopti,Mali,14.4843,-4.18296,269.4
Markala,Mali,13.7021,-6.0659,287.2
Koutiala,Mali,12.39173,-5.46421,346.6
Koulikoro,Mali,12.86273,-7.55985,317.0
Kolokani,Mali,13.5728,-8.0339,400.0
Kayes,Mali,14.44693,-11.44448,33.8
Kati,Mali,12.74409,-8.07257,422.1
Kangaba,Mali,11.93333,-8.41667,336.9
Gao,Mali,16.27167,-0.04472,256.2
Djénné,Mali,13.90608,-4.55332,275.2
Bougouni,Mali,11.41769,-7.48323,345.0
Banamba,Mali,13.54773,-7.44808,377.7
Bamako,Mali,12.65,-8,337.2
Bafoulabé,Mali,13.8065,-10.8321,98.6
Yenangyaung,Myanmar,20.46504,94.8712,56.4
Nyaungdon,Myanmar,17.04459,95.63957,6.9
Yamethin,Myanmar,20.43189,96.13875,200.3
Wakema,Myanmar,16.60333,95.18278,4.7
Twante,Myanmar,16.71047,95.92866,9.5
Taungoo,Myanmar,18.94291,96.43408,49.0
Thongwa,Myanmar,16.75998,96.52498,5.4
Thayetmyo,Myanmar,19.32076,95.18272,46.1
Thaton,Myanmar,16.91867,97.37001,21.1
Tharyarwady,Myanmar,17.65399,95.78813,14.1
Thanatpin,Myanmar,17.29136,96.57523,8.9
Thanatpin,Myanmar,17.21194,96.30333,7.8
Dawei,Myanmar,14.0823,98.19151,7.6
Taunggyi,Myanmar,20.78919,97.03776,1394.9
Taungdwingyi,Myanmar,20.0065,95.54531,140.4
Syriam,Myanmar,16.76887,96.24503,16.8
Sittwe,Myanmar,20.14624,92.89835,4.2
Shwebo,Myanmar,22.56925,95.69818,109.1
Sagaing,Myanmar,21.8787,95.97965,70.1
Yangon,Myanmar,16.80528,96.15611,25.4
Pyu,Myanmar,18.4813,96.43742,48.5
Pyinmana,Myanmar,19.7381,96.20742,98.6
Pyay,Myanmar,18.82464,95.22216,31.1
Pyapon,Myanmar,16.28543,95.67882,3.4
Bago,Myanmar,17.33521,96.48135,16.7
Paungde,Myanmar,18.49167,95.50591,34.6
Pakokku,Myanmar,21.33489,95.08438,69.5
Hpa-an,Myanmar,16.88953,97.63482,14.9
Nyaunglebin,Myanmar,17.95363,96.72247,17.4
Myitkyina,Myanmar,25.38327,97.39637,143.9
Myingyan,Myanmar,21.46002,95.3884,75.5
Myanaung,Myanmar,18.28651,95.32014,24.2
Mudon,Myanmar,16.25624,97.7246,11.4
Mawlamyinegyunn,Myanmar,16.3772,95.26488,4.1
Mawlamyine,Myanmar,16.49051,97.62825,54.8
Monywa,Myanmar,22.10856,95.13583,82.2
Mogok,Myanmar,22.91766,96.50982,1158.1
Minbu,Myanmar,20.18059,94.87595,47.2
Myeik,Myanmar,12.43954,98.60028,13.4
Meiktila,Myanmar,20.87776,95.85844,243.6
Pyin Oo Lwin,Myanmar,22.03501,96.45683,1079.5
Mawlaik,Myanmar,23.64254,94.40478,131.1
Maubin,Myanmar,16.73148,95.65441,9.4
Martaban,Myanmar,16.52834,97.6157,24.1
Mandalay,Myanmar,21.97473,96.08359,76.4
Magway,Myanmar,20.14956,94.93246,58.6
Loikaw,Myanmar,19.67798,97.20975,894.7
Letpandan,Myanmar,17.78664,95.75076,18.2
Lashio,Myanmar,22.9359,97.7498,842.0
Kyaukse,Myanmar,21.6056,96.13508,85.8
Kyaikto,Myanmar,17.30858,97.01124,16.3
Kyaiklat,Myanmar,16.44502,95.72373,4.1
Kyaikkami,Myanmar,16.07686,97.56388,18.8
Kayan,Myanmar,16.90802,96.56037,8.2
Kanbe,Myanmar,16.70728,96.00168,5.0
Hinthada,Myanmar,17.64944,95.45705,14.8
Hakha,Myanmar,22.65,93.61667,1727.6
Chauk,Myanmar,20.89921,94.81784,59.9
Bogale,Myanmar,16.29415,95.39742,4.3
Bhamo,Myanmar,24.25256,97.23357,113.4
Pathein,Myanmar,16.77919,94.73212,6.6
Myaydo,Myanmar,19.36838,95.21512,42.4
Nay Pyi Taw,Myanmar,19.745,96.12972,118.7
Uliastay,Mongolia,47.74167,96.84444,1759.4
Ulaangom,Mongolia,49.98111,92.06667,936.4
Ölgiy,Mongolia,48.96833,89.9625,1721.0
Khovd,Mongolia,48.00556,91.64194,1397.7
Altai,Mongolia,46.37222,96.25833,2159.4
Ulaanbaatar,Mongolia,47.90771,106.88324,1284.1
Sühbaatar,Mongolia,50.23139,106.20778,620.2
Murun-kuren,Mongolia,49.63417,100.1625,1278.9
Mandalgovi,Mongolia,45.7625,106.27083,1425.4
Hovd,Mongolia,44.67024,102.17491,1524.4
Erdenet,Mongolia,49.03333,104.08333,1304.7
Dzüünharaa,Mongolia,48.85229,106.45786,866.5
Darhan,Mongolia,49.48667,105.92278,683.8
Dalandzadgad,Mongolia,43.57083,104.425,1474.3
Saynshand,Mongolia,44.88239,110.11631,947.1
Bulgan,Mongolia,48.8125,103.53472,1202.5
Bayanhongor,Mongolia,46.71667,100.11667,2204.2
Bayanhongor,Mongolia,46.19444,100.71806,1877.7
Baruun-Urt,Mongolia,46.68056,113.27917,993.9
Arvayheer,Mongolia,46.26389,102.775,1837.5
Зуунмод,Mongolia,47.70693,106.95276,1514.3
Macau,Macao,22.20056,113.54611,21.7
Saipan,Northern Mariana Islands,15.21233,145.7545,209.2
Saint-Joseph,Martinique,14.67099,-61.03905,236.0
Sainte-Marie,Martinique,14.78392,-60.99274,12.4
Petite Rivière Salée,Martinique,14.75,-60.96667,20.0
Le Robert,Martinique,14.67751,-60.94228,4.1
Le Lamentin,Martinique,14.608,-61.00933,2.9
Le François,Martinique,14.61557,-60.90308,8.1
La Trinité,Martinique,14.73758,-60.96286,2.9
Fort-de-France,Martinique,14.60892,-61.07334,4.1
Ducos,Martinique,14.57529,-60.97453,63.0
Zouérat,Mauritania,22.71873,-12.45205,359.5
Tékane,Mauritania,16.57806,-15.45972,4.0
Sélibabi,Mauritania,15.15895,-12.1829,61.5
Rosso,Mauritania,16.51378,-15.80503,3.6
Nouakchott,Mauritania,18.08581,-15.9785,5.0
Nouâdhibou,Mauritania,20.93098,-17.03465,3.8
Néma,Mauritania,16.6162,-7.2535,269.2
Kiffa,Mauritania,16.61659,-11.40453,123.3
Kaédi,Mauritania,16.14653,-13.50474,29.3
Atar,Mauritania,20.51686,-13.04987,224.4
Aleg,Mauritania,17.0481,-13.9209,29.4
Plymouth,Montserrat,16.70555,-62.21292,70.9
Brades,Montserrat,16.79183,-62.21058,51.3
Żabbar,Malta,35.87611,14.535,44.8
Valletta,Malta,35.89972,14.51472,52.3
Qormi,Malta,35.87601,14.472,32.6
Mosta,Malta,35.90917,14.42556,75.7
Birkirkara,Malta,35.89722,14.46111,34.1
Vacoas,Mauritius,-20.29806,57.47833,385.5
Triolet,Mauritius,-20.05472,57.54528,24.1
Saint Pierre,Mauritius,-20.2175,57.52083,364.6
Quatre Bornes,Mauritius,-20.26381,57.4791,329.1
Port Louis,Mauritius,-20.16194,57.49889,5.1
Mahébourg,Mauritius,-20.40806,57.7,26.4
Goodlands,Mauritius,-20.035,57.64306,46.6
Curepipe,Mauritius,-20.31472,57.52028,549.3
Centre de Flacq,Mauritius,-20.18972,57.71444,54.2
Bel Air Rivière Sèche,Mauritius,-20.25777,57.74976,76.6
Le Hochet,Mauritius,-20.135,57.52111,24.2
Male,Maldives,4.1748,73.50888,4.5
Karonga,Malawi,-9.93333,33.93333,479.6
Zomba,Malawi,-15.38596,35.3188,945.7
Salima,Malawi,-13.7804,34.4587,506.8
Rumphi,Malawi,-11.01863,33.85746,1078.6
Nsanje,Malawi,-16.91995,35.26199,49.3
Nkhotakota,Malawi,-12.92744,34.29614,489.4
Mzuzu,Malawi,-11.46556,34.02071,1268.8
Mzimba,Malawi,-11.9,33.6,1334.6
Mulanje,Malawi,-16.03163,35.5,603.9
Mchinji,Malawi,-13.79841,32.88019,1183.0
Mangochi,Malawi,-14.47815,35.26448,482.0
Liwonde,Malawi,-15.06665,35.22543,497.1
Lilongwe,Malawi,-13.96692,33.78725,1048.7
Kasungu,Malawi,-13.03333,33.48333,1047.6
Dedza,Malawi,-14.3779,34.33322,1602.0
Blantyre,Malawi,-15.78499,35.00854,1035.8
Balaka,Malawi,-14.97928,34.95575,632.2
Gustavo A. Madero,Mexico,22.8694,-98.75886,56.7
San Fernando,Mexico,24.84749,-98.14828,39.9
Zumpango,Mexico,19.7967,-99.09946,2259.1
Zumpango del Río,Mexico,17.65319,-99.52607,1045.3
Zacualtipán,Mexico,20.65002,-98.65628,1977.6
Zacatlán,Mexico,19.93372,-97.96119,2032.8
Zacatepec,Mexico,18.65388,-99.19054,913.6
Yecapixtla,Mexico,18.88333,-98.865,1585.7
Yautepec,Mexico,18.88188,-99.06715,1218.6
Xoxocotla,Mexico,18.68502,-99.24608,1027.3
Xonacatlán,Mexico,19.40513,-99.52807,2578.6
Xochitepec,Mexico,18.78121,-99.23055,1116.6
Xochimilco,Mexico,19.25785,-99.10513,2239.3
Xicotepec de Juárez,Mexico,20.27605,-97.96111,1163.0
Xico,Mexico,19.42178,-97.00819,1313.5
San Miguel Xico Viejo,Mexico,19.27022,-98.93588,2280.3
Álvaro Obregón,Mexico,19.35867,-99.20329,2331.9
Villahermosa,Mexico,17.98689,-92.93028,22.0
Gustavo A. Madero,Mexico,19.49016,-99.10978,2237.6
Villa Cuauhtémoc Otzolotepec,Mexico,19.41676,-99.55872,2581.1
Veracruz,Mexico,19.18095,-96.1429,11.9
Venustiano Carranza,Mexico,16.33945,-92.56293,783.8
Valle Hermoso,Mexico,25.67207,-97.81313,15.8
Valladolid,Mexico,20.68812,-88.19936,19.4
Uman,Mexico,20.88213,-89.74649,10.4
Tuxtla Gutiérrez,Mexico,16.75973,-93.11308,521.3
Tuxpan de Rodríguez Cano,Mexico,20.95773,-97.40798,10.4
Tultitlán,Mexico,19.64756,-99.16796,2249.1
Tultepec,Mexico,19.685,-99.12806,2248.7
Tulancingo,Mexico,20.08363,-98.36332,2175.5
Tula de Allende,Mexico,20.05161,-99.34397,2062.8
Toluca,Mexico,19.28786,-99.65324,2668.3
Tlazcalancingo,Mexico,19.02863,-98.28334,2136.5
Tlaquiltenango,Mexico,18.63693,-99.16208,917.3
Tlapa de Comonfort,Mexico,17.54042,-98.57952,1091.2
Tlapacoyan,Mexico,19.96268,-97.21141,440.2
Tlalpan,Mexico,19.29707,-99.16787,2260.1
Tlalnepantla,Mexico,19.54005,-99.19538,2253.0
Tlahuac,Mexico,19.28348,-99.00317,2233.3
Tizimín,Mexico,21.14284,-88.15119,19.4
Tizayuca,Mexico,19.83721,-98.97607,2268.4
Tixtla de Guerrero,Mexico,17.56732,-99.39799,1350.4
Ticul,Mexico,20.39833,-89.53541,28.6
Santiago Tíanguistenco,Mexico,19.18024,-99.46644,2633.8
Tezontepec de Aldama,Mexico,20.19073,-99.27429,2001.4
Teziutlan,Mexico,19.8173,-97.35992,1935.2
Texcoco de Mora,Mexico,19.51194,-98.88293,2251.7
Tequixquiac,Mexico,19.90944,-99.14472,2217.7
Tequisquiapan,Mexico,20.5225,-99.89167,1877.9
Cuautitlán Izcalli,Mexico,19.64388,-99.21598,2281.2
Tepoztlán,Mexico,18.98603,-99.09914,1712.1
Tepotzotlán,Mexico,19.71981,-99.2237,2308.5
Tepeji de Ocampo,Mexico,19.9063,-99.34297,2144.7
Tepeaca,Mexico,18.96923,-97.90074,2239.9
Tepatlaxco de Hidalgo,Mexico,19.06747,-97.96595,2350.4
Teoloyucan,Mexico,19.7458,-99.17855,2255.5
Tenosique de Pino Suárez,Mexico,17.4729,-91.4236,33.7
Tenango de Arista,Mexico,19.10446,-99.5898,2604.5
Temixco,Mexico,18.85528,-99.23072,1297.0
Temapache,Mexico,21.06611,-97.64207,229.4
Teloloapan,Mexico,18.3674,-99.86776,1641.0
Tecax,Mexico,20.2052,-89.28522,31.7
Tehuacán,Mexico,18.46148,-97.39282,1634.0
Tecamachalco,Mexico,18.88179,-97.73132,2017.4
Teapa,Mexico,17.5497,-92.95211,44.9
Taxco de Alarcón,Mexico,18.55629,-99.60491,1763.3
Tapachula,Mexico,14.90696,-92.26185,171.9
Tantoyuca,Mexico,21.35064,-98.2257,159.7
Tampico,Mexico,22.27817,-97.86772,33.6
Tamazunchale,Mexico,21.25993,-98.78935,124.8
Santo Domingo Tehuantepec,Mexico,16.32463,-95.24104,40.9
Santiago Tuxtla,Mexico,18.46576,-95.3006,193.7
Santiago Pinotepa Nacional,Mexico,16.33847,-98.05532,216.0
Santiago Tulantepec,Mexico,20.0357,-98.35639,2188.7
Moyotzingo,Mexico,19.24968,-98.40473,2240.4
Santa María Chimalhuacán,Mexico,19.42155,-98.95038,2244.7
Santa Cruz Xoxocotlán,Mexico,17.02958,-96.73518,1535.7
Tecamac de Felipe Villanueva,Mexico,19.71288,-98.96895,2269.3
Chiautempan,Mexico,19.30633,-98.21773,2299.1
San Salvador El Seco,Mexico,19.13325,-97.64167,2429.9
San Salvador Atenco,Mexico,19.5517,-98.91867,2243.0
San Pablo de las Salinas,Mexico,19.6667,-99.09527,2242.0
San Pablo Autopan,Mexico,19.35638,-99.65724,2609.6
San Miguel Zinacantepec,Mexico,19.28428,-99.73394,2745.8
Coatlinchán,Mexico,19.44999,-98.87274,2307.7
San Mateo Atenco,Mexico,19.26757,-99.53214,2574.0
San Martin Texmelucan de Labastida,Mexico,19.28431,-98.43885,2257.2
Teolocholco,Mexico,19.24333,-98.19083,2323.0
Teotihuacán de Arista,Mexico,19.68782,-98.86208,2276.0
San Juan del Río,Mexico,20.3878,-99.99605,1922.5
Tuxtepec,Mexico,18.0883,-96.12535,21.9
San Francisco Acuautla,Mexico,19.34317,-98.85557,2287.6
Sanctorum,Mexico,19.09917,-98.25417,2143.5
San Cristóbal de las Casas,Mexico,16.73176,-92.64126,2121.7
San Andres Tuxtla,Mexico,18.4487,-95.21327,301.3
Salina Cruz,Mexico,16.18405,-95.20143,44.9
Río Verde,Mexico,21.93032,-99.99169,997.2
Río Bravo,Mexico,25.98729,-98.09414,32.6
Río Blanco,Mexico,18.83936,-97.12829,1238.2
Reynosa,Mexico,26.08061,-98.28835,47.3
Puerto Escondido,Mexico,15.87037,-97.07726,75.1
Puente de Ixtla,Mexico,18.61472,-99.31806,906.6
Puebla,Mexico,19.04334,-98.20193,2147.1
Progreso de Alvaro Obregon,Mexico,20.24929,-99.18988,1994.4
Progreso de Castro,Mexico,21.28546,-89.64744,3.7
Poza Rica de Hidalgo,Mexico,20.53315,-97.45946,51.0
Polanco,Mexico,19.41667,-99.2,2287.0
Playa del Carmen,Mexico,20.6274,-87.07987,8.8
Pijijiapan,Mexico,15.68618,-93.20938,46.8
Peto,Mexico,20.12776,-88.92282,36.4
Perote,Mexico,19.5633,-97.24228,2410.3
Paraiso,Mexico,18.40116,-93.21406,3.8
Papantla de Olarte,Mexico,20.44655,-97.32495,186.7
Pánuco,Mexico,22.05373,-98.18498,13.5
Palmarito Tochapán,Mexico,18.89891,-97.63892,2153.7
Palenque,Mexico,17.50953,-91.98248,81.3
Pachuca de Soto,Mexico,20.11697,-98.73329,2386.2
Ozumba de Alzate,Mexico,19.03689,-98.79516,2335.2
Oxkutzkab,Mexico,20.30734,-89.41809,25.8
Orizaba,Mexico,18.85101,-97.10084,1235.0
Ometepec,Mexico,16.69008,-98.40797,338.6
Ocozocoautla de Espinosa,Mexico,16.76231,-93.37476,828.3
Ocoyoacac,Mexico,19.27127,-99.45787,2592.1
Ocosingo,Mexico,16.90639,-92.09374,880.6
Oaxaca de Juárez,Mexico,17.06542,-96.72365,1557.3
Nuevo Laredo,Mexico,27.47629,-99.51639,127.1
Nogales,Mexico,18.83141,-97.15603,1274.2
Nicolás Romero,Mexico,19.63658,-99.30682,2386.9
Naucalpan de Juárez,Mexico,19.47851,-99.23963,2287.7
Naranjos,Mexico,21.35087,-97.68656,56.9
Villa Nanchital,Mexico,18.07117,-94.40756,14.1
Motul,Mexico,21.09571,-89.28332,11.6
Motozintla de Mendoza,Mexico,15.36643,-92.24812,1265.3
Montemorelos,Mexico,25.18909,-99.82865,422.7
Santiago Momoxpan,Mexico,19.07361,-98.26694,2135.1
Mixquiahuala de Juarez,Mexico,20.23031,-99.21396,1999.2
Misantla,Mexico,19.92992,-96.85194,304.6
Miramar,Mexico,22.32085,-97.8595,6.6
Minatitlan,Mexico,17.99925,-94.55441,12.8
Milpa Alta,Mexico,19.19251,-99.02317,2421.4
Miahuatlán de Porfirio Díaz,Mexico,16.33276,-96.59562,1554.4
Metepec,Mexico,19.25934,-99.60175,2617.8
Mérida,Mexico,20.97537,-89.61696,10.7
Matías Romero,Mexico,16.87902,-95.03939,203.7
Heroica Matamoros,Mexico,25.87972,-97.50417,14.1
Martínez de la Torre,Mexico,20.07082,-97.06078,91.4
Mapastepec,Mexico,15.43358,-92.90039,39.1
Malinaltepec,Mexico,17.24501,-98.67091,1515.0
Magdalena Contreras,Mexico,19.33212,-99.21118,2338.3
Macuspana,Mexico,17.76152,-92.5965,12.4
Reyes Acozac,Mexico,19.7755,-98.98079,2253.3
Los Reyes La Paz,Mexico,19.36357,-98.97707,2233.2
Linares,Mexico,24.85798,-99.56768,357.1
Lerma de Villada,Mexico,19.28881,-99.51163,2582.8
Lerdo de Tejada,Mexico,18.62936,-95.51968,4.8
Las Margaritas,Mexico,16.31265,-91.98107,1515.7
Las Choapas,Mexico,17.93333,-94.08333,1.9
La Isla,Mexico,18.6,-96.15,18.5
Kanasín,Mexico,20.93482,-89.55871,11.7
Juchitán de Zaragoza,Mexico,16.43603,-95.01975,19.9
Jojutla,Mexico,18.61472,-99.18028,891.5
Jiutepec,Mexico,18.88139,-99.17778,1356.3
Jalpa de Méndez,Mexico,18.17633,-93.063,7.4
Xalapa de Enríquez,Mexico,19.53124,-96.91589,1393.1
Izúcar de Matamoros,Mexico,18.60151,-98.46499,1287.8
San Jerónimo Ixtepec,Mexico,16.57855,-95.10223,63.2
Ixtapan de la Sal,Mexico,18.84369,-99.67671,1870.4
Ixtapaluca,Mexico,19.31556,-98.88284,2248.1
Iztapalapa,Mexico,19.35738,-99.0671,2235.0
Ixtac Zoquitlán,Mexico,18.85504,-97.06088,1138.0
Iztacalco,Mexico,19.39528,-99.09778,2232.2
Ixmiquilpan,Mexico,20.47841,-99.21697,1706.3
Iguala de la Independencia,Mexico,18.34928,-99.53936,739.9
Hunucmá,Mexico,21.01723,-89.87551,4.8
Huixtla,Mexico,15.1402,-92.46587,43.0
Huitzuco de los Figueroa,Mexico,18.30668,-99.33541,942.2
Huimanguillo,Mexico,17.83386,-93.39198,29.5
Huejutla de Reyes,Mexico,21.14,-98.41944,153.5
Huejotzingo,Mexico,19.15945,-98.40734,2266.9
Huauchinango,Mexico,20.17376,-98.05491,1540.2
Huatusco de Chicuellar,Mexico,19.14876,-96.9676,1286.5
Ciudad de Huajuapan de León,Mexico,17.80787,-97.77956,1592.9
Frontera Comalapa,Mexico,15.66046,-92.14282,650.7
Frontera,Mexico,18.54326,-92.6453,2.6
Fortín de las Flores,Mexico,18.90806,-97,1038.5
Felipe Carrillo Puerto,Mexico,19.5775,-88.04529,14.5
Escárcega,Mexico,18.60891,-90.74544,85.4
Emiliano Zapata,Mexico,18.83677,-99.18207,1245.0
Emiliano Zapata,Mexico,17.74058,-91.76635,28.8
Ciudad Mante,Mexico,22.74304,-98.9739,84.5
Ecatepec,Mexico,19.61725,-99.06601,2271.8
Cunduacán,Mexico,18.06557,-93.17302,11.6
Cuernavaca,Mexico,18.9261,-99.23075,1530.1
Cuautlancingo,Mexico,19.08912,-98.27137,2152.4
Cuautla Morelos,Mexico,18.80459,-98.94555,1311.6
Cuautitlán,Mexico,19.67029,-99.17865,2256.5
Cuautepec de Hinojosa,Mexico,20.03557,-98.31015,2245.8
Cuajimalpa,Mexico,19.35993,-99.29388,2712.4
San Miguel de Cozumel,Mexico,20.501,-86.94598,4.8
Coyotepec,Mexico,19.77722,-99.21295,2312.9
Coyoacán,Mexico,19.3467,-99.16174,2250.7
Cosoleacaque,Mexico,17.99794,-94.63542,53.0
Cosamaloapan de Carpio,Mexico,18.36759,-95.79857,7.6
Córdoba,Mexico,18.8842,-96.92559,826.0
San Bernardino Contla,Mexico,19.32932,-98.1664,2324.4
Comitán,Mexico,16.24471,-92.13425,1618.9
Comalcalco,Mexico,18.26316,-93.22397,11.7
Coatzintla,Mexico,20.48699,-97.46823,71.7
Coatzacoalcos,Mexico,18.13346,-94.44242,43.3
Coatepec,Mexico,19.45229,-96.96148,1196.2
Coacalco,Mexico,19.63453,-99.1005,2252.4
Ciudad Victoria,Mexico,23.74174,-99.14599,315.0
Ciudad Valles,Mexico,21.98333,-99.01667,81.7
Ciudad Serdán,Mexico,18.9894,-97.44702,2538.0
Ciudad Sahagun,Mexico,19.77557,-98.57471,2452.2
Ciudad Nezahualcoyotl,Mexico,19.40061,-99.01483,2225.7
Ciudad Miguel Alemán,Mexico,26.39952,-99.02836,60.0
Ciudad Mendoza,Mexico,18.80615,-97.17777,1320.9
Ciudad Madero,Mexico,22.27228,-97.83623,5.4
Ciudad Fernández,Mexico,21.94037,-100.0117,999.6
Mexico City,Mexico,19.42847,-99.12766,2231.9
Ciudad del Carmen,Mexico,18.64592,-91.82991,3.8
Cintalapa de Figueroa,Mexico,16.68393,-93.71814,572.3
Cholula,Mexico,19.06406,-98.30352,2146.8
Chilpancingo de los Bravos,Mexico,17.5506,-99.50578,1238.4
Chilapa de Alvarez,Mexico,17.59459,-99.17639,1410.5
Chignahuapan,Mexico,19.83866,-98.03171,2284.4
Chiconcuac,Mexico,19.55939,-98.89884,2250.8
San Vicente Chicoloapan,Mexico,19.41687,-98.90202,2244.8
Chichén-Itzá,Mexico,20.66667,-88.56667,27.0
Chiautla,Mexico,19.54895,-98.88236,2252.6
Chiapa de Corzo,Mexico,16.7077,-93.01184,425.1
Chetumal,Mexico,18.51413,-88.30381,7.8
Champotón,Mexico,19.34441,-90.72576,3.9
Chalco de Díaz Covarrubias,Mexico,19.26174,-98.89775,2237.8
Cerro Azul,Mexico,21.192,-97.74088,137.5
Catemaco,Mexico,18.42131,-95.11398,354.9
Carlos A. Carrillo,Mexico,18.37477,-95.75444,4.0
Cardenas,Mexico,22.00144,-99.64247,1217.6
Cárdenas,Mexico,18.00135,-93.37559,22.8
Capulhuac,Mexico,19.19354,-99.46585,2621.8
Cancún,Mexico,21.17429,-86.84656,8.4
Campeche,Mexico,19.83803,-90.5277,7.3
Calpulalpan,Mexico,19.58867,-98.56972,2586.9
Cadereyta,Mexico,25.58333,-99.98333,318.8
Berriozábal,Mexico,16.79853,-93.27163,900.8
Banderilla,Mexico,19.58893,-96.93727,1497.3
Azcapotzalco,Mexico,19.48698,-99.18594,2245.1
Axochiapan,Mexico,18.50307,-98.75219,1036.9
Atlixco,Mexico,18.90815,-98.43613,1839.2
Atlacomulco,Mexico,19.80038,-99.87376,2577.8
Ciudad López Mateos,Mexico,19.58547,-99.26035,2383.3
Apizaco,Mexico,19.41333,-98.14358,2419.9
Apan,Mexico,19.71128,-98.45086,2485.0
Amozoc de Mota,Mexico,19.04611,-98.045,2312.4
Amecameca,Mexico,19.12384,-98.76649,2475.8
Heroica Alvarado,Mexico,18.77143,-95.76181,15.4
Altotonga,Mexico,19.76613,-97.24514,1883.6
Altepexi,Mexico,18.36886,-97.29832,1228.6
Altamira,Mexico,22.39215,-97.93867,11.7
Allende,Mexico,18.15514,-94.39289,11.4
Álamo,Mexico,20.91063,-97.67485,22.1
Ajalpan,Mexico,18.37831,-97.25767,1215.9
Agua Dulce,Mexico,18.13909,-94.14527,19.2
Actopan,Mexico,20.26961,-98.94377,2004.0
Acayucan,Mexico,17.94885,-94.91399,103.5
Acatzingo de Hidalgo,Mexico,18.98036,-97.78473,2141.2
Acatlán de Osorio,Mexico,18.2025,-98.04864,1180.4
Acapulco de Juárez,Mexico,16.86336,-99.8901,13.6
Acajete,Mexico,19.10412,-97.95104,2440.5
San Antonio de la Cal,Mexico,17.02833,-96.70056,1546.7
Hidalgo,Mexico,25.8579,-99.61898,221.1
Río de Teapa,Mexico,17.78282,-92.90042,10.5
Huamantla,Mexico,19.31491,-97.92321,2506.2
Zacatelco,Mexico,19.21583,-98.23972,2221.1
Tlaxcala de Xicohtencatl,Mexico,19.31905,-98.19982,2273.6
Papalotla,Mexico,19.16861,-98.20389,2244.9
Vicente Guerrero,Mexico,19.12516,-98.16192,2322.7
Tonalá,Mexico,16.0887,-93.75588,48.7
Arriaga,Mexico,16.2375,-93.90184,64.0
San Andrés Cholula,Mexico,19.05,-98.3,2137.9
Tampico,Mexico,22.25528,-97.86861,22.9
Alto Lucero,Mexico,20.95361,-97.44194,33.1
San Mateo Otzacatipan,Mexico,19.33273,-99.60345,2597.7
Santa María Totoltepec,Mexico,19.30653,-99.59279,2596.8
San Lorenzo Acopilco,Mexico,19.32889,-99.32556,2918.6
Benito Juarez,Mexico,19.3984,-99.15766,2232.1
Venustiano Carranza,Mexico,19.44286,-99.09724,2227.7
Miguel Hidalgo,Mexico,19.43471,-99.20091,2261.4
Cuauhtémoc,Mexico,19.44506,-99.14612,2232.5
Huixquilucan,Mexico,19.35985,-99.35016,2707.1
Melchor Ocampo,Mexico,19.70246,-99.1438,2259.7
Huilango,Mexico,19.68056,-99.25639,2307.0
Santiago Teyahualco,Mexico,19.65791,-99.1234,2242.4
Ojo de Agua,Mexico,19.68028,-99.01,2244.2
Buenavista,Mexico,19.60833,-99.16944,2326.1
Miguel Alemán (La Doce),Mexico,28.84028,-111.4775,65.3
Leyva Solano,Mexico,25.66163,-108.637,21.6
Cihuatlán,Mexico,19.2366,-104.56512,24.2
Guadalupe Victoria,Mexico,32.28924,-115.10534,12.8
Ixtapa-Zihuatanejo,Mexico,17.64344,-101.55212,7.4
Zapotlanejo,Mexico,20.62248,-103.06766,1521.0
Zapotiltic,Mexico,19.62749,-103.41752,1316.2
Zapopan,Mexico,20.72356,-103.38479,1563.2
Zamora,Mexico,19.9855,-102.28387,1571.1
Zacoalco de Torres,Mexico,20.22816,-103.5687,1358.9
Zacatecas,Mexico,22.76843,-102.58141,2483.2
Zacapú,Mexico,19.81389,-101.79041,1991.7
Yuriria,Mexico,20.21081,-101.13212,1751.4
Yurécuaro,Mexico,20.33738,-102.28342,1542.2
Villagrán,Mexico,20.51452,-100.99745,1733.3
Ciudad Frontera,Mexico,26.92814,-101.45212,592.1
García,Mexico,25.81147,-100.5941,712.8
Ciudad de Villa de Álvarez,Mexico,19.26722,-103.73778,527.9
Valle de Santiago,Mexico,20.39321,-101.18917,1739.0
Valle de Bravo,Mexico,19.19387,-100.13394,1829.8
Uruapan,Mexico,19.41116,-102.05644,1619.1
Uriangato,Mexico,20.14085,-101.18251,1810.8
Tuxpan,Mexico,19.55555,-103.37587,1141.7
Torreon,Mexico,25.54389,-103.41898,1123.2
Tonalá,Mexico,20.62445,-103.23423,1660.7
Tlaquepaque,Mexico,20.64091,-103.29327,1584.3
Tlajomulco de Zúñiga,Mexico,20.47421,-103.44654,1587.3
Tijuana,Mexico,32.5027,-117.00371,99.3
Tesistán,Mexico,20.80051,-103.46993,1590.1
Tequila,Mexico,20.88197,-103.83569,1195.3
Tepic,Mexico,21.50951,-104.89569,929.1
Tepatitlán de Morelos,Mexico,20.81692,-102.76347,1823.3
Tepalcatepec,Mexico,19.18666,-102.8493,390.5
Teocaltiche,Mexico,21.43421,-102.57449,1737.5
Tejupilco de Hidalgo,Mexico,18.90475,-100.15275,1331.1
Tecoman,Mexico,18.91678,-103.87786,39.0
Tecate,Mexico,32.56717,-116.62509,531.0
Tangancícuaro de Arista,Mexico,19.88733,-102.20636,1710.4
Tamazula de Gordiano,Mexico,19.68006,-103.2514,1129.7
Tala,Mexico,20.6536,-103.70092,1339.8
Tacámbaro de Codallos,Mexico,19.23502,-101.45824,1653.7
Sombrerete,Mexico,23.63466,-103.64244,2306.4
Soledad Díez Gutiérrez,Mexico,22.18778,-100.94192,1852.1
Silao,Mexico,20.94356,-101.42703,1779.8
Sayula,Mexico,19.88225,-103.60027,1369.1
Santiago Papasquiaro,Mexico,25.04389,-105.41917,1729.5
Santiago Ixcuintla,Mexico,21.81295,-105.20844,15.0
Santiago,Mexico,25.42533,-100.15205,485.8
Santa Rosa Jauregui,Mexico,20.74122,-100.44843,1963.8
Santa Catarina,Mexico,25.67325,-100.45813,674.6
Santa Anita,Mexico,20.55056,-103.44,1570.7
San Sebastián el Grande,Mexico,20.51667,-103.41667,1560.1
San Pedro,Mexico,25.43333,-103.21667,1125.0
San Nicolás de los Garza,Mexico,25.74167,-100.30222,509.9
San Miguel el Alto,Mexico,21.03011,-102.40414,1850.0
San Miguel de Papasquiaro,Mexico,24.83078,-105.3364,1825.5
San Miguel de Allende,Mexico,20.91528,-100.74389,1914.2
San Luis Río Colorado,Mexico,32.45612,-114.77186,44.3
San Luis Potosí,Mexico,22.14982,-100.97916,1872.8
San Luis de la Paz,Mexico,21.29861,-100.51639,2019.5
San Luis de la Paz,Mexico,21.29787,-100.51676,2018.7
Cabo San Lucas,Mexico,22.89088,-109.91238,10.3
San Juan de los Lagos,Mexico,21.24891,-102.33184,1739.2
San José Iturbide,Mexico,21.00153,-100.38416,2104.5
San José del Cabo,Mexico,23.05888,-109.69771,12.9
San Francisco del Rincón,Mexico,21.01843,-101.85515,1756.9
San Felipe,Mexico,31.02468,-114.83919,15.0
San Felipe,Mexico,21.47777,-101.21593,2088.4
San Buenaventura,Mexico,27.06193,-101.54891,502.4
Nicolás R Casillas,Mexico,20.54638,-103.46622,1590.8
Salvatierra,Mexico,20.21249,-100.87923,1760.2
Saltillo,Mexico,25.42321,-101.0053,1591.8
Salamanca,Mexico,20.57196,-101.19154,1714.0
Sahuayo de Morelos,Mexico,20.05859,-102.71575,1534.8
Sabinas Hidalgo,Mexico,26.50358,-100.18187,306.2
Ciudad Sabinas,Mexico,27.85591,-101.11738,344.0
Rosarito,Mexico,32.36044,-117.04645,43.5
Romita,Mexico,20.87127,-101.51683,1753.7
Río Grande,Mexico,23.82647,-103.03034,1870.7
Rincón de Romos,Mexico,22.22819,-102.32216,1947.9
Ramos Arizpe,Mexico,25.53928,-100.94742,1411.3
Santiago de Querétaro,Mexico,20.58806,-100.38806,1820.0
Puruándiro,Mexico,20.08886,-101.51579,1888.3
Puerto Vallarta,Mexico,20.617,-105.23018,17.2
Puerto Peñasco,Mexico,31.31716,-113.53799,13.5
Piedras Negras,Mexico,28.70007,-100.52353,221.3
Petatlán,Mexico,17.53768,-101.26798,37.3
Pénjamo,Mexico,20.43222,-101.72129,1768.8
Pátzcuaro,Mexico,19.51594,-101.60887,2145.5
Parras de la Fuente,Mexico,25.44156,-102.1792,1524.3
Paracho de Verduzco,Mexico,19.64745,-102.04897,2223.6
Palau,Mexico,27.89232,-101.42319,431.8
Ojinaga,Mexico,29.56689,-104.54487,803.4
Ocotlán,Mexico,20.3553,-102.77358,1529.6
Nuevo México,Mexico,20.7565,-103.44297,1618.6
Nuevo Casas Grandes,Mexico,30.41552,-107.91166,1459.6
Nueva Rosita,Mexico,27.94028,-101.21812,388.6
Nueva Italia de Ruiz,Mexico,19.02492,-102.09318,414.1
Nochistlán,Mexico,21.36545,-102.84659,1878.7
Navolato,Mexico,24.7661,-107.70225,14.5
Navojoa,Mexico,27.07015,-109.44391,48.1
Nava,Mexico,28.42071,-100.76565,328.4
Moroleón,Mexico,20.12571,-101.19208,1815.6
Morelia,Mexico,19.70078,-101.18443,1912.1
Monterrey,Mexico,25.67507,-100.31847,545.0
Monclova,Mexico,26.90687,-101.42056,602.6
Mexicali,Mexico,32.62781,-115.45446,3.9
Pedro Meoqui,Mexico,28.28333,-105.48333,1145.7
Melchor Múzquiz,Mexico,27.87933,-101.51615,492.3
Medina,Mexico,21.14972,-101.6225,1842.8
Mazatlán,Mexico,23.2329,-106.4062,8.0
Matehuala,Mexico,23.64824,-100.64334,1584.9
Matamoros,Mexico,25.52699,-103.2285,1116.5
Marfil,Mexico,20.99884,-101.28751,1948.9
Maravatío,Mexico,19.89167,-100.44229,2022.7
Manzanillo,Mexico,19.11695,-104.34214,9.4
Rodolfo Sánchez Taboada,Mexico,31.72099,-116.57184,34.2
Magdalena de Kino,Mexico,30.62789,-110.96203,770.1
San Pedro Madera,Mexico,29.19366,-108.14684,2134.2
Los Mochis,Mexico,25.79535,-108.99244,16.2
Loreto,Mexico,22.27248,-101.98898,2032.5
León,Mexico,21.13052,-101.671,1808.1
Las Pintas de Arriba,Mexico,20.57376,-103.32345,1548.4
La Piedad Cavadas,Mexico,20.34763,-102.02806,1679.4
La Paz,Mexico,24.14437,-110.3005,44.7
La Orilla,Mexico,17.99583,-102.22694,24.9
Lagos de Moreno,Mexico,21.3559,-101.93399,1881.5
La Cruz,Mexico,23.92126,-106.8925,31.2
La Barca,Mexico,20.29028,-102.54565,1532.6
Santa Cruz de Juventino Rosas,Mexico,20.64337,-100.99286,1759.7
Jocotepec,Mexico,20.28527,-103.42897,1539.9
Jiquílpan de Juárez,Mexico,19.99482,-102.71969,1548.5
Jiménez,Mexico,28.33333,-105.4,1130.6
Jesús María,Mexico,21.96111,-102.34333,1872.4
Jerez de García Salinas,Mexico,22.64862,-102.99034,2000.7
Jaral del Progreso,Mexico,20.37266,-101.06361,1728.2
Jamay,Mexico,20.29349,-102.70754,1534.1
Jalostotitlán,Mexico,21.16741,-102.46386,1773.4
Ixtlán del Río,Mexico,21.03907,-104.37116,1045.4
Ixtapa,Mexico,20.71641,-105.20487,23.0
Irapuato,Mexico,20.67675,-101.35628,1718.4
Huetamo de Núñez,Mexico,18.62926,-100.897,302.3
Huatabampo,Mexico,26.8261,-109.6422,12.3
Hidalgo del Parral,Mexico,26.92961,-105.6662,1723.3
Heróica Zitácuaro,Mexico,19.43612,-100.35733,1955.3
Nogales,Mexico,31.30862,-110.94217,1223.5
Heroica Caborca,Mexico,30.71825,-112.15822,286.8
Hermosillo,Mexico,29.1026,-110.97732,212.6
Heroica Guaymas,Mexico,27.91928,-110.89755,6.0
Guasave,Mexico,25.56745,-108.46756,17.1
Guanajuato,Mexico,21.01858,-101.2591,2004.8
Guamúchil,Mexico,25.46404,-108.08199,46.7
Guadalupe,Mexico,25.67678,-100.25646,497.1
Guadalupe,Mexico,22.75305,-102.51822,2297.5
Guadalajara,Mexico,20.66682,-103.39182,1597.9
Gomez Palacio,Mexico,25.56985,-103.49588,1131.6
Juan Jose Rios,Mexico,25.75694,-108.8247,13.4
General Escobedo,Mexico,25.79516,-100.31461,495.0
Garza García,Mexico,25.65384,-100.37758,621.3
Fresnillo,Mexico,23.18126,-102.87136,2195.2
Escuinapa de Hidalgo,Mexico,22.83253,-105.77539,23.0
Ensenada,Mexico,31.86613,-116.59972,31.8
Encarnación de Díaz,Mexico,21.52727,-102.23975,1812.4
Empalme,Mexico,27.96166,-110.81411,7.4
Pueblo Nuevo,Mexico,23.37927,-105.38313,1918.8
El Salto,Mexico,20.33333,-104.5,1559.5
El Pueblito,Mexico,20.53972,-100.44139,1818.5
El Grullo,Mexico,19.80603,-104.21805,874.0
Victoria de Durango,Mexico,24.02032,-104.65756,1887.8
Culiacán,Mexico,24.79032,-107.38782,93.2
Cuauhtémoc,Mexico,28.40884,-106.86319,2056.2
Villa de Costa Rica,Mexico,24.59167,-107.38836,28.7
Cortazar,Mexico,20.48008,-100.96067,1736.4
Compostela,Mexico,21.23777,-104.9001,856.3
Comonfort,Mexico,20.72278,-100.75946,1798.1
Colima,Mexico,19.24997,-103.72714,499.7
Ciudad Obregón,Mexico,27.48642,-109.94083,38.5
Ciudad Lerdo,Mexico,25.53718,-103.52456,1137.2
Ciudad Juárez,Mexico,31.73333,-106.48333,1129.3
Ciudad Hidalgo,Mexico,19.69229,-100.55739,2060.0
Ciudad Guzmán,Mexico,19.70466,-103.4617,1530.7
Ciudad Delicias,Mexico,28.19013,-105.47012,1175.5
Ciudad Constitución,Mexico,25.0321,-111.66256,51.2
Ciudad Camargo,Mexico,27.67842,-105.17136,1241.8
Ciudad Anáhuac,Mexico,27.24457,-100.13229,196.6
Ciudad Altamirano,Mexico,18.3582,-100.66965,246.5
Ciudad Acuña,Mexico,29.32322,-100.95217,282.5
Chihuahua,Mexico,28.63528,-106.08889,1439.0
Chapala,Mexico,20.29616,-103.19123,1537.2
Celaya,Mexico,20.52353,-100.8157,1759.5
Castaños,Mexico,26.78932,-101.43211,753.5
Cananea,Mexico,30.98699,-110.29062,1596.9
Villa Juárez,Mexico,24.65869,-107.54059,10.7
Calvillo,Mexico,21.84583,-102.71849,1631.1
Víctor Rosales,Mexico,22.94889,-102.70222,2166.5
Autlán de Navarro,Mexico,19.76822,-104.36664,913.4
Atoyac de Álvarez,Mexico,17.20667,-100.43306,53.8
Atotonilco el Alto,Mexico,20.55079,-102.50942,1607.7
Armeria,Mexico,18.9378,-103.96417,31.2
Arcelia,Mexico,18.31847,-100.28148,393.2
Arandas,Mexico,20.70519,-102.34635,2067.6
Apodaca,Mexico,25.75976,-100.16287,418.0
Apatzingán,Mexico,19.08864,-102.35704,320.5
Apaseo el Grande,Mexico,20.54495,-100.68462,1770.5
Apaseo el Alto,Mexico,20.45748,-100.6224,1855.4
Ameca,Mexico,20.54629,-104.04508,1232.4
Allende,Mexico,28.34124,-100.85111,382.3
Allende,Mexico,25.27673,-100.01442,446.8
Aguascalientes,Mexico,21.88234,-102.28259,1883.0
Agua Prieta,Mexico,31.33071,-109.54876,1216.3
Acaponeta,Mexico,22.49396,-105.36369,29.2
Acámbaro,Mexico,20.03024,-100.72249,1863.2
Abasolo,Mexico,20.44997,-101.53073,1711.0
Anáhuac,Mexico,27.24056,-100.13222,196.5
Dolores Hidalgo Cuna de la Independencia Nacional,Mexico,21.15611,-100.9325,1917.9
Guacamayas,Mexico,18.01932,-102.21225,16.4
Ciudad Lázaro Cárdenas,Mexico,17.97066,-102.22124,25.9
Colonia del Valle,Mexico,19.38611,-99.16204,2241.9
Colonia Lindavista,Mexico,19.49156,-99.12475,2235.3
Colonia Nativitas,Mexico,19.38119,-99.13685,2233.4
Las Delicias,Mexico,32.40889,-116.94361,281.6
San Pedro Garza Garcia,Mexico,25.65716,-100.40268,665.2
Soledad de Graciano Sánchez,Mexico,22.18306,-100.94083,1854.7
Manzanillo,Mexico,19.05222,-104.31583,43.5
Naucalpan de Juárez,Mexico,19.39694,-99.27667,2484.2
Hacienda Santa Fe,Mexico,20.51806,-103.38056,1554.0
Fuentes del Valle,Mexico,19.6325,-99.13861,2249.4
San Salvador Tizatlalli,Mexico,19.26028,-99.59083,2605.6
Jardines de la Silla (Jardines),Mexico,25.62944,-100.18778,514.1
San Buenaventura,Mexico,19.3025,-98.86306,2274.0
Colonia Santa Teresa,Mexico,19.845,-99.23333,2288.9
San Jerónimo Cuatro Vientos,Mexico,19.29306,-98.84167,2316.5
San Martín Azcatepec,Mexico,19.68667,-98.97278,2303.5
Fraccionamiento Real Palmas,Mexico,25.90417,-100.15972,389.1
Pórticos de San Antonio,Mexico,32.4425,-117.03417,273.3
San Isidro,Mexico,19.33972,-98.95056,2251.5
Centro Familiar la Soledad,Mexico,21.135,-101.74972,1930.6
San José Guadalupe Otzacatipan,Mexico,19.34472,-99.59194,2587.2
Las Pintitas,Mexico,20.56444,-103.30222,1539.1
Emiliano Zapata,Mexico,19.34361,-98.97472,2300.0
San Antonio Tecómitl,Mexico,19.21778,-98.98806,2244.4
Licenciado Benito Juárez (Campo Gobierno),Mexico,24.65667,-107.545,9.0
Teotihuacán de Arista,Mexico,19.68972,-98.86083,2278.2
Jesús del Monte,Mexico,19.375,-99.29444,2644.9
San Jorge Pueblo Nuevo,Mexico,19.25417,-99.62778,2650.1
Manuel Ojinaga,Mexico,29.56444,-104.41639,802.1
Terrazas del Valle,Mexico,32.4875,-116.82667,190.4
La Ermita,Mexico,21.15194,-101.73306,1977.0
Lomas del Sur,Mexico,20.4925,-103.4175,1637.6
Parque Industrial Ciudad Mitras,Mexico,25.78861,-100.44778,591.9
Mitras Poniente,Mexico,25.77583,-100.42583,589.4
Villa del Prado 2da Sección,Mexico,32.42389,-116.97167,275.5
Tres de Mayo,Mexico,18.86861,-99.20833,1377.9
Don Antonio,Mexico,19.87444,-98.93472,2326.7
Heroica Ciudad de Tlaxiaco,Mexico,17.26944,-97.67917,2073.0
Ciudad de Huitzuco,Mexico,18.30111,-99.33111,936.8
Casa Blanca,Mexico,19.04222,-98.11889,2230.0
La Providencia Siglo XXI,Mexico,20.06417,-98.71722,2386.7
Ampliación San Mateo (Colonia Solidaridad),Mexico,19.61639,-99.14722,2272.9
Fraccionamiento Ciudad Olmeca,Mexico,18.15056,-94.5525,9.4
San Rafael Tlanalapan,Mexico,19.29167,-98.46806,2292.9
Tecámac de Felipe Villanueva,Mexico,19.71306,-98.96833,2268.5
Venceremos,Mexico,20.55083,-100.39806,1896.6
Alborada Jaltenco,Mexico,19.66194,-99.06889,2239.8
Crucecita,Mexico,15.76889,-96.135,37.9
Kuah,Malaysia,6.32649,99.8432,10.4
Jerantut,Malaysia,3.936,102.3626,70.4
Raub,Malaysia,3.7899,101.857,145.7
Batu Pahat,Malaysia,1.8548,102.9325,2.9
Parit Raja,Malaysia,1.8681,103.1124,2.7
Pekan Nenas,Malaysia,1.51,103.5141,20.0
Pontian Kechil,Malaysia,1.4866,103.3896,6.2
Kampung Pasir Gudang Baru,Malaysia,1.4726,103.878,4.7
Kota Tinggi,Malaysia,1.7381,103.8999,13.2
Taman Senai,Malaysia,1.6006,103.6419,21.7
Kulai,Malaysia,1.6561,103.6032,30.0
Skudai,Malaysia,1.53741,103.65779,33.7
Johor Bahru,Malaysia,1.4655,103.7578,20.5
Kluang,Malaysia,2.03046,103.31689,44.7
Yong Peng,Malaysia,2.0136,103.0659,5.1
Mersing,Malaysia,2.4312,103.8405,4.0
Segamat,Malaysia,2.5148,102.8158,29.7
Tangkak,Malaysia,2.2673,102.5453,12.2
Muar,Malaysia,2.0442,102.5689,4.8
Bakri,Malaysia,2.0441,102.6527,6.9
Labis,Malaysia,2.385,103.021,44.9
Kuala Selangor,Malaysia,3.35,101.25,1.7
Batang Berjuntai,Malaysia,3.38333,101.41667,31.5
Batu Arang,Malaysia,3.31667,101.46667,53.7
Shah Alam,Malaysia,3.08507,101.53281,51.2
Klang,Malaysia,3.03333,101.45,6.1
Cukai,Malaysia,4.25,103.41667,3.6
Kuala Lipis,Malaysia,4.1842,102.0468,105.0
Papar,Malaysia,5.73333,115.93333,4.2
Kota Kinabalu,Malaysia,5.9749,116.0724,4.5
Donggongon,Malaysia,5.90702,116.10146,9.4
Putatan,Malaysia,5.9258,116.06094,3.0
Kinarut,Malaysia,5.8231,116.0466,4.2
Ranau,Malaysia,5.9538,116.6641,564.7
Semporna,Malaysia,4.48178,118.61119,1.1
Victoria,Malaysia,5.27667,115.24167,4.7
Beaufort,Malaysia,5.3473,115.7455,11.9
Lahad Datu,Malaysia,5.0268,118.327,17.8
Sandakan,Malaysia,5.8402,118.1179,9.9
Keningau,Malaysia,5.3378,116.1602,271.7
Tawau,Malaysia,4.24482,117.89115,6.0
Paka,Malaysia,4.6374,103.4368,7.6
Kertih,Malaysia,4.5141,103.4483,4.9
Kulim,Malaysia,5.36499,100.56177,35.5
Bagan Serai,Malaysia,5.0108,100.54101,3.8
Bedong,Malaysia,5.72743,100.50876,6.6
Simpang Empat,Malaysia,4.95,100.63333,3.9
Taiping,Malaysia,4.85,100.73333,19.3
Kuala Kangsar,Malaysia,4.76667,100.93333,37.0
Ipoh,Malaysia,4.5841,101.0829,46.3
Gua Musang,Malaysia,4.8823,101.9644,95.3
Kuala Terengganu,Malaysia,5.3302,103.1408,6.7
Marang,Malaysia,5.2056,103.2059,13.5
Tampin,Malaysia,2.4701,102.2302,54.3
Alor Gajah,Malaysia,2.3804,102.2089,17.3
Kampung Ayer Keroh,Malaysia,2.2654,102.2801,17.2
Sungai Udang,Malaysia,2.269,102.1427,23.6
Malacca,Malaysia,2.196,102.2405,5.5
Banting,Malaysia,2.8136,101.50185,5.3
Jenjarum,Malaysia,2.8724,101.49484,6.7
Semenyih,Malaysia,2.9516,101.843,35.6
Seremban,Malaysia,2.7297,101.9381,58.2
Port Dickson,Malaysia,2.53718,101.80571,6.3
Bahau,Malaysia,2.8079,102.4049,62.1
Kuala Pilah,Malaysia,2.7389,102.2487,93.2
Pekan,Malaysia,3.4836,103.3996,5.2
Mentekab,Malaysia,3.4854,102.3484,41.5
Temerluh,Malaysia,3.4506,102.4176,40.7
Butterworth,Malaysia,5.3991,100.36382,5.4
Perai,Malaysia,5.38333,100.38333,3.4
Bukit Mertajam,Malaysia,5.36301,100.4667,16.2
Nibong Tebal,Malaysia,5.16586,100.47793,5.1
Parit Buntar,Malaysia,5.12671,100.49316,3.2
Tasek Glugor,Malaysia,5.48032,100.49849,5.8
George Town,Malaysia,5.41123,100.33543,5.0
Serendah,Malaysia,3.3646,101.6041,38.5
Rawang,Malaysia,3.3213,101.5767,40.6
Petaling Jaya,Malaysia,3.10726,101.60671,46.1
Kuala Lumpur,Malaysia,3.1412,101.68653,51.7
Sabak Bernam,Malaysia,3.7698,100.9879,4.2
Sungai Besar,Malaysia,3.6746,100.9867,6.8
Kuantan,Malaysia,3.8077,103.326,8.2
Batu Gajah,Malaysia,4.46916,101.04107,29.1
Kampar,Malaysia,4.3,101.15,26.2
Tapah Road,Malaysia,4.16667,101.2,34.6
Bidur,Malaysia,4.11667,101.28333,38.6
Lumut,Malaysia,4.2323,100.6298,11.2
Teluk Intan,Malaysia,4.0259,101.0213,6.5
Gurun,Malaysia,5.81717,100.47381,24.2
Sungai Petani,Malaysia,5.647,100.48772,16.5
Kepala Batas,Malaysia,5.51707,100.4265,6.9
Tanah Merah,Malaysia,5.8,102.15,15.9
Kuching,Malaysia,1.55,110.33333,4.6
Simanggang,Malaysia,1.24722,111.45278,4.6
Sarikei,Malaysia,2.11667,111.51667,3.1
Sibu,Malaysia,2.3,111.81667,1.6
Kangar,Malaysia,6.4414,100.19862,5.8
Jitra,Malaysia,6.26812,100.42167,9.4
Kuala Kedah,Malaysia,6.1,100.3,3.9
Alor Setar,Malaysia,6.12104,100.36014,4.4
Pasir Mas,Malaysia,6.04934,102.13987,9.9
Kota Bharu,Malaysia,6.13328,102.2386,5.9
Kudat,Malaysia,6.88732,116.82364,0.0
Kapit,Malaysia,2.01667,112.93333,19.1
Bintulu,Malaysia,3.16667,113.03333,2.4
Limbang,Malaysia,4.75,115,2.7
Miri,Malaysia,4.4148,114.0089,5.7
Ulu Tiram,Malaysia,1.6,103.81667,24.3
Tanjung Tokong,Malaysia,5.46061,100.30742,5.3
Tanjung Sepat,Malaysia,2.6579,101.5629,5.7
Permatang Kuching,Malaysia,5.46339,100.38144,4.4
Peringat,Malaysia,6.03333,102.28333,3.6
Ladang Seri Kundang,Malaysia,3.2856,101.519,25.6
Pantai Remis,Malaysia,4.4557,100.6288,5.6
Kuang,Malaysia,3.2594,101.5541,41.7
Klebang Besar,Malaysia,2.2186,102.1995,3.0
Kampung Tanjung Karang,Malaysia,3.4242,101.1849,2.6
Kampung Sungai Ara,Malaysia,5.32699,100.27348,10.1
Kampung Simpang Renggam,Malaysia,1.8278,103.3,13.5
Kampong Pangkal Kalong,Malaysia,5.91667,102.21667,22.2
Kampong Masjid Tanah,Malaysia,2.35,102.11667,14.9
Kampong Kadok,Malaysia,6,102.25,8.9
Kampong Dungun,Malaysia,3.21667,101.31667,2.8
Kampung Bukit Baharu,Malaysia,2.2152,102.2851,5.0
Kampung Baru Subang,Malaysia,3.15,101.53333,22.4
Kampung Baharu Nilai,Malaysia,2.8033,101.7972,33.6
Kampong Baharu Balakong,Malaysia,3.03333,101.75,53.3
Kampung Ayer Molek,Malaysia,2.2139,102.3278,27.9
Bukit Rambai,Malaysia,2.2594,102.1838,7.5
Bentong Town,Malaysia,3.52229,101.90866,92.7
Batu Berendam,Malaysia,2.2487,102.246,3.1
Putrajaya,Malaysia,2.93527,101.69112,35.2
Bandar Labuan,Malaysia,5.28883,115.26924,0.0
Subang Jaya,Malaysia,3.04384,101.58062,39.1
Putra Heights,Malaysia,2.99361,101.57255,27.9
Xai-Xai,Mozambique,-25.05194,33.64417,4.1
Dondo,Mozambique,-19.60944,34.74306,52.9
Macia,Mozambique,-25.02694,33.09889,67.3
Tete,Mozambique,-16.15639,33.58667,136.6
Ressano Garcia,Mozambique,-25.44278,31.99528,133.8
Quelimane,Mozambique,-17.87861,36.88833,6.2
Pemba,Mozambique,-12.97395,40.51775,50.7
Nampula,Mozambique,-15.11646,39.2666,427.5
Nacala,Mozambique,-14.56257,40.68538,134.8
Montepuez,Mozambique,-13.12556,38.99972,526.5
Mocímboa,Mozambique,-11.31667,40.35,9.7
Ilha de Moçambique,Mozambique,-15.03417,40.73583,8.7
Maxixe,Mozambique,-23.85972,35.34722,15.9
Matola,Mozambique,-25.96222,32.45889,38.8
Maputo,Mozambique,-25.96553,32.58322,66.2
Manjacaze,Mozambique,-24.71167,33.88278,77.8
Lichinga,Mozambique,-13.31278,35.24056,1355.0
Inhambane,Mozambique,-23.865,35.38333,3.3
Cuamba,Mozambique,-14.80306,36.53722,581.7
Chokwé,Mozambique,-24.53333,32.98333,30.4
Chimoio,Mozambique,-19.11639,33.48333,706.3
Chibuto,Mozambique,-24.68667,33.53056,101.3
Beira,Mozambique,-19.84361,34.83889,5.5
António Enes,Mozambique,-16.2325,39.90861,9.3
Mutuáli,Mozambique,-14.87056,37.00444,581.3
Katima Mulilo,Namibia,-17.5,24.26667,941.5
Windhoek,Namibia,-22.55941,17.08323,1659.1
Swakopmund,Namibia,-22.68333,14.53333,13.4
Rundu,Namibia,-17.93333,19.76667,1106.6
Rehoboth,Namibia,-23.31667,17.08333,1391.5
Otjiwarongo,Namibia,-20.46369,16.64772,1467.7
Oshakati,Namibia,-17.78333,15.68333,1093.9
Okahandja,Namibia,-21.98333,16.91667,1335.4
Lüderitz,Namibia,-26.64806,15.15944,44.9
Keetmanshoop,Namibia,-26.58333,18.13333,980.4
Grootfontein,Namibia,-19.56667,18.11667,1435.1
Gobabis,Namibia,-22.45,18.96667,1441.8
Walvis Bay,Namibia,-22.9575,14.50528,1.6
Nouméa,New Caledonia,-22.27631,166.4572,6.9
Mont-Dore,New Caledonia,-22.26257,166.56621,10.9
Dumbéa,New Caledonia,-22.15,166.45,8.5
Birni N Konni,Niger,13.79599,5.25026,269.2
Zinder,Niger,13.80716,8.9881,458.4
Tillabéri,Niger,14.20711,1.45418,210.4
Tibiri,Niger,13.56271,7.04848,342.4
Tessaoua,Niger,13.75737,7.9874,398.2
Téra,Niger,14.00776,0.75306,246.6
Tanout,Niger,14.97089,8.88786,521.6
Tahoua,Niger,14.8888,5.2692,385.1
Niamey,Niger,13.51366,2.1098,201.0
Nguigmi,Niger,14.24953,13.10921,284.4
Mirriah,Niger,13.70727,9.15013,405.5
Mayahi,Niger,13.95532,7.67122,384.3
Matamey,Niger,13.42309,8.47485,443.5
Maradi,Niger,13.5,7.10174,358.0
Magaria,Niger,12.99826,8.90991,393.2
Madaoua,Niger,14.073,5.96,324.9
Illéla,Niger,14.4605,5.2437,305.9
Gaya,Niger,11.88435,3.44919,174.1
Dosso,Niger,13.049,3.1937,218.8
Dogondoutchi,Niger,13.63933,4.02875,229.9
Diffa,Niger,13.31536,12.61135,306.1
Dakoro,Niger,14.51056,6.765,414.3
Ayorou,Niger,14.73075,0.91739,226.5
Alaghsas,Niger,17.0187,8.0168,516.9
Agadez,Niger,16.97333,7.99111,502.6
Kingston,Norfolk Island,-29.05459,167.96628,69.7
Zuru,Nigeria,11.43522,5.23494,390.5
Zungeru,Nigeria,9.80726,6.15238,127.0
Zaria,Nigeria,11.11128,7.7227,641.0
Yola,Nigeria,9.20839,12.48146,179.6
Yenagoa,Nigeria,4.92675,6.26764,5.2
Wukari,Nigeria,7.87139,9.77786,186.2
Wudil,Nigeria,11.80937,8.84422,418.1
Warri,Nigeria,5.51737,5.75006,4.0
Wamba,Nigeria,8.94153,8.60315,385.8
Uyo,Nigeria,5.05127,7.9335,27.0
Uromi,Nigeria,6.7,6.33333,378.1
Umuahia,Nigeria,5.52491,7.49461,145.6
Ughelli,Nigeria,5.48956,6.00407,10.4
Ugep,Nigeria,5.80865,8.08098,98.3
Uga,Nigeria,5.93576,7.0793,222.8
Ubiaja,Nigeria,6.65581,6.38494,281.7
Tegina,Nigeria,10.0706,6.1906,266.4
Tambuwal,Nigeria,12.40592,4.64605,257.6
Talata Mafara,Nigeria,12.56841,6.06225,311.9
Takum,Nigeria,7.26667,9.98333,252.7
Suleja,Nigeria,9.18059,7.17939,420.5
Sokoto,Nigeria,13.06269,5.24322,292.7
Soba,Nigeria,10.98133,8.05749,682.2
Saki,Nigeria,8.66762,3.39393,472.3
Shagamu,Nigeria,6.8485,3.64633,53.0
Sapele,Nigeria,5.89405,5.67666,4.9
Rijau,Nigeria,11.10389,5.25556,356.3
Rano,Nigeria,11.55684,8.58065,522.4
Potiskum,Nigeria,11.71391,11.08108,424.2
Port Harcourt,Nigeria,4.77742,7.0134,13.1
Pindiga,Nigeria,9.98333,10.93333,521.9
Patigi,Nigeria,8.72851,5.75561,123.8
Pankshin,Nigeria,9.32541,9.4352,1231.0
Ozubulu,Nigeria,5.95753,6.85305,132.9
Oyo,Nigeria,7.85257,3.93125,297.5
Oyan,Nigeria,8.05,4.76667,420.1
Owo,Nigeria,7.1962,5.58681,342.0
Owerri,Nigeria,5.48363,7.03325,71.8
Otukpa,Nigeria,7.10168,7.65945,411.6
Otan Ayegbaju,Nigeria,7.94783,4.78836,478.4
Osogbo,Nigeria,7.77104,4.55698,331.7
Orita Eruwa,Nigeria,7.55,3.43333,185.8
Onitsha,Nigeria,6.14978,6.78569,51.7
Ondo,Nigeria,7.09316,4.83528,263.9
Olupona,Nigeria,7.6,4.18333,239.0
Okuta,Nigeria,9.21667,3.18333,399.9
Okrika,Nigeria,4.74215,7.08368,4.1
Okigwe,Nigeria,5.82917,7.35056,158.4
Okene,Nigeria,7.55122,6.23589,381.9
Oke Mesi,Nigeria,7.81667,4.91667,499.0
Oke Ila,Nigeria,7.95,4.98333,535.8
Ohafia-Ifigh,Nigeria,5.61455,7.81191,117.2
Ogwashi-Uku,Nigeria,6.17811,6.52461,196.5
Oguta,Nigeria,5.71044,6.80936,22.3
Ogoja,Nigeria,6.6584,8.79923,93.9
Ogaminana,Nigeria,7.59383,6.21798,250.1
Offa,Nigeria,8.14911,4.72074,414.5
Ode,Nigeria,7.7899,5.7117,526.5
Obudu,Nigeria,6.66819,9.16453,222.7
Obonoma,Nigeria,4.71131,6.79084,3.8
Numan,Nigeria,9.46374,12.03062,160.8
Nsukka,Nigeria,6.85783,7.39577,417.2
Nnewi,Nigeria,6.01962,6.91729,145.8
Nkwerre,Nigeria,5.75917,7.10384,176.5
Nkpor,Nigeria,6.15038,6.83042,118.7
Nguru,Nigeria,12.87695,10.45536,344.4
Nasarawa,Nigeria,8.53895,7.70821,183.1
Nafada,Nigeria,11.09596,11.33261,273.8
Mubi,Nigeria,10.26858,13.26701,584.2
Moriki,Nigeria,12.87405,6.48754,348.9
Monguno,Nigeria,12.67059,13.61224,288.3
Mokwa,Nigeria,9.29482,5.05412,149.8
Modakeke,Nigeria,7.38333,4.26667,234.6
Minna,Nigeria,9.61524,6.54776,244.8
Marte,Nigeria,12.36532,13.8293,289.9
Malumfashi,Nigeria,11.78935,7.62061,617.3
Makurdi,Nigeria,7.73375,8.52139,86.2
Makoko,Nigeria,6.49611,3.38778,2.7
Maiduguri,Nigeria,11.84692,13.15712,323.7
Magumeri,Nigeria,12.11451,12.8262,332.1
Lokoja,Nigeria,7.79688,6.74048,53.2
Lere,Nigeria,10.38584,8.57286,750.5
Lapai,Nigeria,9.04439,6.57089,172.2
Lalupon,Nigeria,7.46667,4.06667,209.3
Lagos,Nigeria,6.45407,3.39467,6.2
Lafiagi,Nigeria,8.85299,5.41641,115.1
Lafia,Nigeria,8.4939,8.51532,175.7
Kwale,Nigeria,5.70773,6.43402,18.5
Kumo,Nigeria,10.04807,11.21055,425.6
Kumagunnam,Nigeria,13.15498,10.63468,344.2
Kukawa,Nigeria,12.92475,13.56617,287.8
Kuje,Nigeria,8.87952,7.22756,302.4
Kontagora,Nigeria,10.40319,5.4708,336.7
Kiyawa,Nigeria,11.78442,9.6069,392.9
Kisi,Nigeria,9.08297,3.85196,375.0
Keffi,Nigeria,8.84651,7.87354,318.5
Kaura Namoda,Nigeria,12.59371,6.58648,392.9
Katsina-Ala,Nigeria,7.16938,9.28465,147.4
Katsina,Nigeria,12.99082,7.60177,514.8
Kari,Nigeria,11.2471,10.561,409.2
Kano,Nigeria,12.00012,8.51672,480.4
Kamba,Nigeria,11.85172,3.65478,172.5
Kaiama,Nigeria,9.6053,3.94101,325.1
Kagoro,Nigeria,9.6,8.38333,798.6
Kafanchan,Nigeria,9.58126,8.2926,731.2
Kaduna,Nigeria,10.52641,7.43879,620.5
Kachia,Nigeria,9.87342,7.95407,717.9
Kabba,Nigeria,7.82719,6.07502,431.5
Jos,Nigeria,9.92849,8.89212,1182.0
Jimeta,Nigeria,9.27949,12.45819,171.8
Jega,Nigeria,12.22219,4.37963,210.0
Jebba,Nigeria,9.13333,4.83333,72.0
Jalingo,Nigeria,8.89367,11.3596,205.6
Iwo,Nigeria,7.63527,4.18156,243.1
Itu,Nigeria,5.20131,7.98373,38.2
Isieke,Nigeria,6.38186,8.03736,63.9
Ise-Ekiti,Nigeria,7.46478,5.42333,374.3
Isanlu-Itedoijowa,Nigeria,8.27445,5.83528,318.2
Ipoti,Nigeria,7.87377,5.07691,587.4
Iperu,Nigeria,6.91002,3.66557,94.9
Inisa,Nigeria,7.85,4.33333,365.6
Ilorin,Nigeria,8.49664,4.54214,320.3
Ilobu,Nigeria,7.84036,4.48557,333.0
Illela,Nigeria,13.73064,5.29777,269.3
Ilesa,Nigeria,7.62789,4.74161,374.9
Ilaro,Nigeria,6.88901,3.01416,73.1
Ila Orangun,Nigeria,8.01714,4.90421,489.1
Ikot Ekpene,Nigeria,5.18194,7.71481,86.0
Ikom,Nigeria,5.96669,8.70632,57.8
Ikirun,Nigeria,7.91283,4.66741,373.9
Ikire,Nigeria,7.37241,4.18739,206.9
Ikere-Ekiti,Nigeria,7.49748,5.23041,381.4
Ikeja,Nigeria,6.59651,3.34205,36.9
Ijero-Ekiti,Nigeria,7.81514,5.06716,486.8
Ijebu-Ode,Nigeria,6.81944,3.91731,69.6
Ijebu-Jesa,Nigeria,7.68267,4.81436,386.5
Ijebu-Igbo,Nigeria,6.97198,3.99938,86.2
Ihiala,Nigeria,5.85475,6.85944,143.9
Igede-Ekiti,Nigeria,7.6685,5.12627,573.8
Igbo-Ukwu,Nigeria,6.01798,7.02027,357.9
Igbor,Nigeria,7.45123,8.60805,207.7
Igbo-Ora,Nigeria,7.43383,3.28788,172.0
Igboho,Nigeria,8.83784,3.75628,403.7
Igbeti,Nigeria,8.74921,4.13113,369.0
Igbara-Odo,Nigeria,7.50251,5.06258,366.4
Ifo,Nigeria,6.81491,3.19518,62.2
Idanre,Nigeria,7.1127,5.1159,333.3
Idah,Nigeria,7.11345,6.73866,73.3
Ibi,Nigeria,8.18122,9.74431,105.0
Ibeto,Nigeria,10.48536,5.14501,331.1
Ibadan,Nigeria,7.37756,3.90591,178.7
Hadejia,Nigeria,12.45347,10.04115,358.1
Gwoza,Nigeria,11.08313,13.69595,417.0
Gwarzo,Nigeria,11.91597,7.9337,576.3
Gwaram,Nigeria,11.27727,9.88385,446.9
Gwadabawa,Nigeria,13.35819,5.23812,266.8
Gusau,Nigeria,12.17024,6.66412,449.8
Gummi,Nigeria,12.14484,5.11776,229.7
Gumel,Nigeria,12.6269,9.38807,369.0
Gombi,Nigeria,10.16756,12.73684,594.0
Gombe,Nigeria,10.28969,11.16729,460.1
Gembu,Nigeria,6.72556,11.25652,1597.2
Geidam,Nigeria,12.89439,11.92649,327.1
Gbongan,Nigeria,7.47734,4.35351,234.1
Gaya,Nigeria,11.86064,9.0027,434.3
Gashua,Nigeria,12.87398,11.04057,338.2
Garko,Nigeria,10.17506,11.16458,469.0
Ganye,Nigeria,8.43497,12.05107,480.9
Gamboru,Nigeria,12.37299,14.2069,289.8
Funtua,Nigeria,11.52351,7.31174,707.3
Fiditi,Nigeria,7.71361,3.91722,284.8
Ezza-Ohu,Nigeria,6.44094,8.08432,77.3
Esuk Oron,Nigeria,4.80293,8.25341,35.8
Epe,Nigeria,6.58412,3.98336,8.8
Enugu-Ukwu,Nigeria,6.17146,7.00525,219.7
Enugu-Ezike,Nigeria,6.9827,7.45534,373.4
Enugu,Nigeria,6.44132,7.49883,186.3
Emure-Ekiti,Nigeria,7.43636,5.45925,373.4
Elele,Nigeria,5.1009,6.81411,28.4
Ekpoma,Nigeria,6.743,6.14029,361.1
Eket,Nigeria,4.64231,7.92438,24.8
Ejigbo,Nigeria,7.90292,4.31419,356.3
Eha Amufu,Nigeria,6.65915,7.75961,105.8
Egbe,Nigeria,8.21667,5.51667,467.7
Effon Alaiye,Nigeria,7.65,4.91667,479.6
Effium,Nigeria,6.63105,8.05814,111.7
Ebute Ikorodu,Nigeria,6.60086,3.48818,2.9
Dutsen Wai,Nigeria,10.85009,8.199,695.7
Dutse,Nigeria,11.75618,9.33896,440.9
Dukku,Nigeria,10.82379,10.77221,473.2
Doma,Nigeria,8.39307,8.35544,156.6
Dikwa,Nigeria,12.03609,13.91815,295.1
Deba,Nigeria,10.21187,11.3871,309.9
Daura,Nigeria,13.03299,8.32351,471.4
Daura,Nigeria,11.5541,11.406,482.7
Darazo,Nigeria,10.9992,10.41062,504.5
Damboa,Nigeria,11.15534,12.75638,398.0
Damaturu,Nigeria,11.74697,11.96083,367.8
Calabar,Nigeria,4.95893,8.32695,32.6
Burutu,Nigeria,5.35328,5.50826,2.7
Bukuru,Nigeria,9.79399,8.86397,1275.5
Buguma,Nigeria,4.73614,6.86236,6.3
Bonny,Nigeria,4.4516,7.17074,3.8
Bode Saadu,Nigeria,8.939,4.78227,149.6
Biu,Nigeria,10.61285,12.19458,759.3
Birnin Kudu,Nigeria,11.45207,9.47856,444.3
Birnin Kebbi,Nigeria,12.45389,4.1975,230.8
Sofo-Birnin-Gwari,Nigeria,11.01537,6.78036,651.4
Billiri,Nigeria,9.86545,11.22624,529.2
Bida,Nigeria,9.08044,6.0099,120.3
Benin City,Nigeria,6.33815,5.62575,85.6
Bende,Nigeria,5.55874,7.63359,119.3
Beli,Nigeria,7.85868,10.97187,176.8
Bauchi,Nigeria,10.31032,9.84388,621.3
Baro,Nigeria,8.6,6.41667,64.6
Bama,Nigeria,11.52134,13.68952,326.1
Badagry,Nigeria,6.41502,2.88132,6.5
Babana,Nigeria,10.42949,3.81495,285.3
Azare,Nigeria,11.67478,10.19069,411.0
Awka,Nigeria,6.21269,7.07199,99.0
Awgu,Nigeria,6.07278,7.47739,129.8
Auchi,Nigeria,7.06756,6.2636,187.4
Asaba,Nigeria,6.19824,6.73187,44.1
Argungu,Nigeria,12.74482,4.52514,223.8
Aramoko-Ekiti,Nigeria,7.70483,5.04054,454.4
Apomu,Nigeria,7.35156,4.18335,191.6
Anchau,Nigeria,10.96245,8.39233,690.1
Amaigbo,Nigeria,5.78917,7.83829,76.8
Akwanga,Nigeria,8.91077,8.40655,452.5
Akure,Nigeria,7.25256,5.19312,350.1
Aku,Nigeria,6.70902,7.31826,290.8
Ajaokuta,Nigeria,7.56229,6.65497,49.4
Agulu,Nigeria,6.10045,7.061,202.7
Agbor,Nigeria,6.25375,6.1942,129.0
Afikpo,Nigeria,5.89258,7.93534,84.2
Ado Odo,Nigeria,6.6,2.93333,4.4
Ado-Ekiti,Nigeria,7.62329,5.22087,436.1
Abuja,Nigeria,9.05785,7.49508,478.9
Abeokuta,Nigeria,7.15571,3.34509,65.2
Abakaliki,Nigeria,6.32485,8.11368,61.0
Aba,Nigeria,5.10658,7.36667,61.9
Degema Hulk,Nigeria,4.76145,6.74957,3.2
Tipitapa,Nicaragua,12.19732,-86.09706,51.7
Somoto,Nicaragua,13.48082,-86.58208,708.0
Somotillo,Nicaragua,13.04328,-86.90645,46.9
Siuna,Nicaragua,13.73321,-84.77725,187.9
San Rafael del Sur,Nicaragua,11.84854,-86.43839,122.8
San Marcos,Nicaragua,11.90949,-86.20351,551.3
Rivas,Nicaragua,11.43716,-85.82632,61.5
Río Blanco,Nicaragua,12.93435,-85.22354,260.9
Rama,Nicaragua,12.15965,-84.21952,12.8
Puerto Cabezas,Nicaragua,14.03507,-83.38882,3.5
Ocotal,Nicaragua,13.63208,-86.47516,610.5
Nueva Guinea,Nicaragua,11.68758,-84.45616,208.5
Nandaime,Nicaragua,11.75696,-86.05286,136.6
Nagarote,Nicaragua,12.26593,-86.56474,82.5
Matagalpa,Nicaragua,12.92559,-85.91747,687.8
Masaya,Nicaragua,11.97444,-86.09417,237.4
Masatepe,Nicaragua,11.9184,-86.14467,440.3
Managua,Nicaragua,12.13282,-86.2504,106.0
León,Nicaragua,12.43787,-86.87804,103.7
La Paz Centro,Nicaragua,12.34,-86.67528,69.7
Juigalpa,Nicaragua,12.10629,-85.36452,122.3
Jinotepe,Nicaragua,11.84962,-86.19903,566.5
Jinotega,Nicaragua,13.10042,-86.00226,989.8
Jalapa,Nicaragua,13.92221,-86.12346,683.8
Granada,Nicaragua,11.92988,-85.95602,58.2
Estelí,Nicaragua,13.09185,-86.35384,836.1
El Viejo,Nicaragua,12.6633,-87.16722,46.6
El Crucero,Nicaragua,11.99008,-86.30954,931.6
Diriamba,Nicaragua,11.85842,-86.23878,579.5
Corinto,Nicaragua,12.48199,-87.17336,5.3
Chinandega,Nicaragua,12.62937,-87.13105,64.8
Chichigalpa,Nicaragua,12.57758,-87.02705,87.8
Camoapa,Nicaragua,12.38386,-85.51157,533.5
Boaco,Nicaragua,12.47224,-85.6586,371.3
Bluefields,Nicaragua,12.01366,-83.76353,11.4
Ciudad Sandino,Nicaragua,12.15889,-86.34417,101.2
Zwolle,Netherlands,52.5125,6.09444,8.4
Zwijndrecht,Netherlands,51.8175,4.63333,1.0
Zutphen,Netherlands,52.13833,6.20139,8.9
Zundert,Netherlands,51.47167,4.65556,9.9
Zoetermeer,Netherlands,52.0575,4.49306,1.7
Zevenaar,Netherlands,51.93,6.07083,10.6
Zeist,Netherlands,52.09,5.23333,3.9
Zeewolde,Netherlands,52.33,5.54167,2.9
Zandvoort,Netherlands,52.37487,4.53409,5.1
Zaltbommel,Netherlands,51.81,5.24444,3.3
Zaanstad,Netherlands,52.45313,4.81356,3.0
Zaandam,Netherlands,52.43854,4.82643,-0.7
Wolvega,Netherlands,52.87545,5.99691,4.3
Woerden,Netherlands,52.085,4.88333,2.7
Woensdrecht,Netherlands,51.42897,4.30355,6.2
Wisch,Netherlands,51.92648,6.41705,15.3
Winterswijk,Netherlands,51.9725,6.71944,36.4
Winschoten,Netherlands,53.14417,7.03472,2.3
Wijk bij Duurstede,Netherlands,51.97417,5.34167,4.0
Wijchen,Netherlands,51.80917,5.725,8.8
Wierden,Netherlands,52.35917,6.59306,11.3
Westervoort,Netherlands,51.95583,5.97222,8.6
Werkendam,Netherlands,51.81,4.89444,1.9
Weesp,Netherlands,52.3075,5.04167,2.6
Weert,Netherlands,51.25167,5.70694,35.8
Wassenaar,Netherlands,52.14583,4.40278,3.1
Wageningen,Netherlands,51.97,5.66667,17.2
Waddinxveen,Netherlands,52.045,4.65139,-0.8
Waalwijk,Netherlands,51.6825,5.07083,2.4
Waalre,Netherlands,51.38667,5.44444,22.5
Vught,Netherlands,51.65333,5.2875,6.3
Voorst,Netherlands,52.17,6.14167,9.6
Voorschoten,Netherlands,52.1275,4.44861,3.9
Voorhout,Netherlands,52.22167,4.48472,1.9
Voorburg,Netherlands,52.07417,4.35972,3.0
Volendam,Netherlands,52.495,5.07083,1.3
Vlissingen,Netherlands,51.4425,3.57361,7.4
Vlagtwedde,Netherlands,53.0275,7.10833,4.9
Vlaardingen,Netherlands,51.9125,4.34167,1.7
Vianen,Netherlands,51.9925,5.09167,3.1
Venray,Netherlands,51.525,5.975,29.2
Venlo,Netherlands,51.37,6.16806,26.4
Velsen-Zuid,Netherlands,52.46,4.65,2.6
Velp,Netherlands,51.995,5.97361,18.2
Veldhoven,Netherlands,51.41833,5.40278,22.6
Veghel,Netherlands,51.61667,5.54861,8.5
Veere,Netherlands,51.54833,3.66667,5.6
Veenendaal,Netherlands,52.02863,5.55891,9.9
Veendam,Netherlands,53.10667,6.87917,3.7
Valkenswaard,Netherlands,51.35083,5.45972,26.3
Utrecht,Netherlands,52.09083,5.12222,12.7
Urk,Netherlands,52.6625,5.60139,1.2
Uithoorn,Netherlands,52.2375,4.82639,-1.9
Uden,Netherlands,51.66083,5.61944,17.1
Tubbergen,Netherlands,52.4075,6.78472,27.2
Tongelre,Netherlands,51.44889,5.51978,16.4
Tilburg,Netherlands,51.55551,5.0913,14.1
Tiel,Netherlands,51.88667,5.42917,8.1
Terneuzen,Netherlands,51.33583,3.82778,5.6
Tegelen,Netherlands,51.34417,6.13611,18.5
Steenwijk,Netherlands,52.7875,6.12083,4.0
Steenbergen,Netherlands,51.58417,4.31944,3.5
Staphorst,Netherlands,52.645,6.21111,2.9
Stadskanaal,Netherlands,52.98947,6.9504,4.2
Spijkenisse,Netherlands,51.845,4.32917,1.0
Someren,Netherlands,51.385,5.71111,29.8
Soest,Netherlands,52.17333,5.29167,8.5
Sneek,Netherlands,53.03297,5.6589,4.9
Sliedrecht,Netherlands,51.82083,4.77639,1.4
Sittard,Netherlands,50.99833,5.86944,50.1
Sint-Oedenrode,Netherlands,51.5675,5.45972,6.7
's-Hertogenbosch,Netherlands,51.69917,5.30417,4.7
's-Gravenzande,Netherlands,52.00167,4.16528,2.1
The Hague,Netherlands,52.07667,4.29861,3.9
Schijndel,Netherlands,51.6225,5.43194,10.1
Schiedam,Netherlands,51.91917,4.38889,1.0
Scheveningen,Netherlands,52.10461,4.27557,7.3
Schagen,Netherlands,52.7875,4.79861,2.1
Rucphen,Netherlands,51.53167,4.55833,10.2
Rotterdam,Netherlands,51.9225,4.47917,5.1
Roosendaal,Netherlands,51.53083,4.46528,4.1
Roermond,Netherlands,51.19417,5.9875,29.3
Rijswijk,Netherlands,52.03634,4.32501,3.5
Ridderkerk,Netherlands,51.8725,4.60278,1.6
Rhoon,Netherlands,51.8575,4.42222,2.0
Rhenen,Netherlands,51.95917,5.56806,31.5
Raalte,Netherlands,52.38583,6.275,8.8
Putten,Netherlands,52.25917,5.60694,19.2
Purmerend,Netherlands,52.505,4.95972,1.8
Pijnacker,Netherlands,52.01954,4.42946,1.1
Papendrecht,Netherlands,51.83167,4.6875,1.0
Oud-Beijerland,Netherlands,51.82417,4.4125,1.1
Oss,Netherlands,51.765,5.51806,6.8
Oosterhout,Netherlands,51.645,4.85972,5.1
Oldenzaal,Netherlands,52.31333,6.92917,50.1
Oldebroek,Netherlands,52.445,5.90139,4.0
Oisterwijk,Netherlands,51.57917,5.18889,12.1
Oegstgeest,Netherlands,52.18,4.46944,2.7
Nuth,Netherlands,50.9175,5.88611,89.4
Nunspeet,Netherlands,52.37917,5.78611,8.5
Nuenen,Netherlands,51.47,5.55278,18.7
Noordwijkerhout,Netherlands,52.26167,4.49306,2.7
Noordwijk-Binnen,Netherlands,52.234,4.44474,4.6
Nijmegen,Netherlands,51.8425,5.85278,24.3
Nijkerk,Netherlands,52.22,5.48611,2.7
Nieuwegein,Netherlands,52.02917,5.08056,1.9
Nederweert,Netherlands,51.28583,5.74861,34.4
Naarden,Netherlands,52.29583,5.1625,6.1
Naaldwijk,Netherlands,51.99417,4.20972,2.1
Mijdrecht,Netherlands,52.20667,4.8625,-2.9
Middelharnis,Netherlands,51.7575,4.16528,3.6
Middelburg,Netherlands,51.5,3.61389,8.2
Meppel,Netherlands,52.69583,6.19444,3.4
Meerssen,Netherlands,50.8875,5.75,59.7
Medemblik,Netherlands,52.77167,5.10556,1.2
Maastricht,Netherlands,50.84833,5.68889,56.1
Maassluis,Netherlands,51.92333,4.25,4.5
Maarssen,Netherlands,52.13917,5.04167,2.2
Losser,Netherlands,52.26083,7.00417,37.2
Loon op Zand,Netherlands,51.6275,5.075,9.9
Lisse,Netherlands,52.26,4.55694,2.1
Lindenholt,Netherlands,51.8327,5.7934,7.6
Lichtenvoorde,Netherlands,51.98667,6.56667,22.9
Leusden,Netherlands,52.1325,5.43194,2.9
Lelystad,Netherlands,52.50833,5.475,5.2
Leiderdorp,Netherlands,52.15833,4.52917,2.4
Leiden,Netherlands,52.15833,4.49306,6.1
Leeuwarden,Netherlands,53.20139,5.80859,1.7
Leerdam,Netherlands,51.89333,5.09167,1.7
Leek,Netherlands,53.1625,6.37639,2.0
Krimpen aan den IJssel,Netherlands,51.91667,4.60278,-0.8
Korrewegwijk,Netherlands,53.23235,6.56804,3.3
Kerkrade,Netherlands,50.86583,6.0625,156.9
Katwijk aan Zee,Netherlands,52.20333,4.39861,8.0
Kampen,Netherlands,52.555,5.91111,1.7
IJsselstein,Netherlands,52.02,5.04306,4.0
Huizen,Netherlands,52.29917,5.24167,8.8
Houten,Netherlands,52.02833,5.16806,3.8
Horst,Netherlands,52.30833,5.58194,4.1
Hoorn,Netherlands,52.6425,5.05972,3.7
Hoogezand,Netherlands,53.16167,6.76111,2.9
Hoogeveen,Netherlands,52.7225,6.47639,13.6
Hoofddorp,Netherlands,52.3025,4.68889,-1.8
Hoge Vucht,Netherlands,51.60794,4.7915,3.3
Hoensbroek,Netherlands,50.92387,5.92528,86.4
Hilversum,Netherlands,52.22333,5.17639,7.9
Hilvarenbeek,Netherlands,51.48583,5.1375,19.4
Hillegom,Netherlands,52.29083,4.58333,1.1
Heusden,Netherlands,51.73417,5.13889,4.2
Hengelo,Netherlands,52.26583,6.79306,22.3
Hendrik-Ido-Ambacht,Netherlands,51.84417,4.63889,-1.0
Helmond,Netherlands,51.48167,5.66111,17.5
Hellevoetsluis,Netherlands,51.83333,4.13333,1.0
Heiloo,Netherlands,52.60252,4.68815,2.6
Heesch,Netherlands,51.73362,5.52672,8.6
Heerlen,Netherlands,50.88365,5.98154,119.9
Heerhugowaard,Netherlands,52.67144,4.84862,-0.5
Heerenveen,Netherlands,52.95929,5.91854,1.7
Heerde,Netherlands,52.38723,6.04016,9.7
Heemstede,Netherlands,52.34992,4.62301,1.7
Heemskerk,Netherlands,52.51108,4.67165,2.6
Harlingen,Netherlands,53.17477,5.42244,3.6
Harenkarspel,Netherlands,52.73416,4.77682,-0.8
Haren,Netherlands,53.17209,6.60931,4.2
Harderwijk,Netherlands,52.34167,5.62083,3.4
Hardenberg,Netherlands,52.57583,6.61944,12.5
Haarlem,Netherlands,52.38084,4.63683,5.2
Haaksbergen,Netherlands,52.15667,6.73889,29.2
Groningen,Netherlands,53.21917,6.56667,14.0
Groesbeek,Netherlands,51.77667,5.93611,39.0
Gouda,Netherlands,52.01667,4.70833,1.6
Gorinchem,Netherlands,51.83652,4.97243,3.1
Goirle,Netherlands,51.52083,5.06667,18.1
Goes,Netherlands,51.50417,3.88889,4.1
Gennep,Netherlands,51.69833,5.97361,12.5
Gendringen,Netherlands,51.87333,6.37639,18.8
Geldrop,Netherlands,51.42167,5.55972,21.1
Geldermalsen,Netherlands,51.88083,5.28889,4.2
Geertruidenberg,Netherlands,51.70167,4.85694,3.2
Ermelo,Netherlands,52.29833,5.62222,14.1
Epe,Netherlands,52.3475,5.98333,14.7
Enschede,Netherlands,52.21833,6.89583,54.0
Enkhuizen,Netherlands,52.70333,5.29167,1.1
Emmen,Netherlands,52.77917,6.90694,20.9
Emmeloord,Netherlands,52.71083,5.74861,-1.9
Elst,Netherlands,51.91917,5.84167,11.5
Elburg,Netherlands,52.4475,5.84306,1.7
Eindhoven,Netherlands,51.44083,5.47778,20.8
Eibergen,Netherlands,52.1,6.64861,24.4
Eersel,Netherlands,51.3575,5.31806,30.2
Ede,Netherlands,52.03333,5.65833,17.9
Duiven,Netherlands,51.94667,6.01389,11.1
Druten,Netherlands,51.88833,5.60556,8.8
Dronten,Netherlands,52.525,5.71806,1.1
Drimmelen,Netherlands,51.70667,4.80417,3.4
Driebergen-Rijsenburg,Netherlands,52.05333,5.28056,6.3
Drachten,Netherlands,53.11254,6.0989,1.8
Dordrecht,Netherlands,51.81,4.67361,3.4
Dongen,Netherlands,51.62667,4.93889,4.7
Doetinchem,Netherlands,51.965,6.28889,18.7
Diemen,Netherlands,52.33964,4.96256,1.4
Deventer,Netherlands,52.255,6.16389,6.6
Den Helder,Netherlands,52.95988,4.75933,2.2
Delfzijl,Netherlands,53.33,6.91806,1.7
Delft,Netherlands,52.00667,4.35556,2.7
Delfshaven,Netherlands,51.90488,4.45315,6.3
De Bilt,Netherlands,52.11,5.18056,4.9
Dalfsen,Netherlands,52.51167,6.25694,3.4
Culemborg,Netherlands,51.955,5.22778,5.3
Cuijk,Netherlands,51.73083,5.87917,10.1
Cranendonck,Netherlands,51.30417,5.58889,30.4
Castricum,Netherlands,52.54833,4.66944,2.6
Capelle aan den IJssel,Netherlands,51.92917,4.57778,0.0
Bussum,Netherlands,52.27333,5.16111,4.8
Bunschoten,Netherlands,52.24304,5.37884,-0.6
Brunssum,Netherlands,50.94667,5.97083,80.4
Brummen,Netherlands,52.09,6.15556,10.6
Broek op Langedijk,Netherlands,52.67417,4.80556,1.3
Broek in Waterland,Netherlands,52.43417,4.99583,1.2
Breda,Netherlands,51.58656,4.77596,10.1
Boxtel,Netherlands,51.59083,5.32917,7.3
Boskoop,Netherlands,52.075,4.65556,1.1
Borssele,Netherlands,51.42333,3.73472,4.7
Borne,Netherlands,52.30136,6.7482,17.9
Born,Netherlands,51.03167,5.80972,38.0
Borger,Netherlands,52.92333,6.79306,16.7
Bodegraven,Netherlands,52.0825,4.75,3.1
Bloemendaal,Netherlands,52.4025,4.62222,2.8
Bladel,Netherlands,51.36833,5.22083,33.1
Beverwijk,Netherlands,52.48333,4.65694,5.0
Beuningen,Netherlands,51.86083,5.76667,7.5
Best,Netherlands,51.5075,5.39028,17.5
Bergschenhoek,Netherlands,51.99,4.49861,-0.1
Bergeijk,Netherlands,51.31917,5.35833,32.9
Bergen op Zoom,Netherlands,51.495,4.29167,8.7
Benthuizen,Netherlands,52.0775,4.54444,-0.8
Beek,Netherlands,50.94083,5.79722,80.9
Barneveld,Netherlands,52.14,5.58472,12.5
Barendrecht,Netherlands,51.85667,4.53472,2.0
Baarn,Netherlands,52.21167,5.2875,8.1
Asten,Netherlands,51.40417,5.74861,24.6
Assen,Netherlands,52.99667,6.5625,10.3
Arnhem,Netherlands,51.98,5.91111,14.0
Apeldoorn,Netherlands,52.21,5.96944,18.1
Anloo,Netherlands,53.04417,6.70139,14.9
Amsterdam,Netherlands,52.37403,4.88969,19.1
Amstelveen,Netherlands,52.30083,4.86389,-0.9
Amersfoort,Netherlands,52.155,5.3875,7.1
Alphen aan den Rijn,Netherlands,52.12917,4.65546,1.8
Almere Stad,Netherlands,52.37025,5.21413,-0.1
Almelo,Netherlands,52.35667,6.6625,14.0
Alkmaar,Netherlands,52.63167,4.74861,5.7
Alblasserdam,Netherlands,51.86583,4.66111,1.2
Aalten,Netherlands,51.925,6.58056,25.4
Aalsmeer,Netherlands,52.25917,4.75972,-3.3
Amsterdam-Zuidoost,Netherlands,52.3075,4.97222,5.0
Berkel en Rodenrijs,Netherlands,51.99313,4.47865,1.1
Ypenburg,Netherlands,52.04098,4.36981,1.7
Trondheim,Norway,63.43049,10.39506,9.6
Tromsø,Norway,69.6489,18.95508,11.6
Tønsberg,Norway,59.26754,10.40762,14.3
Steinkjer,Norway,64.01487,11.49537,11.6
Stavanger,Norway,58.97005,5.73332,9.1
Skien,Norway,59.20962,9.60897,14.7
Sarpsborg,Norway,59.28391,11.10962,48.2
Sandnes,Norway,58.85244,5.73521,7.6
Sandefjord,Norway,59.13118,10.21665,8.3
Porsgrunn,Norway,59.14054,9.6561,8.2
Oslo,Norway,59.91273,10.74609,12.4
Moss,Norway,59.43403,10.65771,15.2
Molde,Norway,62.73752,7.15912,5.1
Mo i Rana,Norway,66.31278,14.14278,27.4
Lillehammer,Norway,61.11514,10.46628,200.3
Larvik,Norway,59.05328,10.03517,46.8
Kristiansund,Norway,63.11045,7.72795,20.7
Kristiansand,Norway,58.14671,7.9956,10.7
Kongsberg,Norway,59.66858,9.65017,160.8
Horten,Norway,59.41721,10.48343,12.9
Haugesund,Norway,59.41378,5.268,15.3
Harstad,Norway,68.79833,16.54165,11.2
Hamar,Norway,60.7945,11.06798,126.2
Halden,Norway,59.12478,11.38754,10.9
Gjøvik,Norway,60.79574,10.69155,136.7
Fredrikstad,Norway,59.2181,10.9298,3.3
Drammen,Norway,59.74389,10.20449,7.0
Bodø,Norway,67.28,14.40501,19.2
Bergen,Norway,60.39299,5.32415,13.6
Arendal,Norway,58.46151,8.77253,19.5
Ålesund,Norway,62.47225,6.15492,6.9
Askøy,Norway,60.4,5.18333,2.3
Ytrebygda,Norway,60.30504,5.28236,50.9
Wāling,Nepal,27.98333,83.76667,780.0
Tulsīpur,Nepal,28.13099,82.29726,677.5
Tīkāpur,Nepal,28.5,81.13333,154.0
Tānsen,Nepal,27.86731,83.5467,1293.4
Sirāhā,Nepal,26.65411,86.2087,77.4
Rājbirāj,Nepal,26.53333,86.75,78.7
Pokhara,Nepal,28.26689,83.96851,1000.8
Pātan,Nepal,27.67658,85.31417,1331.4
Panauti̇̄,Nepal,27.58453,85.51484,1450.4
Malangwa,Nepal,26.85679,85.55811,86.6
Mahendranagar,Nepal,28.91667,80.33333,217.2
Lahān,Nepal,26.72958,86.49515,114.9
Kirtipur,Nepal,27.67872,85.2775,1400.6
Khāndbāri,Nepal,27.37469,87.2039,929.3
Kathmandu,Nepal,27.70169,85.3206,1291.0
Janakpur,Nepal,26.71828,85.90646,75.3
Jaleswar,Nepal,26.64711,85.80081,63.2
Ithari,Nepal,26.66667,87.28333,116.2
Ilām,Nepal,26.90943,87.92824,1215.9
Hetauda,Nepal,27.42839,85.03219,461.7
Gulariyā,Nepal,28.23333,81.33333,146.2
Gaur,Nepal,26.76667,85.26667,71.6
Dharān Bāzār,Nepal,26.81248,87.28355,370.6
Dhankutā,Nepal,26.98333,87.33333,1171.3
Dhangarhi,Nepal,28.70792,80.59611,178.9
Dārchulā,Nepal,29.84121,80.52874,950.8
Dailekh,Nepal,28.84434,81.71011,1317.1
Dadeldhurā,Nepal,29.29842,80.58059,1809.8
Butwāl,Nepal,27.70055,83.44836,301.9
Bīrganj,Nepal,27.01043,84.87735,86.8
Birātnagar,Nepal,26.4831,87.28337,77.9
Bharatpur,Nepal,27.68333,84.43333,208.9
Bhairāhawā,Nepal,27.5,83.45,105.0
Bhadrapur,Nepal,26.54404,88.09436,90.9
Banepā,Nepal,27.63245,85.52192,1469.2
Bāglung,Nepal,28.27189,83.58975,1216.2
Birendranagar,Nepal,28.60194,81.63389,735.6
Dipayal,Nepal,29.26083,80.94,562.5
Nepalgunj,Nepal,28.05,81.61667,149.8
Yaren,Nauru,-0.55085,166.9252,4.3
Alofi,Niue,-19.05952,-169.91867,63.9
Wellington,New Zealand,-41.28664,174.77557,9.9
Wanganui,New Zealand,-39.93333,175.05,16.7
Timaru,New Zealand,-44.39672,171.25364,10.4
Taupo,New Zealand,-38.68333,176.08333,401.5
Pukekohe East,New Zealand,-37.2,174.95,109.5
Porirua,New Zealand,-41.13333,174.85,48.8
Paraparaumu,New Zealand,-40.91667,175.01667,84.2
Palmerston North,New Zealand,-40.35636,175.61113,30.6
North Shore,New Zealand,-36.8,174.75,23.9
New Plymouth,New Zealand,-39.06667,174.08333,57.6
Nelson,New Zealand,-41.27078,173.28404,7.7
Napier,New Zealand,-39.48333,176.91667,41.4
Manukau City,New Zealand,-36.99282,174.87986,36.5
Mangere,New Zealand,-36.96807,174.79875,12.7
Lower Hutt,New Zealand,-41.21667,174.91667,3.9
Invercargill,New Zealand,-46.4,168.35,4.4
Hastings,New Zealand,-39.6381,176.84918,10.9
Hamilton,New Zealand,-37.78333,175.28333,37.1
Dunedin,New Zealand,-45.87416,170.50361,14.4
Christchurch,New Zealand,-43.53333,172.63333,6.7
Auckland,New Zealand,-36.86667,174.76667,73.0
Levin,New Zealand,-40.63333,175.275,35.8
Gisborne,New Zealand,-38.65333,178.00417,6.3
Masterton,New Zealand,-40.95972,175.6575,103.6
Tauranga,New Zealand,-37.68611,176.16667,12.3
Papakura,New Zealand,-37.06573,174.94393,21.6
Whakatane,New Zealand,-37.95855,176.98545,6.6
Ashburton,New Zealand,-43.89834,171.73011,107.2
Whangarei,New Zealand,-35.73167,174.32391,3.0
Cambridge,New Zealand,-37.87822,175.4402,62.3
Rotorua,New Zealand,-38.13874,176.24516,283.7
Blenheim,New Zealand,-41.51603,173.9528,5.1
Upper Hutt,New Zealand,-41.13827,175.0502,53.7
Taradale,New Zealand,-39.53333,176.85,4.4
Waitakere,New Zealand,-36.91754,174.65773,89.7
Şūr,Oman,22.56667,59.52889,4.3
Al Sohar,Oman,24.3643,56.74681,9.0
Sufālat Samā’il,Oman,23.31667,58.01667,349.4
Shināş,Oman,24.74333,56.46583,3.5
Şalālah,Oman,17.01505,54.09237,10.2
Şaḩam,Oman,24.17222,56.88861,3.0
Nizwá,Oman,22.93333,57.53333,508.8
Muscat,Oman,23.61387,58.5922,6.5
Khasab,Oman,26.17993,56.24774,11.9
Izkī,Oman,22.93333,57.76667,542.8
‘Ibrī,Oman,23.22573,56.51572,360.0
Ibrā’,Oman,22.69057,58.53337,437.0
Bidbid,Oman,23.40787,58.1283,218.5
Bawshar,Oman,23.55563,58.3989,73.0
Barkā’,Oman,23.70739,57.88908,6.7
Bahlā’,Oman,22.97339,57.29958,578.9
Badīyah,Oman,22.45,58.8,297.2
As Suwayq,Oman,23.84944,57.43861,10.2
As Sīb al Jadīdah,Oman,23.67027,58.18911,6.7
Rustaq,Oman,23.39083,57.42444,339.9
Al Liwā’,Oman,24.53611,56.56556,6.3
Al Khābūrah,Oman,23.98864,57.09838,4.0
Al Buraymī,Oman,24.25088,55.79312,299.2
Ādam,Oman,22.3756,57.52334,277.0
Yanqul,Oman,23.59051,56.55007,559.9
Vista Alegre,Panama,8.93333,-79.7,28.3
Veracruz,Panama,8.88333,-79.63333,0.0
Tocumen,Panama,9.08939,-79.3831,33.3
Santiago de Veraguas,Panama,8.1,-80.98333,95.3
San Miguelito,Panama,9.05032,-79.47068,52.1
Puerto Armuelles,Panama,8.27775,-82.86206,10.8
Pedregal,Panama,8.36586,-82.43524,3.8
Panamá,Panama,8.9936,-79.51973,12.4
Pacora,Panama,9.07937,-79.28997,12.4
Nuevo Arraiján,Panama,8.91667,-79.71667,25.9
Las Cumbres,Panama,9.08916,-79.52809,81.3
La Concepción,Panama,8.51212,-82.61858,211.9
La Chorrera,Panama,8.88028,-79.78333,75.9
La Cabima,Panama,9.11865,-79.5366,153.2
David,Panama,8.42729,-82.43085,46.5
Colón,Panama,9.35451,-79.90011,4.6
Chitré,Panama,7.96082,-80.42944,32.8
Chilibre,Panama,9.15093,-79.62098,47.3
Chepo,Panama,9.17019,-79.10083,20.2
Changuinola,Panama,9.43,-82.52,8.9
Cativá,Panama,9.36242,-79.83569,2.1
Arraiján,Panama,8.95,-79.65,133.5
Alcalde Díaz,Panama,9.12016,-79.55641,204.4
Aguadulce,Panama,8.24183,-80.54609,25.9
Yurimaguas,Peru,-5.90181,-76.12234,145.5
Virú,Peru,-8.41554,-78.75201,72.8
Uchiza,Peru,-8.45917,-76.46333,561.5
Tumbes,Peru,-3.56694,-80.45153,27.0
Trujillo,Peru,-8.11599,-79.02998,30.5
Tocache,Peru,-8.1877,-76.52046,495.9
Tingo María,Peru,-9.29616,-75.99831,650.7
Tambo Grande,Peru,-4.92694,-80.34472,66.2
Talara,Peru,-4.57722,-81.27194,11.1
Sullana,Peru,-4.90389,-80.68528,60.8
Sechura,Peru,-5.55694,-80.82222,17.1
Santiago de Cao,Peru,-7.95889,-79.23917,15.0
San Pedro de Lloc,Peru,-7.4289,-79.50416,46.0
Zaña,Peru,-6.92315,-79.58384,61.0
Rioja,Peru,-6.05675,-77.16651,835.4
Querecotillo,Peru,-4.83778,-80.64556,52.7
Pucallpa,Peru,-8.37915,-74.55387,159.1
Piura,Peru,-5.19449,-80.63282,31.7
Pimentel,Peru,-6.83667,-79.93417,5.0
Picsi,Peru,-6.71778,-79.76972,42.3
Paita,Peru,-5.08917,-81.11444,15.0
Paiján,Peru,-7.73291,-79.3015,92.0
Pacasmayo,Peru,-7.40056,-79.57139,9.0
Moyobamba,Peru,-6.03416,-76.97168,876.0
Monsefú,Peru,-6.87719,-79.86998,12.8
Moche,Peru,-8.17111,-79.00917,9.4
Marcavelica,Peru,-4.87778,-80.70528,56.8
La Unión,Peru,-5.40232,-80.74224,15.9
Laredo,Peru,-8.08965,-78.9602,94.7
La Peca,Peru,-5.61111,-78.435,895.8
Lambayeque,Peru,-6.70111,-79.90611,19.9
Juanjuí,Peru,-7.17697,-76.72774,275.7
Jaén,Peru,-5.69918,-78.8009,696.0
Iquitos,Peru,-3.74912,-73.25383,94.3
Huaraz,Peru,-9.52779,-77.52778,3059.3
Huánuco,Peru,-9.93062,-76.24223,1898.2
Huamachuco,Peru,-7.8,-78.06667,3332.8
Guadalupe,Peru,-7.25,-79.48333,86.8
Ferreñafe,Peru,-6.63889,-79.78889,39.9
Coishco,Peru,-9.02306,-78.61556,18.6
Chulucanas,Peru,-5.0925,-80.1625,88.8
Chongoyape,Peru,-6.64056,-79.38917,213.8
Chocope,Peru,-7.79139,-79.22167,107.1
Chimbote,Peru,-9.08528,-78.57833,7.6
Chiclayo,Peru,-6.77137,-79.84088,32.7
Chepén,Peru,-7.22884,-79.42599,149.7
Chachapoyas,Peru,-6.23169,-77.86903,2362.3
Catacaos,Peru,-5.26667,-80.68333,21.8
Cajamarca,Peru,-7.16378,-78.50027,2685.4
Bellavista,Peru,-7.05614,-76.5911,317.7
Bagua Grande,Peru,-5.75611,-78.44111,451.4
La Breita,Peru,-4.26054,-80.88807,231.1
Zarumilla,Peru,-3.50306,-80.27306,14.7
Yunguyo,Peru,-16.25,-69.08333,3847.7
Yanacancha,Peru,-10.24111,-76.64556,3993.7
Tarma,Peru,-11.41899,-75.68992,3056.8
Tambopata,Peru,-12.67191,-69.35547,220.4
Tacna,Peru,-18.01465,-70.25362,553.3
Surco,Peru,-12.13951,-77.00615,83.8
Sicuani,Peru,-14.26944,-71.22611,3549.3
Satipo,Peru,-11.25222,-74.63861,633.3
San Vicente de Cañete,Peru,-13.07556,-76.38528,43.1
Santa Ana,Peru,-12.86667,-72.71667,1665.3
San Isidro,Peru,-12.11667,-77.05,6.0
San Clemente,Peru,-13.66667,-76.15,76.1
Puno,Peru,-15.8422,-70.0199,3819.9
Puerto Maldonado,Peru,-12.59331,-69.18913,201.9
Pisco,Peru,-13.71029,-76.20538,16.8
Paramonga,Peru,-10.66667,-77.83333,7.5
Nuevo Imperial,Peru,-13.07541,-76.31719,153.5
Nazca,Peru,-14.83098,-74.93895,582.7
Moquegua,Peru,-17.19832,-70.93567,1442.5
Mollendo,Peru,-17.02306,-72.01472,65.4
Minas de Marcona,Peru,-15.21194,-75.11028,774.9
Mala,Peru,-12.65806,-76.63083,32.6
Lima,Peru,-12.04318,-77.02824,148.6
La Oroya,Peru,-11.51893,-75.89935,3766.1
Junín,Peru,-11.15895,-75.99304,4119.3
Juliaca,Peru,-15.5,-70.13333,3827.8
Jauja,Peru,-11.77584,-75.49656,3384.0
Imperial,Peru,-13.05927,-76.35269,91.0
Ilo,Peru,-17.63944,-71.3375,27.8
Ilave,Peru,-16.08333,-69.66667,3833.0
Ica,Peru,-14.06777,-75.72861,408.2
Huaura,Peru,-11.07,-77.59944,68.2
Huarmey,Peru,-10.06806,-78.15222,8.9
Huaral,Peru,-11.495,-77.20778,182.5
Huanta,Peru,-12.93333,-74.25,2658.7
Huancayo,Peru,-12.06513,-75.20486,3264.3
Huancavelica,Peru,-12.78261,-74.97266,3695.8
Hualmay,Peru,-11.09639,-77.61389,35.1
Huacho,Peru,-11.10667,-77.605,39.0
Cusco,Peru,-13.52264,-71.96734,3370.3
Chosica,Peru,-11.94306,-76.70944,829.7
Chincha Alta,Peru,-13.40985,-76.13235,108.5
Chaupimarca,Peru,-10.40696,-76.46168,3430.9
Chancay,Peru,-11.57139,-77.26722,32.8
Cerro de Pasco,Peru,-10.66748,-76.25668,4340.0
Camaná,Peru,-16.62375,-72.71055,15.0
Callao,Peru,-12.05659,-77.11814,24.8
Barranca,Peru,-10.75,-77.76667,49.1
Ayaviri,Peru,-14.88639,-70.58889,3891.8
Ayacucho,Peru,-13.15878,-74.22321,2737.3
Arequipa,Peru,-16.39889,-71.535,2354.3
Andahuaylas,Peru,-13.65556,-73.38722,2903.8
Abancay,Peru,-13.63389,-72.88139,2412.0
La Rinconada,Peru,-14.63126,-69.44638,5034.8
Punaauia,French Polynesia,-17.63333,-149.6,26.1
Papeete,French Polynesia,-17.53733,-149.5665,8.1
Faaa,French Polynesia,-17.55,-149.6,3.2
Wewak,Papua New Guinea,-3.54964,143.63229,32.4
Port Moresby,Papua New Guinea,-9.44314,147.17972,75.6
Popondetta,Papua New Guinea,-8.76536,148.23252,99.8
Mount Hagen,Papua New Guinea,-5.85746,144.23058,1727.2
Mendi,Papua New Guinea,-6.14755,143.65633,1726.4
Madang,Papua New Guinea,-5.21639,145.7987,0.0
Lae,Papua New Guinea,-6.72208,146.98469,11.2
Kokopo,Papua New Guinea,-4.35202,152.26327,93.3
Kimbe,Papua New Guinea,-5.55085,150.13766,17.5
Goroka,Papua New Guinea,-6.08336,145.38735,1578.0
Daru,Papua New Guinea,-9.07786,143.20893,5.4
Bulolo,Papua New Guinea,-7.19955,146.64555,644.9
Arawa,Papua New Guinea,-6.22977,155.56598,19.0
Zamboanga,Philippines,6.91028,122.07389,6.6
Wao,Philippines,7.68333,124.66667,1236.6
Virac,Philippines,13.5848,124.2374,5.1
Vigan,Philippines,17.57472,120.38694,16.1
Victorias,Philippines,10.90154,123.0705,11.1
Victoria,Philippines,14.2277,121.3292,11.0
Veruela,Philippines,8.0731,125.9558,25.8
Valencia,Philippines,7.90639,125.09417,308.0
Urdaneta,Philippines,15.97611,120.57111,28.7
Ualog,Philippines,10.57396,123.3933,107.2
Tupi,Philippines,6.33444,124.95278,314.3
Tuguegarao City,Philippines,17.61306,121.72694,27.5
Trento,Philippines,8.04583,126.06361,34.5
Toledo,Philippines,10.3773,123.6386,6.0
Tiwi,Philippines,13.4585,123.6805,7.0
Ternate,Philippines,14.2897,120.7168,3.7
Teresa,Philippines,14.5612,121.2195,47.7
Telabastagan,Philippines,15.11854,120.60773,71.4
Taytay,Philippines,14.55883,121.13285,7.9
Tayabas,Philippines,14.0259,121.5929,190.5
Tarlac City,Philippines,15.48017,120.59794,43.3
Tanza,Philippines,14.6753,120.9389,3.7
Tanjay,Philippines,9.5162,123.158,7.0
Tangub,Philippines,8.0618,123.7477,10.1
Tandag,Philippines,9.07833,126.19861,5.3
Tanay,Philippines,14.4968,121.2846,8.3
Tanauan,Philippines,14.08627,121.14975,153.0
Tanauan,Philippines,11.10944,125.01556,4.0
Taloc,Philippines,10.5746,122.8954,10.1
Talisay,Philippines,14.0925,121.02194,11.9
Talisay,Philippines,10.7375,122.9666,8.8
Talisay,Philippines,10.24472,123.84944,6.1
Talavera,Philippines,15.5883,120.9192,43.2
Talacogon,Philippines,8.45611,125.78417,18.7
Tagum,Philippines,7.44778,125.80778,21.8
Taguig,Philippines,14.5243,121.0792,2.6
Tagudin,Philippines,16.9355,120.4442,8.8
Tagoloan,Philippines,8.53954,124.75411,10.0
Tagbilaran City,Philippines,9.65556,123.85219,12.1
Tagas,Philippines,13.16667,123.71667,37.5
Tacurong,Philippines,6.6925,124.67639,47.9
Tabuk,Philippines,17.47378,121.46799,137.4
Tabaco,Philippines,13.35861,123.73361,3.5
Taal,Philippines,13.87992,120.92311,37.5
Surigao,Philippines,9.789,125.495,7.4
Surallah,Philippines,6.37527,124.74521,193.2
Subic,Philippines,14.87999,120.23433,4.6
Suay,Philippines,10.0533,122.8423,8.5
Sorsogon,Philippines,12.97389,123.99333,7.7
Solano,Philippines,16.51918,121.18124,257.1
Solana,Philippines,17.6528,121.691,23.3
Sitangkai,Philippines,4.66115,119.39647,2.9
Sipalay,Philippines,9.75194,122.40417,2.5
Silang,Philippines,14.21567,120.97137,329.8
Sibulan,Philippines,9.3584,123.285,4.9
Sexmoan,Philippines,14.9438,120.6229,3.6
Sebu,Philippines,6.22,124.69361,690.2
Sariaya,Philippines,13.9624,121.5265,193.3
San Vicente,Philippines,15.2921,120.65498,36.6
Santo Tomas,Philippines,14.1079,121.14136,142.4
Santol,Philippines,15.16222,120.5675,120.0
Santiago,Philippines,16.68808,121.5487,82.8
Santa Rosa,Philippines,14.31222,121.11139,8.3
Santa Maria,Philippines,16.9518,120.4445,7.3
Santa Maria,Philippines,6.55361,125.47083,19.0
Santa Cruz,Philippines,15.7654,119.9092,3.8
Santa Cruz,Philippines,14.9127,120.56659,6.0
Santa Cruz,Philippines,14.2814,121.4161,7.5
Santa Catalina,Philippines,9.3337,122.8637,8.4
Santa Barbara,Philippines,16.0009,120.4023,9.4
Santa Ana,Philippines,15.0955,120.767,5.2
San Simon,Philippines,14.9996,120.7808,5.6
San Pedro,Philippines,14.3595,121.0473,19.8
San Pascual,Philippines,13.7975,121.03417,53.2
San Pablo,Philippines,14.0683,121.3256,115.4
San Nicolas,Philippines,18.1725,120.5953,14.5
San Narciso,Philippines,15.0143,120.0803,9.5
San Miguel,Philippines,15.44397,120.59923,49.8
San Miguel,Philippines,15.1423,120.97568,18.9
San Mateo,Philippines,16.88206,121.58694,82.0
San Mateo,Philippines,14.6982,121.1236,21.6
San Mariano,Philippines,7.5,126,208.8
San Marcelino,Philippines,14.97418,120.15733,39.0
San Luis,Philippines,15.0401,120.7883,6.6
San Leonardo,Philippines,15.363,120.9639,28.2
San Juan,Philippines,14.6,121.0333,14.2
San Jose del Monte,Philippines,14.81389,121.04528,52.5
San Jose,Philippines,13.35,123.55,194.5
San Jose,Philippines,12.35275,121.06761,8.0
San Ildefonso,Philippines,15.0809,120.941,17.2
San Francisco,Philippines,15.35566,120.84001,18.2
Aurora,Philippines,13.3476,122.5195,4.6
San Francisco,Philippines,8.53556,125.95,34.2
San Fernando,Philippines,16.61591,120.31663,7.5
San Fernando,Philippines,15.0286,120.6898,5.1
San Fernando,Philippines,10.1624,123.7076,18.9
San Antonio,Philippines,15.3062,120.856,17.1
San Antonio,Philippines,15.24226,120.83924,13.8
San Antonio,Philippines,14.94659,120.08673,10.2
Sampaloc,Philippines,14.5402,121.3602,385.1
Samal,Philippines,14.76778,120.54306,3.1
Samal,Philippines,7.07444,125.70833,5.6
Sagay,Philippines,10.94472,123.42417,5.3
Sablayan,Philippines,12.8346,120.769,2.8
Roxas,Philippines,17.11894,121.62014,58.2
Roxas City,Philippines,11.58528,122.75111,5.8
Roxas,Philippines,10.3215,119.3451,5.2
Romblon,Philippines,12.57513,122.27081,11.5
Rizal,Philippines,15.7118,121.1061,86.9
Recodo,Philippines,6.95194,121.96361,2.2
Ramos,Philippines,15.6653,120.6406,21.4
Ramon,Philippines,16.78416,121.53504,105.7
Quiapo,Philippines,14.6,120.9833,7.5
Quezon City,Philippines,14.6488,121.0509,48.3
Quezon,Philippines,15.5512,120.8147,25.4
Quezon,Philippines,7.73028,125.09889,271.9
Pulupandan,Philippines,10.5203,122.8017,5.3
Pulong Santa Cruz,Philippines,14.27324,121.07643,52.2
Pulilan,Philippines,14.90167,120.84917,11.3
Puerto Princesa,Philippines,9.73917,118.73528,19.1
Port Area,Philippines,14.5833,120.9667,0.0
Porac,Philippines,15.0711,120.5423,70.2
Polomolok,Philippines,6.22167,125.06398,298.6
Polangui,Philippines,13.2923,123.4855,26.6
Plaridel,Philippines,14.88722,120.85722,13.8
Pio,Philippines,15.04741,120.51891,63.4
Pinamungahan,Philippines,10.2708,123.5839,4.0
Pinamalayan,Philippines,13.04603,121.46205,9.1
Pililla,Philippines,14.4854,121.3062,6.6
Pilar,Philippines,14.66,120.56528,2.2
Pila,Philippines,14.2325,121.3648,12.1
Peñaranda,Philippines,15.35116,121.00393,35.7
Patuto,Philippines,14.11667,120.96667,532.9
Passi,Philippines,11.10778,122.64194,39.4
Parang,Philippines,7.37035,124.26973,46.3
Paraiso,Philippines,10.8849,123.3627,42.2
Papaya,Philippines,15.32016,120.83574,14.5
Paombong,Philippines,14.83111,120.78917,2.9
Pantubig,Philippines,14.96806,120.95472,18.7
Paniqui,Philippines,15.6689,120.5806,19.7
Pangil,Philippines,14.4033,121.46506,3.9
Pandi,Philippines,14.865,120.95722,37.3
Pandacaqui,Philippines,15.1719,120.65457,46.8
Panalanoy,Philippines,11.25111,125.00639,12.0
Panabo,Philippines,7.30806,125.68417,6.9
Palo,Philippines,11.1575,124.99083,7.1
Palayan City,Philippines,15.5415,121.0848,69.3
Pagbilao,Philippines,13.96689,121.69835,2.2
Pagaluñgan,Philippines,7.14167,124.38056,1.9
Pagadian,Philippines,7.8257,123.437,35.8
Paete,Philippines,14.3647,121.4829,12.6
Pacol,Philippines,10.45,122.81667,0.0
Ozamiz City,Philippines,8.1481,123.8405,8.3
Oroquieta,Philippines,8.4859,123.8048,5.4
Ormoc,Philippines,11.00639,124.6075,7.6
Orion,Philippines,14.62056,120.58167,3.2
Orani,Philippines,14.8006,120.5371,3.7
Olongapo,Philippines,14.82917,120.28278,6.6
Obando,Philippines,14.7098,120.9362,3.0
Noveleta,Philippines,14.42922,120.87989,4.7
Norzagaray,Philippines,14.9109,121.0493,43.6
New Corella,Philippines,7.5866,125.8237,19.7
Nasugbu,Philippines,14.06694,120.63181,5.8
Narra,Philippines,9.26877,118.4043,6.9
Naic,Philippines,14.31812,120.76609,11.5
Nagcarlan,Philippines,14.1364,121.4165,201.6
Naga,Philippines,13.61917,123.18139,4.7
Naga,Philippines,10.20898,123.758,9.2
Nabunturan,Philippines,7.60778,125.96639,82.6
Nabua,Philippines,13.4075,123.3724,13.4
Muricay,Philippines,7.8275,123.4782,2.1
Murcia,Philippines,10.60516,123.0417,151.5
Muñoz,Philippines,15.71611,120.90306,65.5
Morong,Philippines,14.67889,120.26611,7.2
Morong,Philippines,14.51849,121.23778,8.7
Rodriguez,Philippines,14.76011,121.19993,212.0
Monkayo,Philippines,7.81528,126.05444,56.0
Molave,Philippines,8.0844,123.491,18.1
Minglanilla,Philippines,10.24498,123.7964,17.2
Midsayap,Philippines,7.19083,124.53028,17.7
Meycauayan,Philippines,14.73694,120.96083,6.4
Mexico,Philippines,15.0646,120.7198,5.2
Mercedes,Philippines,14.1093,123.0109,6.2
Mendez-Nuñez,Philippines,14.12861,120.90583,531.1
Mauban,Philippines,14.191,121.7309,5.4
Mati,Philippines,6.95508,126.21655,16.1
Masinloc,Philippines,15.5363,119.9502,4.6
Masbate,Philippines,12.37169,123.62494,12.7
Masantol,Philippines,14.896,120.7092,2.4
Mariveles,Philippines,14.43385,120.48569,4.4
Marilao,Philippines,14.75778,120.94833,5.2
Mariano,Philippines,8.83333,125.11667,1.7
Marawi City,Philippines,8.0034,124.28395,715.7
Maramag,Philippines,7.76333,125.00528,278.9
Maragondon,Philippines,14.2733,120.7377,16.0
Mantampay,Philippines,8.16667,124.21667,170.1
Mansilingan,Philippines,10.63111,122.97889,42.5
Mansalay,Philippines,12.52044,121.43851,6.7
Manolo Fortich,Philippines,8.36972,124.86444,511.7
Manila,Philippines,14.6042,120.9822,9.3
Manibaug Pasig,Philippines,15.09621,120.56445,88.6
Mangaldan,Philippines,16.07,120.4025,5.0
Mandaue City,Philippines,10.32361,123.92222,11.5
Mandaluyong City,Philippines,14.5832,121.0409,23.8
Mankayan,Philippines,16.8632,120.7829,1182.8
Manay,Philippines,7.215,126.53972,7.2
Manapla,Philippines,10.95803,123.123,10.5
Manaoag,Philippines,16.0438,120.4861,22.1
Mamburao,Philippines,13.2233,120.596,6.0
Mamatid,Philippines,14.2349,121.15902,9.2
Malvar,Philippines,14.04472,121.15861,209.6
Maluso,Philippines,6.543,121.8753,5.0
Maluñgun,Philippines,6.27917,125.28167,119.8
Malolos,Philippines,14.8443,120.81039,3.5
Malita,Philippines,6.415,125.61167,5.0
Malilipot,Philippines,13.3188,123.7385,10.8
Malaybalay,Philippines,8.1575,125.12778,620.0
Malapatan,Philippines,5.96917,125.28944,19.7
Malanday,Philippines,14.7069,121.1306,21.5
Malabanban Norte,Philippines,13.94521,121.43065,97.4
Makati City,Philippines,14.55027,121.03269,25.9
Mahayag,Philippines,8.1183,123.4455,26.8
Magsaysay,Philippines,6.76667,125.18333,101.2
Magarao,Philippines,13.6604,123.1869,5.1
Maganoy,Philippines,6.86472,124.44167,36.6
Magalang,Philippines,15.2151,120.6596,42.0
Mabalacat City,Philippines,15.22303,120.57117,98.9
Maasin,Philippines,10.13361,124.84472,7.2
Maao,Philippines,10.4896,122.9907,56.0
Lupon,Philippines,6.89814,126.00961,4.6
Lumbang,Philippines,14.2973,121.4598,6.6
Lucena,Philippines,13.93139,121.61722,10.3
Lucban,Philippines,14.11356,121.55574,428.4
Lubao,Philippines,14.9405,120.6011,3.7
Los Baños,Philippines,14.17025,121.24181,30.3
Lopez,Philippines,13.884,122.2604,9.4
Loma de Gato,Philippines,14.78869,120.99889,43.3
Loboc,Philippines,9.63833,124.03482,43.6
Lipa City,Philippines,13.9411,121.1631,326.5
Lingayen,Philippines,16.02182,120.23194,4.5
Limay,Philippines,14.56194,120.59833,3.4
Liloan,Philippines,10.3991,123.9992,5.9
Lilio,Philippines,14.1313,121.4362,259.8
Libon,Philippines,13.2997,123.4386,14.8
Libertad,Philippines,8.94417,125.50194,4.7
Legaspi,Philippines,13.13722,123.73444,10.7
Laur,Philippines,15.5865,121.1834,69.4
La Trinidad,Philippines,16.455,120.5875,1314.6
Lapu-Lapu City,Philippines,10.31028,123.94944,7.8
La Paz,Philippines,15.44125,120.72863,19.9
Laoang,Philippines,12.5698,125.0141,7.1
Laoag,Philippines,18.1978,120.5957,14.5
Lala,Philippines,7.9745,123.7458,7.5
Laguilayan,Philippines,6.6525,124.52111,54.1
La Castellana,Philippines,10.3239,123.0215,60.5
La Carlota,Philippines,10.4242,122.9212,23.2
Labo,Philippines,14.1532,122.8303,15.6
Koronadal,Philippines,6.50306,124.84694,53.3
Kidapawan,Philippines,7.00833,125.08944,274.3
Kawit,Philippines,14.44426,120.90164,4.0
Kalibo (poblacion),Philippines,11.70611,122.36444,9.1
Kabankalan,Philippines,9.9839,122.81423,4.4
Kabacan,Philippines,7.10667,124.82917,24.9
Jose Pañganiban,Philippines,14.2906,122.6917,5.0
Jolo,Philippines,6.05222,121.00222,4.1
Jasaan,Philippines,8.65417,124.75556,30.4
Jalajala,Philippines,14.353,121.3225,6.9
Jagna,Philippines,9.6531,124.3697,4.7
Jaen,Philippines,15.3275,120.9192,19.2
Itogon,Philippines,16.36389,120.67694,797.5
Isulan,Philippines,6.62944,124.605,64.4
Isabela,Philippines,10.2048,122.9888,22.8
City of Isabela,Philippines,6.70407,121.97117,17.2
Irosin,Philippines,12.70013,124.03221,32.5
Iriga City,Philippines,13.4324,123.4115,25.7
Ipil,Philippines,7.78444,122.58611,13.4
Indang,Philippines,14.19528,120.87694,295.5
Imus,Philippines,14.42972,120.93667,9.1
Iloilo,Philippines,10.69694,122.56444,9.1
Iligan City,Philippines,8.25,124.4,267.0
Ilagan,Philippines,17.14854,121.88924,51.8
Iba,Philippines,15.3276,119.978,7.0
Hinigaran,Philippines,10.2706,122.8507,4.6
Himamaylan,Philippines,10.09889,122.87056,5.2
Hermosa,Philippines,14.8314,120.5081,5.8
Hagonoy,Philippines,14.83413,120.73271,3.1
Guyong,Philippines,14.8361,120.97844,38.2
Gumaca,Philippines,13.921,122.1002,5.4
Guiset East,Philippines,16.06667,120.68333,68.2
Guimba,Philippines,15.6605,120.7683,38.8
Guihulñgan,Philippines,10.1214,123.2742,6.1
Guiguinto,Philippines,14.83333,120.88333,8.9
Goa,Philippines,13.6978,123.4892,70.2
Glan,Philippines,5.82417,125.20333,4.4
Gerona,Philippines,15.6065,120.5978,27.4
General Trias,Philippines,14.38694,120.88167,18.0
General Tinio,Philippines,15.35075,121.04773,50.2
General Santos,Philippines,6.11278,125.17167,12.4
General Mamerto Natividad,Philippines,15.6025,121.0515,57.8
Gapan,Philippines,15.3072,120.9464,22.7
Escalante,Philippines,10.84028,123.49917,27.9
Saravia,Philippines,10.87754,122.9677,3.3
Dumaguete,Philippines,9.30722,123.30261,13.3
Don Carlos,Philippines,7.68,125.005,303.9
Domalanoan,Philippines,16.00292,120.21154,1.6
Dologon,Philippines,7.84083,125.04444,308.3
Dipolog,Philippines,8.56697,123.33471,5.2
Dinalupihan,Philippines,14.87827,120.45221,8.9
Digos,Philippines,6.74972,125.35722,16.3
Diadi,Philippines,16.7262,121.3589,271.5
Del Pilar,Philippines,15.03601,120.69935,4.4
Davao,Philippines,7.07306,125.61278,7.2
Dasmariñas,Philippines,14.32944,120.93667,78.2
Dapitan,Philippines,8.6561,123.4227,6.6
Danao,Philippines,10.52083,124.02722,6.6
Danao,Philippines,9.55421,123.75648,6.5
Daet,Philippines,14.1122,122.9553,12.3
Cuenca,Philippines,13.902,121.0521,294.3
Cotabato,Philippines,7.22361,124.24639,6.0
Cordova,Philippines,10.25194,123.94944,8.0
Consolacion,Philippines,10.3766,123.9573,12.1
Concepcion,Philippines,15.32546,120.65723,34.6
Concepcion Ibaba,Philippines,13.92309,121.46099,80.5
Compostela,Philippines,10.455,124.0106,7.9
Compostela,Philippines,7.67306,126.08889,69.1
Cebu City,Philippines,10.31672,123.89071,39.7
Cavite City,Philippines,14.48369,120.89878,3.6
Catbalogan,Philippines,11.77528,124.88611,7.9
Catarman,Philippines,12.4989,124.6377,7.6
Catanauan,Philippines,13.5926,122.3215,6.4
Castillejos,Philippines,14.93363,120.19785,45.8
Carmona,Philippines,14.3132,121.0576,25.7
Cogan,Philippines,10.59306,124.01778,10.5
Carigara,Philippines,11.29917,124.67556,4.0
Cardona,Philippines,14.48646,121.22752,10.6
Carcar,Philippines,10.1061,123.6402,21.3
Capas,Philippines,15.33117,120.5898,46.5
Canlaon,Philippines,10.38697,123.2227,473.1
Candelaria,Philippines,13.93111,121.42333,70.1
Candaba,Philippines,15.0956,120.8267,7.5
Camiling,Philippines,15.6866,120.4128,25.8
Calumpit,Philippines,14.91639,120.76583,4.7
Calumpang,Philippines,14.6228,121.0897,13.0
Calbayog City,Philippines,12.0668,124.5962,6.0
Calauan,Philippines,14.14989,121.3152,17.1
Calauag,Philippines,13.9575,122.288,6.6
Calatagan,Philippines,13.83224,120.63219,7.5
Calasiao,Philippines,16.0111,120.36,5.1
Calapan,Philippines,13.4117,121.1803,5.6
Calamba,Philippines,14.21167,121.16528,12.4
Calaca,Philippines,13.93244,120.81327,20.4
Calabanga,Philippines,13.7068,123.2087,4.3
Cainta,Philippines,14.5786,121.1222,8.4
Cagayan de Oro,Philippines,8.48222,124.64722,6.3
Cadiz,Philippines,10.9465,123.288,8.8
Cabiao,Philippines,15.2488,120.8548,12.6
Cabayangan,Philippines,7.40722,125.73306,4.9
Cabanatuan City,Philippines,15.48586,120.96648,32.5
Cabagan,Philippines,17.42782,121.76955,27.6
Cabadbaran,Philippines,9.12261,125.53549,5.9
Butuan,Philippines,8.94917,125.54361,5.3
Bustos,Philippines,14.95806,120.91778,11.4
Boroon,Philippines,8.18278,124.17701,77.2
Burgos,Philippines,15.72892,120.57224,18.2
Bunawan,Philippines,8.16722,125.99083,22.1
Buluan,Philippines,6.72028,124.80194,6.2
Bulaon,Philippines,15.08262,120.66288,29.1
Bulan,Philippines,12.67139,123.875,5.4
Bulacan,Philippines,14.79278,120.87889,4.2
Buhi,Philippines,13.4322,123.517,92.8
Bugo,Philippines,8.50833,124.75944,5.9
Buenavista,Philippines,8.97694,125.40889,4.0
Budta,Philippines,7.20417,124.43972,3.9
Botolan,Philippines,15.2896,120.0245,9.4
Borongan,Philippines,11.60806,125.43194,10.0
Bongao,Philippines,5.02917,119.77306,5.1
Bongabon,Philippines,15.6321,121.1448,69.8
Bogo,Philippines,11.0517,124.0055,5.7
Bocaue,Philippines,14.79833,120.92611,4.3
Bislig,Philippines,8.21528,126.31639,3.0
Binonga,Philippines,10.7719,122.9817,11.4
Binmaley,Philippines,16.03232,120.26904,3.7
Binangonan,Philippines,14.4646,121.1929,7.1
Binalbagan,Philippines,10.1948,122.8581,5.6
Bignay Uno,Philippines,13.86445,121.48792,12.3
Bayugan,Philippines,8.75611,125.7675,53.1
Bayombong,Philippines,16.4812,121.1497,275.8
Baybay,Philippines,10.6785,124.8006,5.1
Bayawan,Philippines,9.3649,122.804,6.5
Bayambang,Philippines,15.8127,120.4557,19.7
Bay,Philippines,14.18368,121.28554,4.8
Bauang,Philippines,16.53083,120.33306,10.2
Bauan,Philippines,13.7917,121.0085,22.7
Bato,Philippines,13.3528,123.3677,14.3
Batangas,Philippines,13.7567,121.0584,11.6
Batac City,Philippines,18.0554,120.56489,25.6
Baras,Philippines,14.51691,121.2658,2.9
Bantayan,Philippines,11.1683,123.7223,8.0
Bansalan,Philippines,6.78611,125.21333,159.3
Bañga,Philippines,6.42389,124.77833,164.8
Banaybanay,Philippines,13.85,121.2,146.4
Bambang,Philippines,16.3865,121.1066,325.5
Baliuag,Philippines,14.95472,120.89694,15.4
Balayan,Philippines,13.93714,120.73224,3.6
Balanga,Philippines,14.67611,120.53611,6.7
Balamban,Philippines,10.5039,123.7156,5.7
Balagtas,Philippines,14.81667,120.86667,7.2
Bais,Philippines,9.59111,123.12278,7.4
Bah-Bah,Philippines,8.60722,125.91444,40.7
Baguio,Philippines,16.41639,120.59306,1494.1
Bago City,Philippines,10.53333,122.83333,5.4
Baggabag B,Philippines,16.50588,121.19014,254.4
Bacoor,Philippines,14.45903,120.92903,4.0
Bacolod City,Philippines,10.66667,122.95,16.8
Babo-Pangulo,Philippines,15.08333,120.51667,116.6
Baao,Philippines,13.4549,123.3653,11.6
Atimonan,Philippines,14.0027,121.92078,6.6
Asia,Philippines,9.5506,122.5164,5.3
Aringay,Philippines,16.394,120.3545,12.5
Arayat,Philippines,15.1505,120.7697,10.3
Aparri,Philippines,18.3566,121.6406,6.0
Apalit,Philippines,14.95333,120.77,5.7
Antipolo,Philippines,14.62578,121.12251,19.0
Angono,Philippines,14.5266,121.1536,10.6
Angeles City,Philippines,15.15,120.58333,100.4
Angat,Philippines,14.9285,121.03,37.0
Amadeo,Philippines,14.17056,120.92361,434.6
Alicia,Philippines,16.77936,121.69734,72.8
Aliaga,Philippines,15.5,120.843,24.3
Alaminos,Philippines,14.06391,121.24649,147.8
Alabel,Philippines,6.10179,125.29048,35.7
Agoo,Philippines,16.08333,120.1,20.2
Abuyog,Philippines,10.747,125.0107,5.3
Abucay,Philippines,14.73347,120.53358,2.4
Bagong Pagasa,Philippines,14.6627,121.0328,38.4
Malingao,Philippines,7.16083,124.475,3.8
Pasig City,Philippines,14.58691,121.0614,34.8
Pandan,Philippines,11.74479,122.10027,19.7
Apas,Philippines,10.34076,123.90261,63.5
Chuhar Jamāli,Pakistan,24.38953,67.99234,8.7
Rāwala Kot,Pakistan,33.85782,73.76043,1638.9
Pīr jo Goth,Pakistan,27.59102,68.61786,59.2
Khairpur,Pakistan,27.52948,68.7617,59.0
Zhob,Pakistan,31.34111,69.44806,1409.9
Zaida,Pakistan,34.06028,72.46778,320.2
Zāhir Pīr,Pakistan,28.81239,70.52405,94.0
Zafarwāl,Pakistan,32.34631,74.89987,277.6
Yazman,Pakistan,29.12122,71.74459,123.0
Wazīrābād,Pakistan,32.44583,74.11594,237.4
Warburton,Pakistan,31.55,73.83333,198.5
Wārāh,Pakistan,27.44808,67.79776,46.1
Vihāri,Pakistan,30.03333,72.35,140.6
Utmānzai,Pakistan,34.18799,71.76286,303.5
Uthal,Pakistan,25.80722,66.62194,41.9
Usta Muhammad,Pakistan,28.17943,68.04454,52.1
Umarkot,Pakistan,25.36157,69.73624,19.4
Ubauro,Pakistan,28.16524,69.7289,78.8
Turbat,Pakistan,26.00228,63.04399,140.6
Topi,Pakistan,34.07041,72.62358,350.1
Toba Tek Singh,Pakistan,30.97433,72.48269,162.2
Thul,Pakistan,28.24035,68.77588,64.2
Thatta,Pakistan,24.74745,67.92353,14.9
Thāru Shāh,Pakistan,26.94423,68.11602,45.9
Taunsa,Pakistan,30.70483,70.65051,176.2
Tānk,Pakistan,32.22168,70.37928,263.3
Tangi,Pakistan,34.3009,71.65238,358.3
Tando Muhammad Khān,Pakistan,25.12301,68.53577,19.8
Tando Jām,Pakistan,25.42718,68.53619,19.7
Tando Allāhyār,Pakistan,25.46263,68.71923,25.0
Tando Ādam,Pakistan,25.76374,68.66098,26.8
Tāndliānwāla,Pakistan,31.03333,73.13333,184.6
Talhār,Pakistan,24.88333,68.81667,12.1
Talamba,Pakistan,30.52708,72.24011,148.9
Talagang,Pakistan,32.92973,72.41583,462.9
Tāl,Pakistan,35.47908,72.24385,2075.6
Swābi,Pakistan,34.11988,72.46987,341.3
Surkhpur,Pakistan,32.71667,74.45,255.6
Sukkur,Pakistan,27.70516,68.85738,69.9
Sukheke Mandi,Pakistan,31.86388,73.51122,206.0
Sodhra,Pakistan,32.46162,74.18234,243.2
Sīta Road,Pakistan,27.03333,67.85,40.6
Sinjhoro,Pakistan,26.03031,68.80898,26.0
Sillānwāli,Pakistan,31.82611,72.53984,184.7
Sibi,Pakistan,29.5448,67.8764,135.6
Sialkot,Pakistan,32.49268,74.53134,251.4
Shujāābād,Pakistan,29.87967,71.29313,121.2
Shorko,Pakistan,31.90991,70.87741,184.2
Shikārpur,Pakistan,27.95706,68.63789,62.9
Sheikhupura,Pakistan,31.71306,73.97833,213.3
Sharqpur,Pakistan,31.46333,74.1,206.6
Shakargarr,Pakistan,32.26232,75.16683,270.6
Shahr Sultān,Pakistan,29.57646,71.02116,111.2
Shāhpur Chākar,Pakistan,26.15497,68.65093,28.8
Shahkot,Pakistan,31.5709,73.48531,197.5
Shāhdādpur,Pakistan,25.92406,68.61999,32.6
Shāhdādkot,Pakistan,27.84771,67.9055,45.8
Shabqadar,Pakistan,34.21599,71.5548,335.6
Sehwān,Pakistan,26.42794,67.863,42.2
Sargodha,Pakistan,32.08361,72.67111,191.8
Sarāi Sidhu,Pakistan,30.59489,71.96977,143.7
Sarāi Naurang,Pakistan,32.82591,70.78136,303.7
Sarāi Ālamgīr,Pakistan,32.90122,73.75591,236.9
Sangla Hill,Pakistan,31.71667,73.38333,194.9
Sānghar,Pakistan,26.04656,68.9481,26.9
Sambriāl,Pakistan,32.47455,74.35209,248.7
Sakrand,Pakistan,26.13839,68.27361,34.8
Sāhīwāl,Pakistan,31.97446,72.33087,173.6
Sahiwal,Pakistan,30.66667,73.1,170.7
Sādiqābād,Pakistan,28.30623,70.13065,82.5
Rohri,Pakistan,27.69223,68.89506,68.5
Renāla Khurd,Pakistan,30.88333,73.6,185.6
Rawalpindi,Pakistan,33.6007,73.0679,497.2
Ratodero,Pakistan,27.80296,68.28708,56.6
Rānīpur,Pakistan,27.28792,68.50505,54.2
Rājanpur,Pakistan,29.10351,70.32504,96.9
Rāja Jang,Pakistan,31.22083,74.25194,207.1
Rāiwind,Pakistan,31.25444,74.21778,207.1
Rādhan,Pakistan,27.18333,67.95,43.1
Rabwāh,Pakistan,31.75583,72.91972,195.2
Quetta,Pakistan,30.199,67.00971,1679.8
Kambar,Pakistan,27.58676,68.00103,50.5
Qādirpur Rān,Pakistan,30.29238,71.67117,132.4
Pishin,Pakistan,30.58028,66.99611,1546.9
Pīr Mahal,Pakistan,30.76667,72.43333,155.9
Pindi Gheb,Pakistan,33.24023,72.26609,329.9
Pindi Bhattiān,Pakistan,31.89781,73.27302,196.2
Pind Dādan Khān,Pakistan,32.58789,73.04564,204.4
Phālia,Pakistan,32.42973,73.57745,217.0
Peshawar,Pakistan,34.008,71.57849,342.0
Pattoki,Pakistan,31.01667,73.85,193.6
Pasrūr,Pakistan,32.26413,74.66343,256.0
Pasni,Pakistan,25.26311,63.47103,4.1
Pāno Āqil,Pakistan,27.85685,69.11156,68.6
Pākpattan,Pakistan,30.34104,73.38664,166.5
Pahārpur,Pakistan,32.10384,70.97235,180.3
Pad Īdan,Pakistan,26.77475,68.30197,45.3
Pabbi,Pakistan,34.01056,71.79889,301.2
Okāra,Pakistan,30.80806,73.44583,185.2
Nushki,Pakistan,29.55423,66.02148,999.3
Nawābshāh,Pakistan,26.24833,68.40955,30.5
Naushahro Fīroz,Pakistan,26.84238,68.12298,51.1
Naushahra Virkān,Pakistan,31.96283,73.97225,220.9
Naudero,Pakistan,27.66477,68.36217,59.9
Nasīrābād,Pakistan,27.38091,67.91678,47.2
Nārowāl,Pakistan,32.1,74.88333,238.6
Nārang,Pakistan,31.9132,74.51756,221.3
Naukot,Pakistan,24.85869,69.40238,11.7
Nankāna Sāhib,Pakistan,31.4475,73.69722,193.9
Muzaffargarh,Pakistan,30.07537,71.19213,120.8
Muzaffarābād,Pakistan,34.37002,73.47082,739.1
Mustafābād,Pakistan,30.89222,73.49889,179.5
Murree,Pakistan,33.90836,73.3903,2101.1
Murīdke,Pakistan,31.8025,74.26167,217.8
Multān,Pakistan,30.19556,71.47528,131.8
Moro,Pakistan,26.66459,68.00156,40.0
Mithi,Pakistan,24.73183,69.79811,35.6
Mitha Tiwāna,Pakistan,32.24861,72.11083,190.8
Mīrpur Māthelo,Pakistan,28.02271,69.54886,80.3
Mirpur Khas,Pakistan,25.5251,69.0159,17.2
Mingora,Pakistan,34.7795,72.36265,937.0
Minchinābād,Pakistan,30.163,73.56854,166.5
Miānwāli,Pakistan,32.57409,71.52639,205.6
Miān Channūn,Pakistan,30.44004,72.35431,154.7
Mehrābpur,Pakistan,28.1085,68.0254,50.0
Mehar,Pakistan,27.18067,67.82288,47.0
Mātli,Pakistan,25.04312,68.65568,21.7
Matiāri,Pakistan,25.59609,68.44666,34.5
Mastung,Pakistan,29.79936,66.84505,1682.6
Mardan,Pakistan,34.20195,72.05254,312.5
Mānsehra,Pakistan,34.33333,73.2,1081.3
Mangla,Pakistan,31.89306,72.38167,172.0
Mandi Bahāuddīn,Pakistan,32.58339,73.48431,219.3
Mānānwāla,Pakistan,31.58417,73.68778,200.5
Māmu Kānjan,Pakistan,30.83333,72.8,164.1
Malir Cantonment,Pakistan,24.9424,67.2066,48.3
Malakwāl,Pakistan,32.55362,73.21234,208.2
Mailsi,Pakistan,29.80028,72.17583,134.2
Mach,Pakistan,29.86371,67.32979,979.8
Loralai,Pakistan,30.37053,68.59798,1436.3
Lodhrān,Pakistan,29.54051,71.63357,116.8
Leiah,Pakistan,30.96128,70.93904,150.6
Lārkāna,Pakistan,27.55508,68.21414,55.6
Lāliān,Pakistan,31.82414,72.79971,180.8
Lāla Mūsa,Pakistan,32.70235,73.96,259.6
Lakki Marwat,Pakistan,32.60795,70.91142,269.3
Lahore,Pakistan,31.54972,74.34361,218.0
Ladhewāla Warāich,Pakistan,32.15656,74.11701,230.5
Lāchi,Pakistan,33.38325,71.33858,465.2
Kunri,Pakistan,25.17847,69.56913,14.7
Kunjāh,Pakistan,32.52848,73.97368,234.8
Kundiān,Pakistan,32.45872,71.47754,203.8
Kulāchi,Pakistan,31.92861,70.45917,217.6
Kot Samāba,Pakistan,28.55221,70.46837,86.7
Kotri,Pakistan,25.366,68.31216,24.8
Kot Rādha Kishan,Pakistan,31.1725,74.09972,206.2
Kot Mūmin,Pakistan,32.18954,73.02797,200.4
Kot Malik,Pakistan,30.19438,66.99299,1664.4
Kotli Lohārān,Pakistan,32.5883,74.49321,247.9
Kotli,Pakistan,33.51836,73.9022,610.0
Kot Ghulām Muhammad,Pakistan,32.33298,74.54798,240.3
Kot Diji,Pakistan,27.34272,68.70834,54.0
Kot Addu,Pakistan,30.4692,70.96714,137.4
Kohāt,Pakistan,33.58196,71.44929,499.4
Khushāb,Pakistan,32.29667,72.3525,188.1
Khurriānwāla,Pakistan,31.50056,73.26667,190.2
Khewra,Pakistan,32.64793,73.01058,379.6
Khāriān,Pakistan,32.81493,73.86359,291.1
Khārān,Pakistan,28.58333,65.41667,718.9
Khānpur,Pakistan,28.64534,70.6567,94.5
Khānpur,Pakistan,27.84358,69.41373,68.5
Khāngarh,Pakistan,29.9173,71.16184,116.2
Khāngāh Dogrān,Pakistan,31.83167,73.62306,205.3
Khalābat,Pakistan,34.06,72.88944,460.7
Khairpur Nathan Shāh,Pakistan,27.09359,67.73366,43.8
Khairpur,Pakistan,29.58111,72.23639,132.9
Khairpur,Pakistan,28.06526,69.70076,71.7
Kasūr,Pakistan,31.11556,74.44667,208.9
Kashmor,Pakistan,28.43333,69.58333,77.8
Karor,Pakistan,31.22741,70.94923,158.7
Karachi,Pakistan,24.9056,67.0822,35.1
Kanganpur,Pakistan,30.76629,74.12311,187.2
Kandiāro,Pakistan,27.06011,68.20909,48.9
Kandhkot,Pakistan,28.24396,69.18235,68.4
Kāmra,Pakistan,33.74734,73.51107,998.4
Kamoke,Pakistan,31.97444,74.22444,224.4
Kamīr,Pakistan,30.43333,73.05,153.7
Kamar Mushāni,Pakistan,32.84389,71.36694,211.9
Kamālia,Pakistan,30.73333,72.65,158.7
Kalūr Kot,Pakistan,32.15639,71.25944,193.1
Kallar Kahār,Pakistan,32.78333,72.7,646.3
Kāleke Mandi,Pakistan,31.97717,73.60259,206.6
Kalāt,Pakistan,29.02251,66.5916,2018.0
Kālābāgh,Pakistan,32.965,71.55697,224.4
Kahūta,Pakistan,33.5913,73.38676,615.0
Kohror Pakka,Pakistan,29.62382,71.91673,134.6
Kāhna,Pakistan,31.36917,74.36528,213.1
Kabīrwāla,Pakistan,30.40677,71.8667,137.7
Johi,Pakistan,26.69206,67.6133,43.0
Jīwani,Pakistan,25.04992,61.74681,11.7
Jhumra,Pakistan,31.56781,73.18347,192.1
Jhol,Pakistan,25.95507,68.88821,24.9
Jhelum,Pakistan,32.93313,73.72637,237.8
Jhawāriān,Pakistan,32.36139,72.62278,193.2
Jhang Sadr,Pakistan,31.27154,72.32842,159.2
Jauharābād,Pakistan,32.2898,72.2813,188.0
Jatoi Shimāli,Pakistan,29.51654,70.85032,106.8
Jarānwāla,Pakistan,31.33333,73.43333,189.8
Jand,Pakistan,33.42985,72.01928,344.0
Jāmpur,Pakistan,29.64414,70.59544,110.1
Jalālpur Pīrwāla,Pakistan,29.50687,71.21917,107.7
Jalālpur,Pakistan,32.63744,74.21829,248.8
Jahāniān Shāh,Pakistan,31.80552,72.27711,172.6
Jacobābād,Pakistan,28.281,68.43876,59.1
Islamabad,Pakistan,33.72148,73.04329,580.4
Hyderabad,Pakistan,25.39242,68.37366,36.6
Hujra,Pakistan,30.74179,73.82358,181.5
Hingorja,Pakistan,27.21088,68.41598,52.1
Hazro,Pakistan,33.90914,72.49212,321.3
Haveliān,Pakistan,34.0536,73.16571,870.8
Haveli,Pakistan,30.45016,73.69888,176.8
Hāsilpur,Pakistan,29.71222,72.55528,135.9
Hasan Abdāl,Pakistan,30.43333,72.7,154.1
Haru Zbad,Pakistan,29.61333,73.13889,159.4
Harnoli,Pakistan,32.27917,71.55389,196.2
Harīpur,Pakistan,33.99997,72.93409,536.4
Hangu,Pakistan,33.53198,71.0595,840.4
Hāla,Pakistan,25.81308,68.42273,30.6
Hāfizābād,Pakistan,32.06786,73.68545,214.4
Hadāli,Pakistan,32.64132,74.56904,254.5
Gwadar,Pakistan,25.12163,62.32541,6.5
Gujrāt,Pakistan,32.57284,74.07897,241.5
Gujrānwāla,Pakistan,32.16167,74.18831,228.0
Gūjar Khān,Pakistan,33.25579,73.30255,462.5
Gojra,Pakistan,31.14874,72.68656,174.2
Ghotki,Pakistan,28.00604,69.31608,69.7
Ghauspur,Pakistan,28.13906,69.08305,70.6
Ghāro,Pakistan,24.74241,67.58565,5.0
Garh Mahārāja,Pakistan,30.83388,71.90529,144.6
Gambat,Pakistan,27.35145,68.52051,56.3
Fort Abbās,Pakistan,29.1925,72.85361,146.1
Fazalpur,Pakistan,32.18333,75.06667,249.3
Chak Two Hundred Forty-Nine TDA,Pakistan,31.17959,71.20946,159.6
Faruka,Pakistan,31.88722,72.4144,175.5
Faqīrwāli,Pakistan,29.46631,73.03403,155.1
Faisalābād,Pakistan,31.41667,73.08333,187.3
Eminābād,Pakistan,32.04219,74.25943,228.7
Dunyāpur,Pakistan,29.7995,71.71958,121.6
Dunga Bunga,Pakistan,29.74931,73.24324,159.9
Dullewāla,Pakistan,31.83587,71.43625,183.9
Dīr,Pakistan,35.20583,71.87556,1429.1
Dīpālpur,Pakistan,30.67091,73.65292,174.7
Dinga,Pakistan,32.63976,73.72201,230.2
Dijkot,Pakistan,31.21667,72.98333,178.2
Digri,Pakistan,25.15579,69.11129,13.0
Dhoro Nāro,Pakistan,25.5,69.56667,11.4
Dhanot,Pakistan,29.57991,71.75213,121.2
Dera Ismāīl Khān,Pakistan,31.83269,70.9024,178.7
Dera Ghazi Khan,Pakistan,30.05614,70.63477,131.9
Dera Bugti,Pakistan,29.03069,69.15099,468.0
Daur,Pakistan,26.45834,68.31915,39.6
Dāūd Khel,Pakistan,32.87498,71.57013,215.9
Daska,Pakistan,32.32426,74.34974,245.5
Darya Khān,Pakistan,31.79123,71.10394,177.5
Dājal,Pakistan,29.55767,70.37615,127.7
Dadu,Pakistan,26.73287,67.77631,39.3
Dādhar,Pakistan,29.47527,67.65135,157.6
Chūniān,Pakistan,30.96397,73.98029,200.2
Chūhar Kāna,Pakistan,31.75,73.8,207.1
Chor,Pakistan,25.51667,69.76667,5.5
Choa Saidān Shāh,Pakistan,32.72006,72.98486,625.8
Chishtiān Mandi,Pakistan,29.8,72.86667,146.7
Chiniot,Pakistan,31.72,72.97889,192.8
Chīchāwatni,Pakistan,30.53333,72.7,163.5
Chawinda,Pakistan,32.34692,74.70612,259.8
Charsadda,Pakistan,34.144,71.7317,301.1
Chaman,Pakistan,30.92102,66.45975,1352.1
Chakwāl,Pakistan,32.93338,72.85853,526.0
Chak Āzam Saffo,Pakistan,30.75,73.03333,167.7
Būrewāla,Pakistan,30.16667,72.65,143.9
Bhopālwāla,Pakistan,32.42888,74.3633,248.5
Bhit Shāh,Pakistan,25.80437,68.49265,23.1
Bhimbar,Pakistan,32.97568,74.07926,338.3
Bhera,Pakistan,32.48318,72.9097,203.3
Bhawāna,Pakistan,31.56918,72.64899,172.1
Bhān,Pakistan,26.55831,67.72139,39.9
Bhalwāl,Pakistan,32.27204,72.90425,196.2
Bhakkar,Pakistan,31.62525,71.06574,169.8
Bhāi Pheru,Pakistan,31.2,73.95,199.7
Bela,Pakistan,26.2271,66.3111,87.0
Bat Khela,Pakistan,34.6178,71.97247,670.0
Basīrpur,Pakistan,30.58319,73.829,178.9
Bannu,Pakistan,32.98541,70.6027,379.9
Bahāwalpur,Pakistan,29.4,71.68333,117.2
Bahāwalnagar,Pakistan,29.99866,73.2536,160.7
Badīn,Pakistan,24.65599,68.83841,11.6
Baddomalhi,Pakistan,31.99283,74.66833,228.5
Attock City,Pakistan,33.77311,72.3741,351.3
Ārifwāla,Pakistan,30.29399,73.07354,157.0
Amangarh,Pakistan,34.00583,71.93,303.1
Alīpur,Pakistan,29.38464,70.91157,104.8
Akora,Pakistan,34.00361,72.12611,291.1
Ahmadpur East,Pakistan,29.14309,71.25976,107.1
Abbottābād,Pakistan,34.14685,73.21449,1231.5
Bahāwalnagar,Pakistan,30.55083,73.39083,166.3
Nowshera Cantonment,Pakistan,33.99829,71.99834,298.3
Ahmadpur Siāl,Pakistan,30.67539,71.74828,133.7
New Bādāh,Pakistan,27.34167,68.03194,44.6
Tando Ghulām Ali,Pakistan,25.13111,68.86759,13.8
Sethārja Old,Pakistan,27.2127,68.46883,53.2
Risālpur,Pakistan,34.06186,71.99165,303.7
Malakwal City,Pakistan,32.55492,73.2122,213.2
Żyrardów,Poland,52.0488,20.44599,118.8
Żoliborz,Poland,52.26896,20.98644,93.3
Zielonka,Poland,52.30376,21.16018,94.8
Zamość,Poland,50.72314,23.25196,212.7
Zambrów,Poland,52.9855,22.24319,128.3
Ząbki,Poland,52.29271,21.10539,85.2
Wyszków,Poland,52.59278,21.4584,95.1
Wołomin,Poland,52.34006,21.24207,96.5
Wola,Poland,52.2401,20.98869,117.1
Włochy,Poland,52.17941,20.94612,112.1
Wieliczka,Poland,49.98738,20.06473,260.1
Wesoła,Poland,52.25451,21.22407,100.8
Wawer,Poland,52.19656,21.17752,90.8
Warsaw,Poland,52.22977,21.01178,113.5
Ursus,Poland,52.19517,20.88419,105.2
Tomaszów Mazowiecki,Poland,51.53131,20.00855,170.8
Tomaszów Lubelski,Poland,50.44767,23.41616,273.1
Tarnów,Poland,50.01381,20.98698,225.9
Tarnobrzeg,Poland,50.57304,21.67937,164.6
Targówek,Poland,52.29185,21.04845,82.7
Szczytno,Poland,53.56259,20.98747,145.4
Świdnik,Poland,51.21898,22.69621,200.6
Suwałki,Poland,54.11175,22.93087,177.8
Sulejówek,Poland,52.25221,21.26902,103.5
Staszów,Poland,50.56307,21.16593,196.6
Starachowice,Poland,51.0374,21.07126,212.6
Stalowa Wola,Poland,50.58286,22.05334,163.8
Śródmieście,Poland,52.22904,21.01644,114.8
Sokołów Podlaski,Poland,52.40677,22.25307,175.2
Sokółka,Poland,53.40715,23.50228,171.5
Sochaczew,Poland,52.22944,20.23838,88.7
Skierniewice,Poland,51.95485,20.15837,129.2
Skarżysko-Kamienna,Poland,51.11311,20.87162,238.9
Siemiatycze,Poland,52.42719,22.86231,147.9
Siedlce,Poland,52.16772,22.29006,150.5
Sanok,Poland,49.55573,22.2056,288.8
Sandomierz,Poland,50.68265,21.74898,188.3
Rzeszów,Poland,50.04132,21.99901,205.3
Ropczyce,Poland,50.05229,21.60891,212.5
Rembertów,Poland,52.26059,21.16355,94.1
Rawa Mazowiecka,Poland,51.76437,20.25493,141.0
Radzyń Podlaski,Poland,51.78333,22.61667,147.9
Radom,Poland,51.40253,21.14714,159.1
Pułtusk,Poland,52.7025,21.08276,94.4
Puławy,Poland,51.41655,21.96939,136.2
Przeworsk,Poland,50.05912,22.49408,201.5
Przemyśl,Poland,49.78498,22.76728,194.9
Przasnysz,Poland,53.01907,20.88029,119.6
Pruszków,Poland,52.17072,20.81214,94.0
Płońsk,Poland,52.62348,20.37552,100.0
Pisz,Poland,53.62744,21.81253,117.4
Pionki,Poland,51.47604,21.44995,145.7
Piastów,Poland,52.18435,20.83952,99.7
Piaseczno,Poland,52.0814,21.02397,107.4
Otwock,Poland,52.10577,21.26129,95.8
Ostrów Mazowiecka,Poland,52.80245,21.89507,123.7
Ostrowiec Świętokrzyski,Poland,50.92936,21.38525,175.6
Ostrołęka,Poland,53.08621,21.57566,97.0
Opoczno,Poland,51.37569,20.27827,192.4
Olsztyn,Poland,53.77995,20.49416,138.7
Olecko,Poland,54.03374,22.50704,157.7
Ochota,Poland,52.22096,20.98526,115.2
Nowy Targ,Poland,49.47783,20.03228,596.8
Nowy Sącz,Poland,49.62177,20.69705,288.4
Nowy Dwór Mazowiecki,Poland,52.43022,20.71652,75.6
Nisko,Poland,50.51987,22.13968,158.9
Mrągowo,Poland,53.86437,21.30507,137.1
Mokotów,Poland,52.1934,21.03487,83.8
Mława,Poland,53.11278,20.3841,148.8
Mińsk Mazowiecki,Poland,52.17935,21.57251,149.6
Milanówek,Poland,52.11879,20.67155,101.2
Mielec,Poland,50.28709,21.4239,182.1
Międzyrzec Podlaski,Poland,51.9864,22.78248,149.0
Marki,Poland,52.32065,21.10474,89.5
Łuków,Poland,51.929,22.37956,160.5
Lublin,Poland,51.25,22.56667,180.6
Lubartów,Poland,51.46026,22.60952,159.6
Łomża,Poland,53.17806,22.05935,104.2
Łomianki,Poland,52.33413,20.88602,78.2
Lidzbark Warmiński,Poland,54.12588,20.57954,70.3
Legionowo,Poland,52.40149,20.92664,79.1
Łęczna,Poland,51.30121,22.88135,172.1
Łapy,Poland,52.9911,22.88422,121.9
Łańcut,Poland,50.06871,22.22912,230.9
Krosno,Poland,49.68866,21.77058,279.7
Krasnystaw,Poland,50.98464,23.1742,186.2
Kraśnik,Poland,50.9236,22.22706,201.5
Kozienice,Poland,51.58294,21.54779,115.0
Konstancin-Jeziorna,Poland,52.0938,21.11761,90.5
Końskie,Poland,51.19166,20.40607,250.6
Kobyłka,Poland,52.33953,21.19589,93.9
Kielce,Poland,50.87033,20.62752,266.6
Kętrzyn,Poland,54.07676,21.37527,104.1
Kabaty,Poland,52.13012,21.08148,97.6
Józefów,Poland,52.13707,21.23589,93.3
Jędrzejów,Poland,50.63945,20.30454,242.0
Jasło,Poland,49.74506,21.47252,230.9
Jarosław,Poland,50.01623,22.67776,213.2
Hrubieszów,Poland,50.80502,23.89251,189.2
Hajnówka,Poland,52.74328,23.58122,162.6
Grodzisk Mazowiecki,Poland,52.10387,20.6337,105.4
Grajewo,Poland,53.64728,22.45537,124.6
Gorlice,Poland,49.65563,21.16035,283.4
Giżycko,Poland,54.03811,21.76441,120.0
Gierłoż,Poland,54.08134,21.49551,140.8
Garwolin,Poland,51.89747,21.61466,132.5
Ełk,Poland,53.82824,22.36469,127.5
Działdowo,Poland,53.23958,20.17004,160.7
Dęblin,Poland,51.55912,21.84829,118.6
Dębica,Poland,50.05146,21.41141,200.7
Ciechanów,Poland,52.88141,20.61996,120.0
Chełm,Poland,51.14312,23.4716,182.6
Busko-Zdrój,Poland,50.47078,20.71884,273.2
Brzesko,Poland,49.96911,20.60606,229.2
Bochnia,Poland,49.96905,20.43028,219.4
Biłgoraj,Poland,50.54114,22.72204,202.8
Bielsk Podlaski,Poland,52.76512,23.18647,139.2
Bielany,Poland,52.29242,20.93531,102.5
Białystok,Poland,53.13333,23.16433,133.3
Białołeka,Poland,52.32127,20.97204,79.5
Biała Podlaska,Poland,52.03238,23.11652,142.4
Bemowo,Poland,52.2546,20.90844,108.0
Bartoszyce,Poland,54.25354,20.80819,40.9
Augustów,Poland,53.84321,22.97979,127.7
Żywiec,Poland,49.68529,19.19243,350.1
Żory,Poland,50.04523,18.70062,251.5
Złotów,Poland,53.36346,17.04082,116.8
Złotoryja,Poland,51.12637,15.91979,211.4
Zielona Góra,Poland,51.93548,15.50643,144.9
Zgorzelec,Poland,51.14942,15.00835,214.5
Zgierz,Poland,51.85561,19.40623,184.6
Zduńska Wola,Poland,51.59915,18.93974,181.6
Zawiercie,Poland,50.48766,19.41679,333.4
Żary,Poland,51.64205,15.13727,149.4
Zakopane,Poland,49.29899,19.94885,818.3
Żagań,Poland,51.61759,15.31486,101.4
Zabrze,Poland,50.32492,18.78576,257.3
Ząbkowice Śląskie,Poland,50.58969,16.81239,290.3
Września,Poland,52.32512,17.56519,105.1
Wrocław,Poland,51.1,17.03333,120.4
Wodzisław Śląski,Poland,50.00377,18.47205,243.0
Włocławek,Poland,52.64817,19.0678,59.0
Wieluń,Poland,51.22097,18.56964,179.7
Wejherowo,Poland,54.60568,18.23559,27.6
Wałcz,Poland,53.27787,16.47122,113.5
Wałbrzych,Poland,50.77141,16.28432,492.0
Wągrowiec,Poland,52.80842,17.19961,85.0
Wadowice,Poland,49.88335,19.49292,270.1
Ustroń,Poland,49.72153,18.80198,354.4
Ustka,Poland,54.58048,16.86194,4.6
Tychy,Poland,50.13717,18.96641,258.3
Turek,Poland,52.01548,18.50055,121.2
Trzebinia,Poland,50.15931,19.46966,315.3
Trzcianka,Poland,53.04063,16.45629,76.7
Toruń,Poland,53.01375,18.59814,51.9
Tczew,Poland,54.09242,18.77787,28.3
Tarnowskie Góry,Poland,50.44548,18.86147,296.9
Szczecinek,Poland,53.70791,16.69937,141.4
Szczecin,Poland,53.42894,14.55302,24.3
Szamotuły,Poland,52.61201,16.57794,71.0
Świnoujście,Poland,53.91053,14.24712,4.0
Świętochłowice,Poland,50.29636,18.91726,282.8
Świebodzin,Poland,52.24751,15.53355,82.4
Świecie,Poland,53.40953,18.44742,41.5
Świebodzice,Poland,50.85975,16.3282,282.1
Świdwin,Poland,53.77464,15.77671,90.5
Świdnica,Poland,50.84378,16.48859,241.4
Swarzędz,Poland,52.41289,17.08503,91.1
Sulechów,Poland,52.08362,15.62513,84.7
Strzelce Opolskie,Poland,50.5107,18.30056,234.9
Strzegom,Poland,50.96264,16.35006,228.8
Starogard Gdański,Poland,53.96396,18.52638,92.0
Stargard Szczeciński,Poland,53.33672,15.0499,20.1
Środa Wielkopolska,Poland,52.22843,17.27617,91.5
Śrem,Poland,52.08868,17.01508,77.9
Sosnowiec,Poland,50.28682,19.10385,257.8
Sopot,Poland,54.4418,18.56003,22.4
Solec Kujawski,Poland,53.08371,18.22572,37.0
Słupsk,Poland,54.46405,17.02872,20.0
Słubice,Poland,52.35088,14.56065,24.6
Skawina,Poland,49.97524,19.82869,221.1
Sierpc,Poland,52.8568,19.66913,110.0
Sieradz,Poland,51.59584,18.73023,137.1
Siemianowice Śląskie,Poland,50.32738,19.02901,268.8
Rypin,Poland,53.06603,19.40941,92.6
Rydułtowy,Poland,50.05857,18.41703,282.4
Rybnik,Poland,50.09713,18.54179,237.3
Rumia,Poland,54.57092,18.38802,24.0
Ruda Śląska,Poland,50.2584,18.85632,256.2
Reda,Poland,54.60528,18.34717,6.7
Rawicz,Poland,51.60946,16.85852,101.8
Radzionków,Poland,50.40026,18.90232,297.6
Radomsko,Poland,51.06713,19.44477,224.2
Radlin,Poland,50.0502,18.47626,285.9
Racibórz,Poland,50.09195,18.21928,191.5
Pyskowice,Poland,50.4,18.63333,230.5
Pszczyna,Poland,49.98037,18.95382,241.7
Pruszcz Gdański,Poland,54.26217,18.63625,11.2
Prudnik,Poland,50.32124,17.57461,271.6
Poznań,Poland,52.40692,16.92993,68.3
Polkowice,Poland,51.50391,16.07261,179.3
Police,Poland,53.55214,14.57182,8.8
Płock,Poland,52.54682,19.70638,104.6
Pleszew,Poland,51.89636,17.78549,131.3
Piotrków Trybunalski,Poland,51.40547,19.70321,193.4
Piła,Poland,53.15145,16.73782,56.4
Piekary Śląskie,Poland,50.38017,18.92653,288.5
Pabianice,Poland,51.66446,19.35473,179.1
Ozorków,Poland,51.96336,19.29139,124.6
Oświęcim,Poland,50.03437,19.21037,232.8
Ostrów Wielkopolski,Poland,51.65501,17.80686,130.8
Ostróda,Poland,53.69671,19.96486,110.5
Orzesze,Poland,50.15595,18.77923,294.4
Opole,Poland,50.67211,17.92533,169.6
Olkusz,Poland,50.2813,19.56503,367.0
Oleśnica,Poland,51.21338,17.38986,153.5
Oława,Poland,50.9466,17.2926,131.1
Oborniki,Poland,52.64739,16.81406,58.2
Nysa,Poland,50.47379,17.33437,190.3
Nowy Tomyśl,Poland,52.3195,16.12844,74.8
Nowogard,Poland,53.67437,15.1163,51.9
Nowa Sól,Poland,51.80333,15.71702,64.9
Nowa Ruda,Poland,50.58008,16.50164,391.3
Namysłów,Poland,51.07592,17.72284,155.5
Nakło nad Notecią,Poland,53.14214,17.60181,74.9
Myszków,Poland,50.5752,19.32461,294.7
Mysłowice,Poland,50.20745,19.16668,255.7
Myślenice,Poland,49.83383,19.9383,304.6
Mikołów,Poland,50.17103,18.9041,284.0
Międzyrzecz,Poland,52.44461,15.57801,54.2
Malbork,Poland,54.03591,19.0266,17.5
Luboń,Poland,52.34705,16.89267,59.4
Lubliniec,Poland,50.66897,18.6844,257.1
Lubin,Poland,51.40089,16.20149,127.5
Lubań,Poland,51.12014,15.28768,220.8
Łowicz,Poland,52.10714,19.94525,91.0
Łódź,Poland,51.75,19.46667,192.8
Libiąż,Poland,50.10396,19.31568,286.9
Leszno,Poland,51.84034,16.57494,92.2
Legnica,Poland,51.21006,16.1619,120.3
Lędziny,Poland,50.14264,19.13149,261.7
Łęczyca,Poland,52.05959,19.19972,113.9
Lębork,Poland,54.53921,17.75012,18.5
Łaziska Górne,Poland,50.14952,18.84215,347.9
Łask,Poland,51.59056,19.13278,173.1
Kwidzyn,Poland,53.72495,18.93114,64.4
Kutno,Poland,52.23064,19.36409,109.6
Krotoszyn,Poland,51.69868,17.43738,132.8
Krapkowice,Poland,50.47515,17.96539,175.1
Kraków,Poland,50.06143,19.93658,214.2
Koszalin,Poland,54.19438,16.17222,29.6
Kostrzyn nad Odrą,Poland,52.58713,14.64953,16.5
Kościerzyna,Poland,54.12226,17.98119,159.7
Kościan,Poland,52.08829,16.64866,69.1
Konstantynów Łódzki,Poland,51.74776,19.32564,168.1
Konin,Poland,52.22338,18.25121,83.5
Kołobrzeg,Poland,54.17565,15.58342,4.5
Koło,Poland,52.20024,18.63865,96.8
Knurów,Poland,50.21971,18.65067,235.7
Kluczbork,Poland,50.97281,18.21816,186.1
Kłodzko,Poland,50.43488,16.66145,290.9
Kęty,Poland,49.88214,19.22333,275.2
Kędzierzyn-Koźle,Poland,50.34984,18.22606,179.3
Katowice,Poland,50.25841,19.02754,264.4
Kartuzy,Poland,54.33424,18.19735,207.9
Kamienna Góra,Poland,50.78314,16.03037,441.5
Kalisz,Poland,51.76109,18.09102,114.1
Jelenia Góra,Poland,50.89973,15.72899,331.4
Jelcz,Poland,51.02102,17.32095,127.0
Jaworzno,Poland,50.20528,19.27498,316.0
Jawor,Poland,51.05132,16.19347,202.9
Jastrzębie Zdrój,Poland,49.95542,18.57479,234.4
Jarocin,Poland,51.97266,17.50256,120.4
Inowrocław,Poland,52.79886,18.26387,97.7
Iława,Poland,53.59601,19.56849,104.8
Gubin,Poland,51.94956,14.72837,50.3
Gryfino,Poland,53.25243,14.48831,9.3
Gryfice,Poland,53.9165,15.20027,19.7
Grudziądz,Poland,53.48411,18.75366,22.2
Gostynin,Poland,52.42938,19.46194,90.9
Gostyń,Poland,51.88247,17.01225,92.1
Gorzów Wielkopolski,Poland,52.73679,15.22878,30.9
Goleniów,Poland,53.56392,14.82854,15.4
Gniezno,Poland,52.53481,17.58259,119.8
Głuchołazy,Poland,50.31505,17.38355,286.7
Głowno,Poland,51.96463,19.71565,124.7
Głogów,Poland,51.66361,16.0845,90.7
Gliwice,Poland,50.29761,18.67658,217.8
Gdynia,Poland,54.51889,18.53188,17.3
Gdańsk,Poland,54.35205,18.64637,5.7
Fordon,Poland,53.14821,18.17036,41.0
Elbląg,Poland,54.1522,19.40884,7.2
Dzierżoniów,Poland,50.7282,16.65141,280.4
Dąbrowa Górnicza,Poland,50.31818,19.2374,275.9
Częstochowa,Poland,50.79646,19.12409,244.5
Czerwionka-Leszczyny,Poland,50.15007,18.67762,252.2
Czeladź,Poland,50.31542,19.07824,280.9
Czechowice-Dziedzice,Poland,49.91342,19.00479,258.9
Cieszyn,Poland,49.75133,18.63213,277.3
Chrzanów,Poland,50.13546,19.40203,269.2
Choszczno,Poland,53.16905,15.42054,55.6
Chorzów,Poland,50.30582,18.9742,319.8
Chojnice,Poland,53.69554,17.55701,156.3
Chodzież,Poland,52.99505,16.9198,61.5
Chełmża,Poland,53.18463,18.60466,85.0
Chełmno,Poland,53.34855,18.4251,72.5
Bytów,Poland,54.17057,17.49187,120.3
Bytom,Poland,50.34802,18.93282,287.6
Bydgoszcz,Poland,53.1235,18.00762,36.2
Brzeg,Poland,50.86079,17.4674,147.2
Brodnica,Poland,53.25967,19.39653,71.8
Braniewo,Poland,54.37971,19.81959,17.5
Bolesławiec,Poland,51.26418,15.5697,196.5
Boguszów-Gorce,Poland,50.75514,16.20494,578.7
Bogatynia,Poland,50.90747,14.95634,248.4
Bieruń,Poland,50.09,19.09291,238.6
Bielsko-Biala,Poland,49.82245,19.04686,319.4
Bielawa,Poland,50.69075,16.623,297.9
Białogard,Poland,54.00696,15.98751,25.3
Bełchatów,Poland,51.36883,19.35671,203.5
Będzin,Poland,50.32607,19.12565,259.0
Andrychów,Poland,49.85497,19.33834,328.0
Aleksandrów Łódzki,Poland,51.81965,19.30384,191.5
Ursynów,Poland,52.15051,21.05041,101.4
Praga Północ,Poland,52.25443,21.03472,86.2
Praga Południe,Poland,52.24424,21.08545,86.1
Jelcz Laskowice,Poland,51.02134,17.31649,128.5
Saint-Pierre,Saint Pierre and Miquelon,46.77914,-56.1773,22.5
Adamstown,Pitcairn,-25.06597,-130.10147,57.5
Aguadilla,Puerto Rico,18.42745,-67.15407,7.1
Arecibo,Puerto Rico,18.47245,-66.71573,11.8
Barceloneta,Puerto Rico,18.4505,-66.53851,6.7
Bayamón,Puerto Rico,18.39856,-66.15572,20.4
Caguas,Puerto Rico,18.23412,-66.0485,64.7
Candelaria,Puerto Rico,18.40411,-66.20878,74.8
Carolina,Puerto Rico,18.38078,-65.95739,21.2
Cataño,Puerto Rico,18.44134,-66.11822,3.0
Cayey,Puerto Rico,18.11191,-66.166,394.7
Fajardo,Puerto Rico,18.32579,-65.65238,18.9
Guayama,Puerto Rico,17.98413,-66.11378,74.0
Guaynabo,Puerto Rico,18.35745,-66.111,51.0
Humacao,Puerto Rico,18.14968,-65.82738,24.6
Levittown,Puerto Rico,18.44995,-66.18156,3.1
Manatí,Puerto Rico,18.42745,-66.49212,36.0
Mayagüez,Puerto Rico,18.20107,-67.13962,26.9
Ponce,Puerto Rico,18.01108,-66.61406,22.4
San Juan,Puerto Rico,18.46633,-66.10572,8.3
Trujillo Alto,Puerto Rico,18.35467,-66.00739,22.7
Vega Baja,Puerto Rico,18.44439,-66.38767,12.1
Yauco,Puerto Rico,18.03496,-66.8499,43.8
Rafaḩ,Palestinian Territory,31.287,34.25952,78.0
An Nuşayrāt,Palestinian Territory,31.44861,34.3925,32.6
Khān Yūnis,Palestinian Territory,31.34018,34.30627,50.2
Jabālyā,Palestinian Territory,31.5272,34.48347,48.3
Gaza,Palestinian Territory,31.5,34.46667,42.5
Dayr al Balaḩ,Palestinian Territory,31.41783,34.35033,27.2
Bayt Lāhyā,Palestinian Territory,31.5464,34.49514,32.6
Bayt Ḩānūn,Palestinian Territory,31.5353,34.53579,50.2
Banī Suhaylā,Palestinian Territory,31.34337,34.32337,84.8
Al Burayj,Palestinian Territory,31.43944,34.40306,39.9
‘Abasān al Kabīrah,Palestinian Territory,31.31913,34.34005,68.9
Yuta,Palestinian Territory,31.4459,35.09443,803.1
Ţūlkarm,Palestinian Territory,32.31037,35.02863,115.7
Ţūbās,Palestinian Territory,32.32091,35.36989,375.7
Sa‘īr,Palestinian Territory,31.57855,35.14017,923.4
Ramallah,Palestinian Territory,31.89964,35.20422,878.1
Qalqīlyah,Palestinian Territory,32.18966,34.97063,85.4
Qabāţīyah,Palestinian Territory,32.41035,35.28087,304.4
Nablus,Palestinian Territory,32.22111,35.25444,563.2
Janīn,Palestinian Territory,32.45943,35.30086,166.7
Idhnā,Palestinian Territory,31.55874,34.97436,470.9
Ḩalḩūl,Palestinian Territory,31.58029,35.10178,996.8
Dūrā,Palestinian Territory,31.50777,35.02929,866.2
Bethlehem,Palestinian Territory,31.70487,35.20376,779.8
Bayt Jālā,Palestinian Territory,31.71545,35.18788,780.3
Banī Na‘īm,Palestinian Territory,31.51591,35.16416,966.8
Balāţah,Palestinian Territory,32.21207,35.28561,494.3
Az̧ Z̧āhirīyah,Palestinian Territory,31.40967,34.97329,647.1
As Samū‘,Palestinian Territory,31.39671,35.06611,697.6
Ar Rām wa Ḑāḩiyat al Barīd,Palestinian Territory,31.84945,35.2342,746.6
Jericho,Palestinian Territory,31.86667,35.45,-244.9
Al Yāmūn,Palestinian Territory,32.48563,35.23011,184.9
Hebron,Palestinian Territory,31.52935,35.0938,902.5
Al Bīrah,Palestinian Territory,31.91001,35.21645,845.1
Al ‘Ayzarīyah,Palestinian Territory,31.77078,35.26917,575.5
Old City,Palestinian Territory,31.77667,35.23417,734.6
Al Qarārah,Palestinian Territory,31.37389,34.34085,39.7
Az Zuwāydah,Palestinian Territory,31.43954,34.38053,29.5
East Jerusalem,Palestinian Territory,31.78336,35.23388,757.6
Vila Franca de Xira,Portugal,38.95525,-8.98966,9.1
Vialonga,Portugal,38.87094,-9.06823,26.8
Torres Vedras,Portugal,39.09109,-9.2586,42.2
Tomar,Portugal,39.60199,-8.40924,51.9
Sintra,Portugal,38.80097,-9.37826,190.5
Sesimbra,Portugal,38.44451,-9.10149,18.8
Setúbal,Portugal,38.5244,-8.8882,13.3
São João da Talha,Portugal,38.82183,-9.09079,19.2
São Domingos de Rana,Portugal,38.70123,-9.3276,60.1
Santarém,Portugal,39.23333,-8.68333,106.0
Santa Iria da Azóia,Portugal,38.84629,-9.08748,84.4
Sacavém,Portugal,38.79202,-9.10801,36.2
Rio de Mouro,Portugal,38.77457,-9.3276,119.7
Ramada,Portugal,38.80235,-9.19216,106.1
Queluz,Portugal,38.75657,-9.25451,119.1
Quarteira,Portugal,37.06946,-8.10064,23.6
Póvoa de Santa Iria,Portugal,38.86101,-9.06453,17.1
Portimão,Portugal,37.13856,-8.53775,9.5
Portalegre,Portugal,39.29379,-7.43122,463.6
Pontinha,Portugal,38.76771,-9.19935,94.9
Pombal,Portugal,39.91674,-8.62847,68.9
Pinhal Novo,Portugal,38.63106,-8.91376,37.4
Piedade,Portugal,38.66667,-9.15,8.0
Peniche,Portugal,39.3558,-9.38112,20.5
Parede,Portugal,38.69282,-9.35412,51.0
Palmela,Portugal,38.56902,-8.90126,198.4
Paço de Arcos,Portugal,38.69569,-9.29143,8.4
Olhão,Portugal,37.0286,-7.8411,8.1
Odivelas,Portugal,38.79269,-9.1838,49.8
Montijo,Portugal,38.70675,-8.97388,7.1
Monte Estoril,Portugal,38.70279,-9.41606,25.0
Monsanto,Portugal,39.46203,-8.7118,142.3
Moita,Portugal,38.65078,-8.99038,9.6
Marinha Grande,Portugal,39.74769,-8.93228,93.4
Loures,Portugal,38.83091,-9.16845,19.6
Loulé,Portugal,37.13772,-8.01968,184.9
Lisbon,Portugal,38.71667,-9.13333,43.8
Linda-a-Velha,Portugal,38.71446,-9.2422,90.5
Leiria,Portugal,39.74362,-8.80705,28.3
Laranjeiro,Portugal,37.06831,-7.7937,40.8
Lagos,Portugal,37.10202,-8.67422,12.7
Funchal,Portugal,32.63333,-16.9,0.0
Faro,Portugal,37.01937,-7.93223,11.7
Évora,Portugal,38.56667,-7.9,266.6
Estoril,Portugal,38.70571,-9.39773,15.2
Entroncamento,Portugal,39.46667,-8.46667,32.2
Corroios,Portugal,38.64502,-9.14843,17.7
Charneca,Portugal,38.62059,-9.19149,73.8
Castelo Branco,Portugal,39.82219,-7.49087,411.4
Cascais,Portugal,38.6979,-9.42146,15.6
Carnaxide,Portugal,38.72706,-9.24671,81.5
Carcavelos,Portugal,38.69105,-9.32215,26.4
Caparica,Portugal,38.66667,-9.2,106.9
Camarate,Portugal,38.80358,-9.12809,106.5
Câmara de Lobos,Portugal,32.63333,-16.96667,0.0
Caldas da Rainha,Portugal,39.40326,-9.13839,57.8
Cacém,Portugal,38.76698,-9.29793,126.4
Belas,Portugal,38.77721,-9.26078,139.8
Beja,Portugal,38.01506,-7.86323,279.3
Barreiro,Portugal,38.66314,-9.0724,3.9
Arrentela,Portugal,38.61667,-9.1,21.8
Amora,Portugal,38.62961,-9.11557,14.2
Amadora,Portugal,38.75382,-9.23083,131.1
Almada,Portugal,38.67902,-9.1569,44.0
Algés,Portugal,38.70245,-9.22936,13.4
Alcabideche,Portugal,38.73366,-9.40928,120.5
Albufeira,Portugal,37.08819,-8.2503,6.3
Viseu,Portugal,40.66101,-7.90971,462.2
Vila Real,Portugal,41.30062,-7.74413,467.9
Vilar de Andorinho,Portugal,41.10751,-8.59632,190.4
Vila Nova de Gaia,Portugal,41.13363,-8.61742,51.1
Vila do Conde,Portugal,41.35481,-8.7434,23.0
Viana do Castelo,Portugal,41.69323,-8.83287,9.1
Valongo,Portugal,41.19501,-8.51027,184.3
Sequeira,Portugal,40.55364,-7.22594,853.1
Senhora da Hora,Portugal,41.18641,-8.65172,86.9
São Pedro da Cova,Portugal,41.15508,-8.50412,85.4
São Mamede de Infesta,Portugal,41.20042,-8.60251,75.2
São João da Madeira,Portugal,40.90229,-8.48969,239.7
Rio Tinto,Portugal,41.18259,-8.55811,83.7
Póvoa de Varzim,Portugal,41.38344,-8.76364,13.9
Porto,Portugal,41.14961,-8.61099,74.1
Ponte de Lima,Portugal,41.76719,-8.58393,18.4
Pedroso,Portugal,41.41103,-8.74897,36.1
Ovar,Portugal,40.85862,-8.62513,19.3
Oliveira do Douro,Portugal,41.12466,-8.58463,92.3
Monção,Portugal,42.07892,-8.48076,37.8
Matosinhos,Portugal,41.18207,-8.68908,18.8
Maia,Portugal,41.23574,-8.6199,90.4
Leça do Bailio,Portugal,41.21457,-8.61348,89.7
Leça da Palmeira,Portugal,41.191,-8.70027,17.5
Ílhavo,Portugal,40.5999,-8.66732,10.5
Guimarães,Portugal,41.44443,-8.29619,188.8
Guarda,Portugal,40.53733,-7.26575,1005.6
Gondomar,Portugal,41.14454,-8.53223,115.7
Feira,Portugal,40.92535,-8.54277,122.8
Fânzeres,Portugal,41.17087,-8.5257,125.2
Fafe,Portugal,41.45423,-8.168,344.5
Esposende,Portugal,41.5361,-8.78201,5.1
Esposende,Portugal,41.53333,-8.78333,2.8
Ermesinde,Portugal,41.22176,-8.55462,94.3
Custoias,Portugal,41.1053,-7.32097,566.1
Covilhã,Portugal,40.28601,-7.50396,590.0
Coimbra,Portugal,40.20564,-8.41955,95.6
Canidelo,Portugal,41.12402,-8.65104,52.1
Bragança,Portugal,41.80582,-6.75719,669.0
Braga,Portugal,41.55032,-8.42005,186.9
Bougado,Portugal,41.33979,-8.5518,33.6
Barcelos,Portugal,41.53876,-8.61505,34.7
Baguim do Monte,Portugal,41.19392,-8.54133,151.5
Aveiro,Portugal,40.64427,-8.64554,14.2
Águas Santas,Portugal,41.21061,-8.5866,59.9
Ponta Delgada,Portugal,37.73333,-25.66667,0.0
Melekeok,Palau,7.50043,134.62355,64.2
Villarrica,Paraguay,-25.74946,-56.43518,141.6
Villa Hayes,Paraguay,-25.09306,-57.52361,70.0
Villa Elisa,Paraguay,-25.3676,-57.59274,114.8
San Lorenzo,Paraguay,-25.33968,-57.50879,115.2
San Juan Bautista,Paraguay,-26.66944,-57.14583,123.2
San Antonio,Paraguay,-25.42126,-57.54725,123.3
Presidente Franco,Paraguay,-25.53333,-54.61667,206.2
Pilar,Paraguay,-26.86879,-58.29346,57.7
Pedro Juan Caballero,Paraguay,-22.54722,-55.73333,658.4
Nemby,Paraguay,-25.3949,-57.53574,108.9
Limpio,Paraguay,-25.16611,-57.48562,72.1
Lambaré,Paraguay,-25.34682,-57.60647,116.4
Itauguá,Paraguay,-25.38333,-57.33333,150.3
Itá,Paraguay,-25.50054,-57.36717,144.3
Fernando de la Mora,Paraguay,-25.3386,-57.52167,127.8
Encarnación,Paraguay,-27.33056,-55.86667,119.3
Coronel Oviedo,Paraguay,-25.44444,-56.44028,165.6
Concepción,Paraguay,-23.39985,-57.43236,78.7
Colonia Mariano Roque Alonso,Paraguay,-25.16667,-57.55,64.5
Ciudad del Este,Paraguay,-25.50972,-54.61111,175.5
Capiatá,Paraguay,-25.3552,-57.44545,124.8
Caazapá,Paraguay,-26.19583,-56.36806,148.1
Caaguazú,Paraguay,-25.45,-56.01667,318.5
Caacupé,Paraguay,-25.38575,-57.14217,177.0
Asunción,Paraguay,-25.30066,-57.63591,131.0
Umm Şalāl Muḩammad,Qatar,25.41694,51.40389,19.8
Ar Rayyān,Qatar,25.29194,51.42444,23.7
Al Wakrah,Qatar,25.17151,51.60337,4.9
Al Khawr,Qatar,25.68389,51.50583,8.9
Doha,Qatar,25.27932,51.52245,7.1
Saint-Pierre,Reunion,-21.3393,55.47811,25.4
Saint-Paul,Reunion,-21.00963,55.27071,12.1
Saint-Louis,Reunion,-21.28585,55.41124,33.3
Saint-Leu,Reunion,-21.17059,55.28824,9.1
Saint-Joseph,Reunion,-21.37839,55.61918,38.4
Sainte-Suzanne,Reunion,-20.90614,55.60886,7.9
Sainte-Marie,Reunion,-20.89684,55.5496,7.9
Saint-Denis,Reunion,-20.88231,55.4504,36.9
Saint-Benoît,Reunion,-21.03801,55.71937,15.4
Saint-André,Reunion,-20.96333,55.65031,100.8
Le Tampon,Reunion,-21.28309,55.51802,525.1
Le Port,Reunion,-20.9373,55.29189,19.4
La Possession,Reunion,-20.92892,55.33513,26.2
Piton Saint-Leu,Reunion,-21.21962,55.31513,299.0
Zimnicea,Romania,43.66667,25.36667,29.9
Zărnești,Romania,45.56093,25.31787,712.8
Zalău,Romania,47.2,23.05,266.0
Vulcan,Romania,45.38333,23.26667,749.0
Voluntari,Romania,44.49002,26.17338,84.5
Vişeu de Sus,Romania,47.71667,24.43333,519.6
Vatra Dornei,Romania,47.35,25.36667,818.6
Vaslui,Romania,46.63333,27.73333,95.1
Urziceni,Romania,44.71667,26.63333,51.8
Turnu Măgurele,Romania,43.75,24.86667,32.6
Turda,Romania,46.56667,23.78333,318.4
Tulcea,Romania,45.16667,28.8,49.5
Târnăveni,Romania,46.33191,24.29662,287.6
Târgu Secuiesc,Romania,46,26.13333,571.0
Târgu Neamţ,Romania,47.2,26.36667,363.0
Târgu-Mureş,Romania,46.54245,24.55747,314.8
Târgu Jiu,Romania,45.05,23.28333,214.5
Târgovişte,Romania,44.92543,25.4567,281.6
Timişoara,Romania,45.75372,21.22571,88.2
Tecuci,Romania,45.84973,27.43441,36.8
Suceava,Romania,47.63333,26.25,363.0
Slatina,Romania,44.43333,24.36667,170.2
Şimleu Silvaniei,Romania,47.23333,22.8,234.1
Sighetu Marmaţiei,Romania,47.93195,23.88603,270.1
Sibiu,Romania,45.8,24.15,412.2
Sfântu-Gheorghe,Romania,45.86667,25.78333,548.3
Sebeş,Romania,45.95646,23.571,257.2
Satu Mare,Romania,47.8,22.88333,125.3
Salonta,Romania,46.8,21.65,93.4
Săcele,Romania,45.61674,25.71101,650.3
Roşiori de Vede,Romania,44.11667,24.98333,84.3
Roman,Romania,46.91667,26.91667,185.0
Râşnov,Romania,45.58333,25.45,640.9
Râmnicu Vâlcea,Romania,45.1,24.36667,236.6
Râmnicu Sărat,Romania,45.38333,27.05,134.1
Reşiţa,Romania,45.30083,21.88917,314.6
Reghin-Sat,Romania,46.78333,24.71667,365.4
Radauti,Romania,47.85,25.91667,369.3
Popeşti-Leordeni,Romania,44.38333,26.16667,76.6
Ploieşti,Romania,44.95,26.01667,162.6
Piteşti,Romania,44.85,24.86667,306.7
Piatra Neamţ,Romania,46.91667,26.33333,505.8
Petroşani,Romania,45.41667,23.36667,607.8
Petrila,Romania,45.45,23.41667,673.1
Pantelimon,Romania,44.45,26.2,72.3
Orăştie,Romania,45.83333,23.2,226.6
Oradea,Romania,47.06667,21.93333,131.6
Olteniţa,Romania,44.08333,26.63333,16.8
Odorheiu Secuiesc,Romania,46.3,25.3,494.9
Ocna Mureş,Romania,46.38333,23.85,257.0
Năvodari,Romania,44.31667,28.6,20.9
Motru,Romania,44.80333,22.97194,182.3
Moreni,Romania,44.98301,25.64415,264.9
Moineşti,Romania,46.47523,26.48907,477.9
Mizil,Romania,45.01667,26.45,127.9
Miercurea-Ciuc,Romania,46.35,25.8,654.3
Mediaş,Romania,46.16667,24.35,305.7
Medgidia,Romania,44.25,28.28333,6.9
Margita,Romania,47.35,22.33333,140.5
Mangalia,Romania,43.8,28.58333,0.0
Lupeni,Romania,45.36029,23.23832,632.1
Lugoj,Romania,45.68861,21.90306,123.4
Luduş,Romania,46.48333,24.1,274.5
Iaşi,Romania,47.16667,27.6,69.1
Huşi,Romania,46.67361,28.05944,99.2
Hunedoara,Romania,45.75,22.9,237.2
Gura Humorului,Romania,47.55,25.9,465.3
Giurgiu,Romania,43.88333,25.96667,21.8
Gherla,Romania,47.03333,23.91667,250.4
Gheorgheni,Romania,46.72292,25.60055,813.2
Galaţi,Romania,45.45,28.05,28.9
Găeşti,Romania,44.71667,25.31667,187.1
Focşani,Romania,45.7,27.18333,58.9
Filiaşi,Romania,44.55,23.51667,105.5
Fetești-Gară,Romania,44.4196,27.82536,57.4
Feteşti,Romania,44.38333,27.83333,58.0
Fălticeni,Romania,47.45,26.3,309.0
Fogarasch,Romania,45.85,24.96667,424.1
Drobeta-Turnu Severin,Romania,44.63194,22.65611,81.1
Drăgăşani,Romania,44.65,24.26667,157.9
Dorohoi,Romania,47.95,26.4,154.3
Deva,Romania,45.88333,22.9,200.1
Dej,Romania,47.15,23.86667,233.2
Curtea de Argeş,Romania,45.13422,24.67409,423.2
Cugir,Romania,45.83651,23.36998,300.3
Craiova,Romania,44.31667,23.8,107.4
Corabia,Romania,43.78333,24.5,41.5
Constanţa,Romania,44.18073,28.63432,45.0
Comăneşti,Romania,46.42135,26.43645,385.1
Codlea,Romania,45.7,25.45,549.0
Cluj-Napoca,Romania,46.76667,23.6,357.3
Cisnădie,Romania,45.71667,24.15,455.0
Câmpulung Moldovenesc,Romania,47.53333,25.56667,644.5
Câmpina,Romania,45.12619,25.73496,439.8
Câmpia Turzii,Romania,46.55,23.88333,301.7
Cernavodă,Romania,44.33957,28.03273,16.2
Carei,Romania,47.68333,22.46667,136.6
Caransebeş,Romania,45.41667,22.21667,205.2
Caracal,Romania,44.11667,24.35,101.5
Calafat,Romania,43.99111,22.93278,50.2
Buzău,Romania,45.15,26.83333,94.2
Buhuşi,Romania,46.71667,26.7,254.0
Buftea,Romania,44.56139,25.94889,106.6
Bucharest,Romania,44.43225,26.10626,82.2
Breaza,Romania,45.18333,25.66667,546.0
Braşov,Romania,45.64861,25.60613,570.4
Brăila,Romania,45.26667,27.98333,2.0
Brad,Romania,46.13333,22.78333,272.9
Botoşani,Romania,47.75,26.66667,164.0
Borşa,Romania,47.65527,24.66328,659.9
Bocşa,Romania,45.37333,21.70917,159.6
Blaj,Romania,46.17508,23.91578,248.9
Bistriţa,Romania,47.13316,24.50011,362.6
Bârlad,Romania,46.23333,27.66667,71.9
Balş,Romania,44.35,24.1,125.8
Băileşti,Romania,44.01667,23.35,54.2
Băicoi,Romania,45.03333,25.85,311.6
Baia Sprie,Romania,47.66189,23.69215,348.9
Baia Mare,Romania,47.65729,23.56808,220.0
Bacău,Romania,46.56667,26.9,172.0
Arad,Romania,46.18333,21.31667,109.5
Alexandria,Romania,43.98333,25.33333,42.7
Alba Iulia,Romania,46.06667,23.58333,219.4
Aiud,Romania,46.31006,23.72128,255.1
Adjud,Romania,46.1,27.16667,101.8
Baia Mare,Romania,47.65331,23.57949,227.4
Paşcani,Romania,47.2469,26.72291,244.9
Mioveni,Romania,44.95905,24.94198,328.6
Sighișoara,Romania,46.22141,24.79279,363.4
Slobozia,Romania,44.5647,27.3633,25.6
Zrenjanin,Serbia,45.38361,20.38194,82.6
Zemun,Serbia,44.84306,20.40111,99.9
Zaječar,Serbia,43.90358,22.26405,127.6
Vršac,Serbia,45.11667,21.30361,98.9
Vranje,Serbia,42.55139,21.90028,460.4
Trstenik,Serbia,43.61694,21.0025,169.8
Stara Pazova,Serbia,44.985,20.16083,81.2
Sremčica,Serbia,44.67653,20.39232,224.2
Smederevska Palanka,Serbia,44.36548,20.95885,123.0
Smederevo,Serbia,44.66278,20.93,84.4
Senta,Serbia,45.9275,20.07722,80.2
Prokuplje,Serbia,43.23417,21.58806,262.0
Požarevac,Serbia,44.62133,21.18782,82.9
Pirot,Serbia,43.15306,22.58611,370.0
Pančevo,Serbia,44.87083,20.64028,79.4
Obrenovac,Serbia,44.65486,20.20017,77.4
Novi Pazar,Serbia,43.13667,20.51222,509.3
Nova Pazova,Serbia,44.94366,20.21931,80.5
Niš,Serbia,43.32472,21.90333,196.2
Negotin,Serbia,44.22639,22.53083,43.5
Leskovac,Serbia,42.99806,21.94611,228.6
Lazarevac,Serbia,44.38534,20.2557,123.6
Kruševac,Serbia,43.58,21.33389,160.9
Kraljevo,Serbia,43.72583,20.68944,209.1
Kragujevac,Serbia,44.01667,20.91667,183.4
Kikinda,Serbia,45.82972,20.46528,86.3
Jagodina,Serbia,43.97713,21.26121,121.0
Inđija,Serbia,45.04816,20.08165,115.6
Gornji Milanovac,Serbia,44.02603,20.46152,326.5
Ćuprija,Serbia,43.9275,21.37,121.5
Čačak,Serbia,43.89139,20.34972,240.7
Bor,Serbia,44.07488,22.09591,393.3
Belgrade,Serbia,44.80401,20.46513,120.5
Bečej,Serbia,45.61632,20.03331,79.1
Aranđelovac,Serbia,44.30694,20.56,250.8
Vrbas,Serbia,45.57139,19.64083,83.4
Valjevo,Serbia,44.27513,19.89821,179.9
Užice,Serbia,43.85861,19.84878,430.2
Subotica,Serbia,46.1,19.66667,121.6
Sremska Mitrovica,Serbia,44.97639,19.61222,86.9
Sombor,Serbia,45.77417,19.11222,89.7
Šabac,Serbia,44.74667,19.69,80.1
Ruma,Serbia,45.00806,19.82222,110.1
Novi Sad,Serbia,45.25167,19.83694,78.3
Bačka Topola,Serbia,45.81516,19.6318,94.3
Bačka Palanka,Serbia,45.25083,19.39194,80.0
Apatin,Serbia,45.67111,18.98472,84.0
Knjazevac,Serbia,43.56634,22.25701,239.8
Udomlya,Russia,57.87944,34.9925,173.7
Sosnovka,Russia,60.01667,30.35,26.1
Sasovo,Russia,54.35369,41.91986,107.5
Zyuzino,Russia,55.65608,37.56846,204.1
Zyablikovo,Russia,55.61667,37.76667,145.9
Zverevo,Russia,48.02108,40.12282,235.8
Zvenigorod,Russia,55.73401,36.85918,177.5
Zlatoust,Russia,55.17111,59.65083,552.9
Zimovniki,Russia,47.1474,42.4721,65.0
Zhulebino,Russia,55.7,37.85,141.7
Zhukovskiy,Russia,55.59528,38.12028,136.3
Zhukovka,Russia,53.53395,33.72798,174.8
Zhirnovsk,Russia,50.98448,44.77347,138.2
Zhigulevsk,Russia,53.39972,49.49528,77.8
Zherdevka,Russia,51.84861,41.46056,120.2
Zheleznovodsk,Russia,44.13944,43.01972,578.3
Zheleznogorsk,Russia,52.331,35.3711,200.4
Zheleznodorozhnyy,Russia,55.744,38.01684,149.3
Zernograd,Russia,46.84518,40.30834,88.3
Zelenokumsk,Russia,44.40694,43.88056,148.8
Zelenograd,Russia,55.9825,37.18139,217.1
Zelenodolsk,Russia,55.84376,48.51784,102.8
Zelenchukskaya,Russia,43.85804,41.5894,937.6
Zavolzh’ye,Russia,56.64051,43.39446,80.5
Zarechnyy,Russia,53.20356,45.19227,195.7
Zaraysk,Russia,54.7605,38.87841,169.3
Zapolyarnyy,Russia,69.41541,30.81355,136.1
Zamoskvorech’ye,Russia,55.73333,37.63333,130.4
Zainsk,Russia,55.3195,52.06942,110.8
Yur’yev-Pol’skiy,Russia,56.50339,39.67911,139.6
Yoshkar-Ola,Russia,56.63877,47.89078,92.9
Yeysk,Russia,46.7055,38.2739,18.7
Yessentukskaya,Russia,44.0328,42.8813,606.8
Yessentuki,Russia,44.04444,42.86056,605.9
Yershov,Russia,51.3513,48.2766,103.4
Yemva,Russia,62.58999,50.85939,90.8
Yelizavetinskaya,Russia,45.04616,38.79491,21.6
Yelets,Russia,52.62366,38.50169,165.7
Yelan’,Russia,50.949,43.73781,121.0
Yelabuga,Russia,55.76127,52.06493,74.3
Yegor’yevsk,Russia,55.38283,39.03233,143.4
Yegorlykskaya,Russia,46.56564,40.65621,99.9
Yefremov,Russia,53.14806,38.09924,211.3
Yasnyy,Russia,51.0333,59.8742,355.0
Yasnogorsk,Russia,54.48082,37.69854,252.7
Yasenevo,Russia,55.60686,37.51991,227.4
Yartsevo,Russia,55.06667,32.69639,202.5
Yaroslavl,Russia,57.62987,39.87368,105.2
Yaransk,Russia,57.30331,47.88611,123.5
Yanaul,Russia,56.2751,54.9338,98.1
Yagry,Russia,64.59417,39.81028,6.1
Yablonovskiy,Russia,44.98901,38.94324,18.4
Vyshniy Volochëk,Russia,57.59125,34.56453,159.2
Vyselki,Russia,45.58128,39.66409,60.9
Vyksa,Russia,55.3175,42.17444,103.4
Vykhino-Zhulebino,Russia,55.70196,37.81178,138.9
Vyborg,Russia,60.70763,28.75283,8.6
Vyazniki,Russia,56.24057,42.15563,97.9
Vyaz’ma,Russia,55.21039,34.29508,246.5
Vyatskiye Polyany,Russia,56.22602,51.06557,74.9
Vsevolozhsk,Russia,60.01512,30.67314,18.4
Votkinsk,Russia,57.04865,53.98717,85.5
Vostryakovo,Russia,55.66667,37.45,177.9
Vostryakovo,Russia,55.39934,37.80829,164.9
Voskresensk,Russia,55.31733,38.65264,125.4
Voronezh,Russia,51.67204,39.1843,158.0
Altuf’yevskiy,Russia,55.88333,37.58333,176.5
Vorob’yovo,Russia,55.71667,37.53333,176.8
Volzhskiy,Russia,48.78583,44.77973,23.8
Volzhsk,Russia,55.86638,48.3594,63.0
Vol’sk,Russia,52.04541,47.37993,83.5
Volokolamsk,Russia,56.03361,35.96944,180.1
Vologda,Russia,59.2239,39.88398,120.5
Volkhov,Russia,59.9258,32.33819,25.0
Nagornyy,Russia,55.65,37.61667,186.2
Volgorechensk,Russia,57.43931,41.15553,118.7
Volgograd,Russia,48.71939,44.50183,66.6
Volgodonsk,Russia,47.51361,42.15139,48.0
Vnukovo,Russia,55.6,37.21667,170.0
Novovladykino,Russia,55.85,37.58333,151.7
Vladimir,Russia,56.13655,40.39658,139.5
Vladikavkaz,Russia,43.03667,44.66778,674.3
Vidnoye,Russia,55.55239,37.70967,172.1
Vichuga,Russia,57.21276,41.93012,138.7
Veshnyaki,Russia,55.72393,37.81952,152.4
Vereshchagino,Russia,58.07894,54.6557,235.9
Venëv,Russia,54.35533,38.26843,193.1
Vel’sk,Russia,61.07006,42.0983,95.4
Velikiy Ustyug,Russia,60.76186,46.31352,58.7
Velikiye Luki,Russia,56.34,30.54517,102.5
Vatutino,Russia,55.88441,37.69055,151.0
Valuyki,Russia,50.2035,38.1067,90.8
Valday,Russia,57.97472,33.2525,212.6
Vagonoremont,Russia,55.9,37.55,181.0
Uzlovaya,Russia,53.98179,38.17118,223.0
Uvarovo,Russia,51.98486,42.26147,146.0
Uva,Russia,56.99081,52.18517,118.7
Ust’-Labinsk,Russia,45.21077,39.68914,73.3
Ust’-Katav,Russia,54.9366,58.1757,303.5
Ust’-Dzheguta,Russia,44.0834,41.9763,629.9
Usman’,Russia,52.04662,39.7288,152.1
Uryupinsk,Russia,50.8047,42.0138,81.5
Urus-Martan,Russia,43.13053,45.53791,232.6
Uritsk,Russia,59.83889,30.17528,11.6
Unecha,Russia,52.84591,32.67394,190.3
Ulyanovsk,Russia,54.32824,48.38657,175.4
Ukhta,Russia,63.56705,53.68348,90.3
Uglich,Russia,57.5275,38.33167,120.0
Ufa,Russia,54.74306,55.96779,162.8
Uchkeken,Russia,43.93778,42.51167,962.5
Uchaly,Russia,54.35806,59.43611,524.6
Uchaly,Russia,54.2996,59.4521,536.1
Tyrnyauz,Russia,43.38278,42.91833,1286.9
Tver,Russia,56.85836,35.90057,139.5
Tuymazy,Russia,54.60666,53.7097,115.9
Tutayev,Russia,57.88529,39.5406,130.9
Tula,Russia,54.19609,37.61822,159.1
Tuchkovo,Russia,55.60111,36.46806,209.1
Tuapse,Russia,44.1053,39.0802,48.2
Tsimlyansk,Russia,47.64611,42.10194,81.8
Trubchevsk,Russia,52.5798,33.7644,179.0
Troparëvo,Russia,55.65625,37.48496,197.3
Troitskaya,Russia,43.30664,44.98395,345.8
Troitsk,Russia,55.48498,37.30736,173.8
Tosno,Russia,59.54,30.8775,34.1
Torzhok,Russia,57.0436,34.96221,151.2
Tomilino,Russia,55.65619,37.94713,136.7
Tol’yatti,Russia,53.5303,49.3461,95.3
Timashëvsk,Russia,45.61694,38.94528,20.6
Tikhvin,Russia,59.64511,33.52937,46.2
Tikhoretsk,Russia,45.85472,40.12528,83.3
Teykovo,Russia,56.85796,40.53692,120.3
Terek,Russia,43.48333,44.13611,254.8
Tyoply Stan,Russia,55.62047,37.49338,239.7
Temryuk,Russia,45.27055,37.38716,46.5
Tekstil’shchiki,Russia,55.70033,37.74271,144.4
Tbilisskaya,Russia,45.36333,40.19,102.1
Tambov,Russia,52.73169,41.44326,129.5
Agidel’,Russia,55.9077,53.9355,84.2
Taganrog,Russia,47.23617,38.89688,37.0
Taganskiy,Russia,55.73333,37.66667,133.4
Syzran’,Russia,53.1585,48.4681,41.8
Syktyvkar,Russia,61.67642,50.80994,129.2
Svobody,Russia,44.02556,43.05028,490.9
Sviblovo,Russia,55.85,37.63333,146.8
Svetogorsk,Russia,61.11213,28.86321,44.7
Svetlyy,Russia,54.67501,20.13473,3.3
Svetlograd,Russia,45.33528,42.85472,135.9
Suvorovskaya,Russia,44.1901,42.6595,455.3
Suvorov,Russia,54.1223,36.49657,187.8
Surovikino,Russia,48.60734,42.84621,44.1
Surkhakhi,Russia,43.1875,44.90194,646.9
Sukhinichi,Russia,54.09989,35.34254,215.2
Stupino,Russia,54.90083,38.07083,186.3
Strunino,Russia,56.37328,38.58321,173.3
Stroitel’,Russia,50.78543,36.4831,240.5
Strogino,Russia,55.81838,37.41224,124.2
Sterlitamak,Russia,53.62462,55.95015,150.6
Stavropol’,Russia,45.0428,41.9734,573.5
Staryy Oskol,Russia,51.29667,37.84167,140.3
Staroshcherbinovskaya,Russia,46.6311,38.6742,7.8
Starominskaya,Russia,46.53,39.04972,21.6
Starodub,Russia,52.58444,32.76333,177.9
Staraya Russa,Russia,57.99439,31.36081,27.1
Staraya Kupavna,Russia,55.80799,38.1805,146.3
Staraya Derevnya,Russia,59.98834,30.24296,4.2
Sovetsk,Russia,57.58475,48.95844,110.7
Sovetsk,Russia,55.08392,21.87851,14.4
Sosnovyy Bor,Russia,59.8996,29.08574,9.7
Sosnovaya Polyana,Russia,59.83528,30.14667,11.5
Sosnogorsk,Russia,63.60229,53.88175,111.5
Sortavala,Russia,61.71233,30.70953,28.7
Sorochinsk,Russia,52.4338,53.1583,104.1
Solntsevo,Russia,55.63711,37.38115,175.4
Solnechnogorsk,Russia,56.18333,36.98333,199.1
Sol’-Iletsk,Russia,51.1631,54.99176,130.5
Solikamsk,Russia,59.6316,56.7685,139.4
Sokol’niki,Russia,55.80202,37.67159,157.5
Sokol,Russia,55.8,37.51667,157.8
Sokol,Russia,59.46167,40.12056,127.2
Sofrino,Russia,56.15,37.93333,185.4
Sochi,Russia,43.59917,39.72569,14.4
Sobinka,Russia,55.98553,40.01111,107.8
Smolensk,Russia,54.7818,32.0401,243.5
Slobodskoy,Russia,58.73222,50.17722,142.8
Slobodka,Russia,55.86667,37.58333,156.8
Slavyansk-na-Kubani,Russia,45.2558,38.1256,10.1
Slantsy,Russia,59.11817,28.09137,37.2
Skopin,Russia,53.82486,39.55053,153.6
Skhodnya,Russia,55.94806,37.29778,198.7
Sim,Russia,54.993,57.6982,203.2
Sibay,Russia,52.71806,58.66583,375.9
Shuya,Russia,56.84865,41.38833,106.8
Shushary,Russia,59.80917,30.38167,18.3
Shumerlya,Russia,55.5005,46.41288,109.3
Mikhaylovsk,Russia,45.12833,42.02556,426.5
Shilovo,Russia,54.3204,40.874,97.7
Sheksna,Russia,59.20998,38.51066,109.4
Shebekino,Russia,50.40967,36.9136,115.6
Shchukino,Russia,55.8,37.45,153.0
Shchigry,Russia,51.87555,36.90432,218.7
Shcherbinka,Russia,55.49972,37.55972,168.3
Shchelkovo,Russia,55.92497,37.97218,143.9
Shchëkino,Russia,54.00513,37.52194,237.5
Shatura,Russia,55.57253,39.53682,127.1
Shar’ya,Russia,58.36909,45.51558,135.8
Shali,Russia,43.14806,45.90194,219.5
Shakhun’ya,Russia,57.67579,46.61136,154.6
Shakhty,Russia,47.70911,40.21443,115.0
Severskaya,Russia,44.85407,38.67686,49.8
Severo-Zadonsk,Russia,54.03481,38.40172,232.9
Severoural’sk,Russia,60.15328,59.95205,191.6
Severomorsk,Russia,69.06889,33.41622,79.3
Severodvinsk,Russia,64.5635,39.8302,7.4
Severnyy,Russia,55.93583,37.54889,188.1
Setun’,Russia,55.71667,37.41667,142.1
Sestroretsk,Russia,60.09801,29.96378,10.4
Sertolovo,Russia,60.1444,30.20165,44.8
Serpukhov,Russia,54.91578,37.41114,136.3
Sergiyev Posad,Russia,56.3,38.13333,206.1
Sergach,Russia,55.53079,45.46611,132.9
Serdobsk,Russia,52.45861,44.21689,194.4
Semiluki,Russia,51.68525,39.02787,115.8
Semikarakorsk,Russia,47.51943,40.8112,15.3
Semënovskoye,Russia,55.68333,37.55,180.4
Semënov,Russia,56.78749,44.49297,116.3
Sel’tso,Russia,53.36831,34.10328,158.1
Segezha,Russia,63.74147,34.32218,98.8
Satka,Russia,55.0425,59.04,413.6
Sarov,Russia,54.93583,43.32352,139.0
Saratov,Russia,51.54056,46.00861,75.6
Sarapul,Russia,56.47633,53.79782,118.0
Saransk,Russia,54.1838,45.1749,170.4
Saraktash,Russia,51.78771,56.36091,142.6
Saint Petersburg,Russia,59.93863,30.31413,2.3
Samara,Russia,53.20007,50.15,125.9
Sal’sk,Russia,46.4747,41.54114,40.0
Salavat,Russia,53.38365,55.90773,163.9
Safonovo,Russia,55.15,33.21667,235.2
Rzhev,Russia,56.26241,34.32817,189.1
Rybnoye,Russia,54.72774,39.51731,106.5
Rybinsk,Russia,58.0446,38.84259,99.0
Rybatskoye,Russia,59.8393,30.49873,11.2
Ryazhsk,Russia,53.7038,40.1109,121.4
Ryazan’,Russia,54.6269,39.6916,104.8
Ruzayevka,Russia,54.06387,44.9509,197.3
Rublëvo,Russia,55.78514,37.35481,148.4
Rtishchevo,Russia,52.26041,43.78745,211.4
Rostov-na-Donu,Russia,47.23135,39.72328,69.7
Rostov,Russia,57.1914,39.41394,102.8
Rostokino,Russia,55.83333,37.66667,143.4
Rossosh’,Russia,51.1209,38.5116,106.9
Rossosh’,Russia,50.19828,39.56726,88.7
Roslavl’,Russia,53.95278,32.86389,198.0
Roshal’,Russia,55.66853,39.87488,118.7
Rodniki,Russia,57.10513,41.73048,150.7
Revda,Russia,56.80097,59.93028,312.2
Reutov,Russia,55.76111,37.8575,171.2
Razumnoye,Russia,50.53439,36.68462,128.6
Rayevskiy,Russia,54.0658,54.9468,112.5
Rasskazovo,Russia,52.65599,41.88461,155.2
Ramenki,Russia,55.7,37.5,178.0
Pyatigorsk,Russia,44.04861,43.05944,538.9
Pushkino,Russia,56.01722,37.86667,161.6
Pushkin,Russia,59.71417,30.39642,66.6
Pushchino,Russia,54.83373,37.61138,192.3
Pugachev,Russia,52.01333,48.8025,44.2
Pskov,Russia,57.8136,28.3496,51.4
Protvino,Russia,54.86821,37.21583,129.3
Proletarsk,Russia,46.70289,41.72717,22.9
Prokhladnyy,Russia,43.75741,44.0297,206.6
Priyutovo,Russia,53.9,53.93333,299.7
Privolzhskiy,Russia,51.40944,46.04833,35.8
Privolzhsk,Russia,57.38698,41.28666,119.9
Priozërsk,Russia,61.03928,30.12907,15.0
Primorsko-Akhtarsk,Russia,46.0497,38.1747,4.6
Pridonskoy,Russia,51.68406,39.0727,107.4
Povorino,Russia,51.1945,42.2457,118.0
Kotlovka,Russia,55.65928,37.60404,183.7
Annino,Russia,55.58333,37.6,185.5
Polyarnyye Zori,Russia,67.36611,32.49806,153.0
Polyarnyy,Russia,69.19889,33.44778,44.9
Pokrovskoye-Streshnëvo,Russia,55.80797,37.45814,160.8
Pokrov,Russia,55.91797,39.17242,138.7
Pokhvistnevo,Russia,53.65237,52.12738,70.2
Podporozh’ye,Russia,60.91124,34.17064,73.9
Podol’sk,Russia,55.42419,37.55472,165.5
Pochep,Russia,52.9336,33.4464,164.6
Ryazanskiy,Russia,55.73333,37.76667,154.9
Plavsk,Russia,53.70944,37.29194,182.0
Pikalëvo,Russia,59.51833,34.16639,191.9
Petushki,Russia,55.92639,39.46104,125.1
Petrozavodsk,Russia,61.78491,34.34691,80.7
Petrovskaya,Russia,55.55,37.78333,171.7
Petrovsk,Russia,52.30639,45.39167,188.1
Petrodvorets,Russia,59.89565,29.80145,23.0
Peterhof,Russia,59.88333,29.9,23.1
Pestovo,Russia,58.59382,35.80244,128.4
Pervoural’sk,Russia,56.90528,59.94361,349.7
Perovo,Russia,55.73501,37.79088,164.1
Perm,Russia,58.01046,56.25017,148.5
Pereslavl’-Zalesskiy,Russia,56.73934,38.85626,144.6
Novo-Peredelkino,Russia,55.64528,37.33583,166.4
Penza,Russia,53.20066,45.00464,153.3
Pechora,Russia,65.14717,57.22439,62.1
Pavlovskiy Posad,Russia,55.78187,38.65025,132.3
Pavlovskaya,Russia,46.1377,39.7832,44.4
Pavlovsk,Russia,59.68333,30.43472,37.1
Pavlovsk,Russia,50.45778,40.10806,79.2
Pashkovskiy,Russia,45.02366,39.10436,29.3
Pallasovka,Russia,50.05,46.88333,34.4
Ozëry,Russia,54.85998,38.55062,134.0
Ozerki,Russia,60.03947,30.31128,25.8
Otradnyy,Russia,53.37596,51.3452,58.2
Otradnoye,Russia,55.86667,37.6,153.4
Otradnoye,Russia,59.7775,30.81806,15.1
Otradnaya,Russia,44.39333,41.52056,443.5
Ostrov,Russia,57.34395,28.35368,67.4
Ostrogozhsk,Russia,50.8664,39.07561,112.8
Ostashkov,Russia,57.14667,33.10753,210.4
Ostankinskiy,Russia,55.82957,37.61604,159.2
Osa,Russia,57.283,55.4589,99.6
Orsk,Russia,51.20487,58.56685,193.3
Orlovskiy,Russia,46.87139,42.05917,106.6
Orenburg,Russia,51.7727,55.0988,109.3
Orël,Russia,52.96508,36.07849,156.5
Orekhovo-Zuyevo,Russia,55.80672,38.96178,123.6
Orekhovo-Borisovo Severnoye,Russia,55.61667,37.68333,152.4
Ordzhonikidzevskaya,Russia,43.3195,45.04911,319.8
Onega,Russia,63.90692,38.11112,9.8
Omutninsk,Russia,58.67001,52.1932,180.6
Olenegorsk,Russia,68.1432,33.25287,178.4
Tsotsin-Yurt,Russia,43.24206,46.00013,132.6
Oktyabr’skiy,Russia,54.48147,53.47103,135.5
Odintsovo,Russia,55.67798,37.27773,190.6
Ochër,Russia,57.89035,54.72019,166.1
Ochakovo-Matveyevskoye,Russia,55.68432,37.44654,171.7
Obninsk,Russia,55.09681,36.61006,177.5
Nytva,Russia,57.9437,55.3396,132.3
Nyandoma,Russia,61.6656,40.2013,221.7
Nurlat,Russia,54.42766,50.80511,156.2
Novyy Oskol,Russia,50.7633,37.86402,111.2
Novyye Kuz’minki,Russia,55.7,37.75,143.1
Novyye Cherëmushki,Russia,55.7,37.58333,160.9
Novozybkov,Russia,52.5396,31.9275,161.2
Novovoronezh,Russia,51.30719,39.21732,113.3
Novouzensk,Russia,50.45917,48.14306,25.5
Novoul’yanovsk,Russia,54.14961,48.38907,98.6
Novotroitsk,Russia,51.20301,58.32665,209.2
Novotitarovskaya,Russia,45.23756,38.98059,23.2
Novoshakhtinsk,Russia,47.76037,39.93335,153.2
Novorossiysk,Russia,44.72439,37.76752,6.6
Novopokrovskaya,Russia,45.95139,40.70056,61.4
Novopavlovsk,Russia,43.96222,43.63417,328.5
Novomoskovsk,Russia,54.0105,38.2846,235.6
Novomichurinsk,Russia,54.0384,39.7479,120.1
Novokuz’minki,Russia,55.71667,37.78333,152.6
Novokuybyshevsk,Russia,53.0959,49.9462,113.5
Novokubansk,Russia,45.117,41.0267,146.1
Novokhovrino,Russia,55.86667,37.5,172.7
Novogireyevo,Russia,55.75378,37.81885,160.8
Novodvinsk,Russia,64.4165,40.8122,37.4
Novocherkassk,Russia,47.42018,40.09132,85.9
Novocheboksarsk,Russia,56.11095,47.47755,110.7
Novoanninskiy,Russia,50.5287,42.6747,94.0
Novoaleksandrovsk,Russia,45.4948,41.22075,102.8
Velikiy Novgorod,Russia,58.52131,31.27104,31.8
Novaya Usman’,Russia,51.64177,39.40863,103.7
Novaya Derevnya,Russia,59.98748,30.28682,7.9
Noginsk,Russia,55.86647,38.4438,129.3
Nizhnyaya Tura,Russia,58.6293,59.8118,200.0
Nizhniy Tagil,Russia,57.91944,59.965,184.5
Nizhniy Novgorod,Russia,56.32867,44.00205,143.5
Nizhniy Lomov,Russia,53.53041,43.67663,176.2
Nizhnekamsk,Russia,55.63657,51.82447,120.5
Nikulino,Russia,55.66943,37.46598,184.2
Nikol’skoye,Russia,55.68333,37.48333,176.2
Nikol’skoye,Russia,59.70056,30.78472,22.1
Nikol’sk,Russia,53.71886,46.07118,227.4
Nikolayevsk,Russia,50.02824,45.45953,32.7
Nikel’,Russia,69.41285,30.22198,75.0
Nezlobnaya,Russia,44.11806,43.40278,305.4
Nevinnomyssk,Russia,44.6333,41.9444,330.3
Nevel’,Russia,56.02094,29.92844,157.7
Nesterovskaya,Russia,43.23861,45.05028,401.9
Nerekhta,Russia,57.45881,40.57471,100.8
Nelidovo,Russia,56.22107,32.77738,193.6
Neftekamsk,Russia,56.092,54.2661,108.1
Neftegorsk,Russia,52.802,51.166,98.2
Nazran’,Russia,43.22597,44.77323,523.5
Navashino,Russia,55.5441,42.1968,84.5
Nar'yan-Mar,Russia,67.63869,53.00371,6.4
Nartkala,Russia,43.5575,43.85083,288.1
Naro-Fominsk,Russia,55.38752,36.73307,168.9
Nal’chik,Russia,43.49806,43.61889,464.7
Nakhabino,Russia,55.84854,37.17789,186.8
Naberezhnyye Chelny,Russia,55.72545,52.41122,110.2
Mytishchi,Russia,55.91163,37.73076,165.8
Murom,Russia,55.575,42.0426,119.5
Murmansk,Russia,68.97917,33.09251,31.1
Mtsensk,Russia,53.27657,36.57334,159.7
Mozhga,Russia,56.44469,52.22763,155.2
Mozhaysk,Russia,55.50194,36.02722,209.6
Mozdok,Russia,43.74359,44.65177,128.3
Mostovskoy,Russia,44.41222,40.79361,383.1
Moscow,Russia,55.75222,37.61556,147.3
Morshansk,Russia,53.44354,41.81065,108.9
Morozovsk,Russia,48.35502,41.82627,71.5
Monino,Russia,55.84244,38.19362,156.6
Monchegorsk,Russia,67.93972,32.87389,132.1
Mirnyy,Russia,61.33289,44.53598,123.9
Mineralnye Vody,Russia,44.21028,43.13528,308.6
Millerovo,Russia,48.92265,40.39673,133.7
Mikhaylovka,Russia,50.06,43.2379,80.6
Mikhalkovo,Russia,55.68333,37.43333,166.3
Michurinsk,Russia,52.8978,40.4907,150.1
Metallostroy,Russia,59.80083,30.54778,11.9
Menzelinsk,Russia,55.72706,53.10258,98.6
Mendeleyevsk,Russia,55.90819,52.29047,103.3
Meleuz,Russia,52.96467,55.93277,176.9
Melenki,Russia,55.3343,41.6295,119.4
Medvezh’yegorsk,Russia,62.91713,34.45689,35.6
Medvedovskaya,Russia,45.45151,39.02485,19.4
Medvedevo,Russia,56.63388,47.80405,117.1
Mednogorsk,Russia,51.4128,57.595,319.0
Maykop,Russia,44.60778,40.10583,230.4
Matveyevskoye,Russia,55.71112,37.47502,162.1
Marks,Russia,51.71111,46.74861,20.9
Mar’ino,Russia,55.65,37.71667,120.4
Mar’ina Roshcha,Russia,55.8,37.61667,164.5
Manturovo,Russia,58.32889,44.76406,129.0
Yaroslavskiy,Russia,55.88333,37.71667,148.5
Maloyaroslavets,Russia,55.01457,36.47185,192.4
Malgobek,Russia,43.51118,44.58821,365.3
Malakhovka,Russia,55.64776,38.02486,138.7
Makhachkala,Russia,42.97638,47.50236,3.7
Magnitogorsk,Russia,53.41861,59.04722,361.9
Lyudinovo,Russia,53.86639,34.44778,181.7
Lyublino,Russia,55.67923,37.7525,142.8
Lyubertsy,Russia,55.67719,37.89322,138.4
Lytkarino,Russia,55.58271,37.90516,164.0
Lys’va,Russia,58.10861,57.80528,172.9
Lyskovo,Russia,56.03282,45.0422,101.9
Luzhniki,Russia,55.71599,37.55376,178.6
Lukhovitsy,Russia,54.97661,39.0444,116.2
Luga,Russia,58.73722,29.84528,55.5
Losino-Petrovskiy,Russia,55.86959,38.20065,146.3
Lomonosov,Russia,59.90612,29.77253,26.5
Lodeynoye Pole,Russia,60.726,33.55306,25.6
Lobnya,Russia,56.00972,37.48194,189.2
Livny,Russia,52.42534,37.60689,181.0
Liski,Russia,50.98405,39.51545,109.9
Lipetsk,Russia,52.60311,39.57076,160.7
Likino-Dulevo,Russia,55.7083,38.9542,138.1
Likhobory,Russia,55.85,37.56667,147.8
Lianozovo,Russia,55.89783,37.5868,171.3
L’govskiy,Russia,51.63069,35.2775,158.2
Levoberezhnaya,Russia,55.88333,37.48333,176.2
Komendantsky aerodrom,Russia,60.00448,30.27523,3.7
Lermontov,Russia,44.10667,42.97333,663.7
Leonovo,Russia,55.85,37.65,143.6
Leninskiye Gory,Russia,55.7,37.56667,176.7
Leninsk,Russia,48.70233,45.19798,-1.0
Leninogorsk,Russia,54.60256,52.46087,227.8
Tsaritsyno,Russia,55.6254,37.65032,160.7
Leningradskaya,Russia,46.3214,39.3877,29.7
Yubileyny,Russia,55.93333,37.83333,153.1
Lefortovo,Russia,55.76667,37.7,145.1
Lebedyan’,Russia,53.01942,39.16639,128.0
Lazarevskoye,Russia,43.90886,39.33137,8.1
Lakinsk,Russia,56.01931,39.94848,132.7
Labinsk,Russia,44.63417,40.73556,275.1
Dugulubgey,Russia,43.6625,43.53694,449.9
Kuznetsk,Russia,53.11675,46.60037,236.3
Kuz’minki,Russia,55.7,37.8,145.7
Kuvandyk,Russia,51.4781,57.3552,212.2
Kuskovo,Russia,55.73423,37.82616,143.3
Kushva,Russia,58.29056,59.75917,302.9
Kushchëvskaya,Russia,46.5599,39.6321,14.3
Kusa,Russia,55.33833,59.44056,368.8
Kur’yanovo,Russia,55.65,37.7,120.8
Kursk,Russia,51.73733,36.18735,221.2
Kurovskoye,Russia,55.58183,38.91994,119.2
Kurganinsk,Russia,44.88,40.59861,168.9
Kurchatov,Russia,51.6601,35.6521,166.3
Kurchaloy,Russia,43.20184,46.0881,167.3
Kupchino,Russia,59.85278,30.35667,12.6
Kungur,Russia,57.4368,56.9593,120.3
Kumertau,Russia,52.76667,55.78333,288.2
Kulebaki,Russia,55.41333,42.5325,109.7
Kukmor,Russia,56.1855,50.8944,100.8
Kudymkar,Russia,59.01306,54.65556,161.9
Kudepsta,Russia,43.49547,39.89294,11.5
Kubinka,Russia,55.57957,36.70392,196.8
Kstovo,Russia,56.14733,44.19787,130.2
Krymsk,Russia,44.92934,37.99117,24.2
Kropotkin,Russia,45.4375,40.57556,82.9
Kronshtadt,Russia,59.99541,29.76668,6.3
Krasnyy Sulin,Russia,47.89221,40.07037,144.2
Biryulëvo Zapadnoye,Russia,55.58766,37.64282,181.6
Krasnoye Selo,Russia,59.73833,30.08944,103.0
Krasnovishersk,Russia,60.40783,57.08199,137.5
Krasnoufimsk,Russia,56.60585,57.76686,207.8
Krasnokamsk,Russia,58.0796,55.7552,105.9
Krasnogvardeyskoye,Russia,45.84604,41.51885,53.2
Krasnogorsk,Russia,55.82036,37.33017,158.2
Krasnodar,Russia,45.04484,38.97603,29.7
Krasnoarmeyskaya,Russia,45.36614,38.21171,7.5
Krasnoarmeysk,Russia,56.1,38.13333,153.9
Krasnoarmeysk,Russia,51.02389,45.69694,205.2
Presnenskiy,Russia,55.75,37.55,120.9
Koz’modem’yansk,Russia,56.3419,46.56353,111.0
Kozhukhovo,Russia,55.7,37.66667,123.1
Kozeyevo,Russia,55.86667,37.61667,150.9
Kozel’sk,Russia,54.03746,35.77159,176.4
Kovylkino,Russia,54.03876,43.91385,144.3
Kovrov,Russia,56.35722,41.31917,128.9
Kovdor,Russia,67.56616,30.47576,251.5
Kotovsk,Russia,52.58666,41.5021,130.9
Kotovo,Russia,50.32113,44.80119,147.2
Kotlas,Russia,61.25745,46.64963,53.8
Kotel’nikovo,Russia,47.63009,43.14068,47.1
Kotel’niki,Russia,55.63546,37.8445,176.0
Kotel’nich,Russia,58.3089,48.348,110.6
Kostroma,Russia,57.76647,40.92686,110.4
Kostomuksha,Russia,64.571,30.57667,204.1
Kosaya Gora,Russia,54.11896,37.54459,237.0
Koryazhma,Russia,61.31433,47.16914,65.9
Korenovsk,Russia,45.46899,39.45136,32.6
Konstantinovsk,Russia,47.58278,41.09222,28.9
Kondrovo,Russia,54.80639,35.92778,148.0
Kondopoga,Russia,62.20565,34.26138,75.4
Konakovo,Russia,56.7,36.76667,130.8
Kommunar,Russia,59.62056,30.39,57.2
Kolpino,Russia,59.75069,30.58856,19.9
Kolomyagi,Russia,60.02427,30.28491,16.4
Kolomna,Russia,55.07944,38.77833,145.3
Kolomenskoye,Russia,55.66667,37.68333,121.9
Kol’chugino,Russia,56.29929,39.38304,177.5
Kokhma,Russia,56.93487,41.0915,121.5
Klintsy,Russia,52.76019,32.23935,171.1
Klin,Russia,56.33333,36.73333,161.8
Klimovsk,Russia,55.36352,37.52984,178.8
Kizlyar,Russia,43.84712,46.71445,-4.0
Kizilyurt,Russia,43.20697,46.8679,53.6
Kizel,Russia,59.04709,57.64767,296.9
Kislovodsk,Russia,43.91333,42.72083,819.0
Kirzhach,Russia,56.15273,38.85509,151.4
Kirsanov,Russia,52.65494,42.72236,153.3
Kirovsk,Russia,67.61475,33.67274,368.7
Kirovsk,Russia,59.88101,30.99507,19.4
Kirovo-Chepetsk,Russia,58.55386,50.03986,156.9
Kirov,Russia,58.59665,49.66007,173.0
Kirov,Russia,54.06686,34.29955,203.0
Kirishi,Russia,59.44712,32.02049,31.5
Kireyevsk,Russia,53.93361,37.92792,215.0
Kingisepp,Russia,59.37331,28.61343,20.5
Kineshma,Russia,57.43914,42.12894,112.1
Kinel’-Cherkassy,Russia,53.4706,51.47431,49.7
Kinel’,Russia,53.22571,50.62907,39.4
Kimry,Russia,56.86667,37.35,125.9
Kimovsk,Russia,53.97164,38.53186,232.2
Khot'kovo,Russia,56.25699,37.99544,201.5
Khosta,Russia,43.51484,39.86825,14.4
Khoroshëvo-Mnevniki,Russia,55.78363,37.47137,156.2
Kholmskiy,Russia,44.84694,38.385,47.0
Khimki,Russia,55.89704,37.42969,183.1
Khasavyurt,Russia,43.2509,46.58766,127.2
Kharabali,Russia,47.41958,47.25678,-2.4
Khadyzhensk,Russia,44.4258,39.5362,113.5
Kazan,Russia,55.78874,49.12214,64.3
Katav-Ivanovsk,Russia,54.75306,58.19556,398.9
Kastanayevo,Russia,55.71667,37.5,131.1
Kaspiysk,Russia,42.88165,47.63919,-16.8
Kasimov,Russia,54.94111,41.39528,136.3
Kashira,Russia,54.84444,38.16694,154.2
Kashin,Russia,57.35917,37.60806,120.1
Karachev,Russia,53.12292,34.98517,206.9
Karachayevsk,Russia,43.77399,41.91419,858.7
Karabulak,Russia,43.30513,44.89949,415.6
Karabanovo,Russia,56.31667,38.7,173.0
Kapotnya,Russia,55.63806,37.79306,139.7
Kantyshevo,Russia,43.22824,44.63322,542.4
Kanevskaya,Russia,46.0849,38.9596,16.7
Kandalaksha,Russia,67.162,32.41229,37.1
Kanash,Russia,55.50962,47.49127,197.4
Kamyzyak,Russia,46.10995,48.07364,-23.1
Kamyshin,Russia,50.09833,45.41601,72.7
Kamensk-Shakhtinskiy,Russia,48.31779,40.25948,59.2
Kaluga,Russia,54.5293,36.27542,198.2
Kalininsk,Russia,51.5,44.4758,144.5
Korolev,Russia,55.91417,37.82556,163.2
Kaliningrad,Russia,54.70649,20.51095,3.0
Kalach-na-Donu,Russia,48.69099,43.52638,41.6
Kalach,Russia,50.4258,41.0261,90.9
Kachkanar,Russia,58.7002,59.4839,362.5
Kabanovo,Russia,55.74815,38.93511,137.3
Izobil’nyy,Russia,45.37092,41.70839,201.3
Izmaylovo,Russia,55.78677,37.80165,161.6
Izhevsk,Russia,56.84976,53.20448,166.0
Izberbash,Russia,42.56955,47.86447,-7.1
Ivanteyevka,Russia,55.97111,37.92083,142.0
Ivanovskoye,Russia,55.76667,37.83333,158.0
Ivanovo,Russia,56.99719,40.97139,134.7
Istra,Russia,55.91997,36.86867,171.8
Ishimbay,Russia,53.45446,56.04149,166.3
Ipatovo,Russia,45.71806,42.90361,103.2
Inza,Russia,53.85672,46.35622,169.3
Inozemtsevo,Russia,44.09264,43.09113,484.6
Il’skiy,Russia,44.84222,38.56686,74.1
Igra,Russia,57.5549,53.0544,172.7
Gus’-Khrustal’nyy,Russia,55.61113,40.65186,135.3
Gusev,Russia,54.59222,22.19972,46.1
Gul’kevichi,Russia,45.35383,40.69465,100.1
Gukovo,Russia,48.06212,39.9355,254.6
Gudermes,Russia,43.35071,46.10925,52.4
Gubkin,Russia,51.28167,37.54583,166.9
Gubakha,Russia,58.83862,57.55325,303.3
Gryazovets,Russia,58.88,40.2525,187.2
Gryazi,Russia,52.49657,39.93593,123.9
Groznyy,Russia,43.31195,45.68895,127.5
Gribanovskiy,Russia,51.45792,41.97637,166.7
Grazhdanka,Russia,60.03587,30.40518,26.0
Goryachiy Klyuch,Russia,44.63083,39.13,57.4
Goryachevodskiy,Russia,44.02361,43.09222,505.0
Gorodishche,Russia,48.80454,44.47439,66.7
Gorodets,Russia,56.65493,43.47273,104.4
Gorelovo,Russia,59.77472,30.11971,47.9
Gol’yanovo,Russia,55.82299,37.81306,152.6
Golitsyno,Russia,55.60928,36.98212,183.2
Glazov,Russia,58.1393,52.658,150.4
Giaginskaya,Russia,44.86208,40.07195,135.1
Georgiyevsk,Russia,44.15194,43.46972,303.2
Gelendzhik,Russia,44.5622,38.0848,18.5
Gay,Russia,51.4666,58.4552,377.0
Gavrilov-Yam,Russia,57.30185,39.85331,102.6
Gatchina,Russia,59.57639,30.12833,92.1
Galich,Russia,58.37884,42.34633,112.4
Gagarin,Russia,55.55291,34.99537,192.7
Furmanov,Russia,57.25363,41.10849,128.7
Fryazino,Russia,55.96056,38.04556,171.2
Fryazevo,Russia,55.73321,38.46458,140.4
Frolovo,Russia,49.77133,43.66222,115.3
Fili,Russia,55.74819,37.47969,167.8
Ezhva,Russia,61.81281,50.72834,123.9
Engel’s,Russia,51.48389,46.10528,17.3
Enem,Russia,44.9264,38.90584,27.2
Elista,Russia,46.30778,44.25583,97.2
Elektrougli,Russia,55.72445,38.20908,148.2
Elektrostal’,Russia,55.78959,38.44671,159.7
Elektrogorsk,Russia,55.88431,38.7864,135.6
Ekazhevo,Russia,43.21222,44.82306,538.5
Dzerzhinskiy,Russia,55.62945,37.85654,156.6
Dzerzhinsk,Russia,56.24143,43.45539,97.6
Dyurtyuli,Russia,55.49106,54.86883,88.3
Dyat’kovo,Russia,53.59782,34.33825,208.7
Dubovka,Russia,49.05825,44.829,59.5
Dubna,Russia,56.73333,37.16667,130.1
Dorogomilovo,Russia,55.75,37.56667,134.8
Donskoye,Russia,45.45518,41.97411,123.9
Donskoy,Russia,53.97106,38.33627,227.3
Donetsk,Russia,48.33487,39.9459,123.8
Domodedovo,Russia,55.4413,37.75367,162.0
Dolgoprudnyy,Russia,55.94958,37.50183,172.3
Dobryanka,Russia,58.4644,56.4127,132.9
Dmitrov,Russia,56.34485,37.52041,139.4
Divnoye,Russia,45.90889,43.35472,77.2
Dinskaya,Russia,45.21516,39.2265,40.1
Dimitrovgrad,Russia,54.21386,49.61838,58.8
Desnogorsk,Russia,54.15077,33.28151,211.3
Derbent,Russia,42.06779,48.28987,-3.9
Zapadnoye Degunino,Russia,55.86667,37.53333,165.0
Dedovsk,Russia,55.86861,37.12222,191.2
Davydkovo,Russia,55.71815,37.47271,141.5
Davlekanovo,Russia,54.22145,55.03434,131.5
Dankov,Russia,53.25155,39.15553,145.5
Danilov,Russia,58.1908,40.17171,171.8
Dagestanskiye Ogni,Russia,42.11589,48.19204,34.5
Dachnoye,Russia,59.84167,30.25583,10.7
Chusovoy,Russia,58.3013,57.8131,135.1
Chudovo,Russia,59.11667,31.68333,28.7
Chistopol’,Russia,55.36311,50.64244,108.7
Chishmy,Russia,54.57648,55.37642,107.4
Chernyanka,Russia,50.94095,37.80693,121.0
Chernyakhovsk,Russia,54.63345,21.81557,37.9
Chernushka,Russia,56.50722,56.07661,139.6
Chernogolovka,Russia,56,38.36667,151.7
Cherkessk,Russia,44.22333,42.05778,532.5
Cherepovets,Russia,59.13333,37.9,134.6
Cherëmushki,Russia,55.66473,37.56135,185.5
Chekhov,Russia,55.1477,37.47728,170.8
Chegem,Russia,43.28333,43.13333,2382.9
Cheboksary,Russia,56.13222,47.25194,111.6
Chaykovskiy,Russia,56.76864,54.11484,92.3
Chapayevsk,Russia,52.9771,49.7086,42.9
Buzuluk,Russia,52.7807,52.2635,72.5
Buynaksk,Russia,42.819,47.1192,473.0
Buy,Russia,58.48067,41.53699,99.4
Buturlinovka,Russia,50.82389,40.60917,116.4
Businovo,Russia,55.88333,37.5,174.8
Buinsk,Russia,54.97119,48.29184,95.6
Buguruslan,Russia,53.6554,52.442,86.8
Bugul’ma,Russia,54.5378,52.7985,297.2
Budënnovsk,Russia,44.78389,44.16583,118.1
Bryukhovetskaya,Russia,45.80603,38.99959,12.6
Bryansk,Russia,53.25209,34.37167,212.6
Bronnitsy,Russia,55.42112,38.26188,130.2
Brateyevo,Russia,55.63755,37.76438,121.6
Borovichi,Russia,58.38778,33.91546,99.1
Borisoglebsk,Russia,51.36713,42.08494,106.0
Bor,Russia,56.35808,44.07477,85.5
Bol’shaya Setun’,Russia,55.71667,37.41667,142.1
Bologoye,Russia,57.8799,34.10681,179.9
Boksitogorsk,Russia,59.47405,33.84853,101.0
Boguchar,Russia,49.93577,40.545,95.5
Bogorodskoye,Russia,55.81353,37.71617,153.1
Bogorodsk,Russia,56.10513,43.51294,133.1
Bogoroditsk,Russia,53.77166,38.12408,241.3
Bobrov,Russia,51.09611,40.03333,147.2
Blagoveshchensk,Russia,55.035,55.97806,109.6
Blagodarnyy,Russia,45.09778,43.43639,147.7
Biryulëvo,Russia,55.58635,37.67781,172.1
Birsk,Russia,55.42111,55.54278,151.6
Bibirevo,Russia,55.88333,37.6,155.8
Bezhetsk,Russia,57.78506,36.69651,143.3
Bezenchuk,Russia,52.982,49.4333,41.1
Beslan,Russia,43.19217,44.54313,490.5
Berezniki,Russia,59.4091,56.8204,181.6
Beloretsk,Russia,53.96306,58.39806,517.2
Belorechensk,Russia,44.77127,39.87879,122.2
Beloozërskiy,Russia,55.45978,38.44358,126.0
Belgorod,Russia,50.61074,36.58015,176.4
Belëv,Russia,53.81194,36.13194,178.1
Belebey,Russia,54.11667,54.11667,297.5
Belaya Kalitva,Russia,48.18585,40.77424,39.2
Belaya Glina,Russia,46.07802,40.86651,52.4
Baymak,Russia,52.59333,58.3225,501.2
Bavly,Russia,54.39304,53.26023,183.8
Bataysk,Russia,47.13975,39.75181,10.4
Barysh,Russia,53.65533,47.11229,175.0
Balezino,Russia,57.9787,53.0138,156.3
Balashov,Russia,51.5502,43.1667,138.8
Balashikha,Russia,55.80945,37.95806,149.3
Balakovo,Russia,52.02782,47.8007,29.5
Novaya Balakhna,Russia,56.48989,43.60114,75.3
Balabanovo,Russia,55.18161,36.6606,165.1
Baksan,Russia,43.68806,43.53694,449.9
Bakal,Russia,54.9417,58.8083,596.5
Bagayevskaya,Russia,47.32411,40.38791,6.6
Babushkin,Russia,55.86931,37.72966,156.9
Azov,Russia,47.10779,39.41648,40.8
Avtury,Russia,43.16354,46.0012,245.4
Avtovo,Russia,59.87167,30.26583,5.1
Atkarsk,Russia,51.87185,45.00775,170.2
Astrakhan’,Russia,46.34968,48.04076,-0.9
Asha,Russia,54.9973,57.2722,153.5
Arzgir,Russia,45.37278,44.22056,67.1
Arzamas,Russia,55.39485,43.83992,167.5
Arsk,Russia,56.09151,49.87783,134.3
Armavir,Russia,44.9892,41.1234,204.6
Arkhangel’sk,Russia,64.5401,40.5433,8.2
Argun,Russia,43.29713,45.87454,112.1
Ardon,Russia,43.1772,44.29702,414.7
Apsheronsk,Russia,44.46472,39.73417,199.8
Aprelevka,Russia,55.55194,37.0801,200.5
Apatity,Russia,67.56414,33.4031,177.8
Anna,Russia,51.4842,40.4299,147.7
Andreyevskoye,Russia,55.55487,37.92566,132.5
Anapa,Russia,44.89084,37.3239,17.0
Amin’yevo,Russia,55.7,37.46667,155.7
Al’met’yevsk,Russia,54.90442,52.3154,122.4
Aleksin,Russia,54.50503,37.0674,149.0
Alekseyevka,Russia,55.63,37.8,144.9
Alekseyevka,Russia,50.6309,38.6903,104.4
Aleksandrovskoye,Russia,44.71417,43.00083,295.7
Aleksandrovsk,Russia,59.1581,57.5695,172.8
Aleksandrov,Russia,56.39516,38.71216,187.7
Alatyr’,Russia,54.8421,46.5813,145.2
Levoberezhnyy,Russia,55.85,37.48333,170.0
Aksay,Russia,47.25838,39.86675,72.5
Akhtyrskiy,Russia,44.8546,38.3031,37.2
Akhtubinsk,Russia,48.27955,46.17217,6.6
Agryz,Russia,56.52034,52.99422,94.0
Afipskiy,Russia,44.90005,38.84265,25.5
Adler,Russia,43.42896,39.92391,8.4
Achkhoy-Martan,Russia,43.18997,45.28373,246.6
Abinsk,Russia,44.86803,38.15728,29.7
Abdulino,Russia,53.7,53.66667,211.0
Vasil’yevo,Russia,55.83595,48.6582,59.1
Ryl’sk,Russia,51.5655,34.6822,170.3
Neftekumsk,Russia,44.75583,44.9925,46.2
Alagir,Russia,43.04222,44.22222,613.3
Persianovka,Russia,47.52972,39.41833,27.8
Annino,Russia,55.58316,37.26019,186.0
Dagomys,Russia,43.66974,39.66863,14.7
Pavlovo,Russia,55.9686,43.0912,131.4
Belidzhi,Russia,41.89184,48.41247,-8.8
Lesnoy,Russia,58.63667,59.80222,219.4
Trëkhgornyy,Russia,54.815,58.45917,418.4
Mirnyy,Russia,62.76409,40.33746,119.4
Znamensk,Russia,48.5842,45.7338,9.1
Zarechnyy,Russia,53.13333,46.58333,221.5
Kochubeyevskoye,Russia,44.64417,41.84528,368.5
Vnukovo,Russia,55.61194,37.29611,193.9
Moskovskiy,Russia,55.59911,37.35495,185.2
Usinsk,Russia,65.99389,57.52806,64.1
Obukhovo,Russia,59.84389,30.45111,12.6
Staryy Malgobek,Russia,43.54437,44.59592,646.1
Zavodoukovsk,Russia,56.5042,66.55153,75.6
Zarinsk,Russia,53.7074,84.9493,178.7
Zarechnyy,Russia,56.811,61.3254,245.5
Yuzhnyy,Russia,53.25417,83.69361,216.2
Yuzhnoural’sk,Russia,54.4418,61.2536,238.0
Yurga,Russia,55.72306,84.88611,173.0
Yeniseysk,Russia,58.44937,92.17968,73.6
Yemanzhelinsk,Russia,54.75472,61.32083,231.9
Yekaterinburg,Russia,56.8519,60.6122,258.3
Yashkino,Russia,55.8736,85.4265,257.7
Yarovoye,Russia,52.9273,78.58,104.4
Yalutorovsk,Russia,56.65358,66.30057,65.9
Vorkuta,Russia,67.49884,64.05253,183.2
Vorgashor,Russia,67.58355,63.79399,211.4
Verkhnyaya Salda,Russia,58.04874,60.55949,200.5
Verkhnyaya Pyshma,Russia,56.97047,60.58219,274.7
Verkhniy Ufaley,Russia,56.0556,60.2397,375.9
Uzhur,Russia,55.31246,89.83301,380.9
Zelenogorsk,Russia,56.1124,94.5985,170.4
Uray,Russia,60.13044,64.78896,59.1
Tyumen,Russia,57.15222,65.52722,83.6
Turinsk,Russia,58.04575,63.69605,98.0
Troitsk,Russia,54.0979,61.5773,180.8
Topki,Russia,55.2769,85.6163,280.8
Tomsk,Russia,56.49771,84.97437,120.8
Toguchin,Russia,55.23528,84.38583,149.7
Tobol’sk,Russia,58.19807,68.25457,87.5
Tayshet,Russia,55.9342,98.0044,315.9
Tayga,Russia,56.06402,85.62238,260.0
Tavda,Russia,58.04254,65.27258,84.8
Tatarsk,Russia,55.21903,75.98283,112.2
Tashtagol,Russia,52.7657,87.8894,484.5
Tarko-Sale,Russia,64.91611,77.77457,27.4
Tara,Russia,56.89436,74.37096,70.9
Talnakh,Russia,69.4865,88.3972,49.4
Tal’menka,Russia,53.8183,83.5677,146.2
Talitsa,Russia,56.8804,60.0213,331.7
Talitsa,Russia,57.01095,63.73254,86.5
Sysert’,Russia,56.50243,60.81917,242.8
Suzun,Russia,53.7841,82.3116,136.0
Surgut,Russia,61.25,73.41667,38.8
Sukhoy Log,Russia,56.9094,62.0296,166.5
Strezhevoy,Russia,60.7333,77.5889,47.7
Sredneuralsk,Russia,56.98921,60.46662,277.6
Sovetskiy,Russia,61.36139,63.58417,115.7
Sosnovoborsk,Russia,56.1217,93.3385,158.7
Slavgorod,Russia,52.9978,78.6449,117.4
Shushenskoye,Russia,53.325,91.93556,278.7
Shumikha,Russia,55.22611,63.29611,176.4
Sharypovo,Russia,55.54028,89.20083,307.7
Shadrinsk,Russia,56.0852,63.6335,80.0
Serov,Russia,59.60334,60.5787,129.8
Sayanogorsk,Russia,53.0875,91.39972,326.0
Salekhard,Russia,66.53,66.60194,20.7
Rubtsovsk,Russia,51.51473,81.20613,219.9
Rezh,Russia,57.37005,61.40428,163.4
Reftinskiy,Russia,57.09013,61.67692,185.0
Promyshlennaya,Russia,54.9159,85.6385,182.1
Prokop’yevsk,Russia,53.9059,86.719,322.4
Poykovskiy,Russia,61.23333,73.33333,32.5
Polysayevo,Russia,54.6012,86.2459,220.9
Polevskoy,Russia,56.44222,60.18778,357.8
Plast,Russia,54.36914,60.81361,310.8
Osinniki,Russia,53.6239,87.3598,283.0
Omsk,Russia,54.99244,73.36859,86.6
Ob’,Russia,54.9872,82.7166,108.8
Nyagan,Russia,62.14056,65.39361,58.0
Noyabrsk,Russia,63.19309,75.43728,120.8
Novyy Urengoy,Russia,66.08333,76.63333,54.6
Novosilikatnyy,Russia,53.30972,83.62389,204.9
Novosibirsk,Russia,55.0415,82.9346,166.2
Novokuznetsk,Russia,53.7557,87.1099,210.4
Novoaltaysk,Russia,53.3917,83.9363,148.9
Norilsk,Russia,69.3535,88.2027,69.8
Nizhnyaya Salda,Russia,58.07756,60.7202,166.4
Nizhnevartovsk,Russia,60.9344,76.5531,46.1
Nizhneudinsk,Russia,54.9076,99.0276,405.9
Nev’yansk,Russia,57.4953,60.2112,235.3
Nefteyugansk,Russia,61.09979,72.60349,39.2
Nazarovo,Russia,56.0104,90.4011,254.2
Nadym,Russia,65.53333,72.51667,19.7
Myski,Russia,53.709,87.8014,244.1
Minusinsk,Russia,53.71028,91.6875,251.0
Miass,Russia,55.045,60.10833,342.4
Mezhdurechensk,Russia,53.69417,88.06028,243.3
Megion,Russia,61.0296,76.1136,46.8
Mayma,Russia,52.01577,85.90963,254.6
Mariinsk,Russia,56.21389,87.74722,134.7
Linëvo,Russia,54.4589,83.3764,212.6
Lesosibirsk,Russia,58.23583,92.48278,78.4
Leninsk-Kuznetsky,Russia,54.6567,86.1737,224.3
Labytnangi,Russia,66.65722,66.41833,7.5
Kyzyl,Russia,51.71472,94.45338,624.9
Kyshtym,Russia,55.714,60.5528,256.6
Kuybyshev,Russia,55.44753,78.32181,114.0
Kurtamysh,Russia,54.91028,64.43194,106.5
Kurgan,Russia,55.45,65.33333,79.2
Kupino,Russia,54.36635,77.29805,118.7
Kulunda,Russia,52.566,78.9385,136.3
Krasnoyarsk,Russia,56.01839,92.86717,144.1
Krasnoural’sk,Russia,58.3638,60.0407,220.0
Krasnotur’insk,Russia,59.7666,60.2086,213.0
Krasnoobsk,Russia,54.9198,82.9909,117.1
Korkino,Russia,54.8913,61.3969,241.9
Kopeysk,Russia,55.11722,61.62823,204.9
Yugorsk,Russia,61.31226,63.33067,111.9
Kolpashevo,Russia,58.31306,82.90889,68.8
Kodinsk,Russia,58.68806,99.18444,165.7
Kochenëvo,Russia,55.0218,82.202,158.5
Kiselëvsk,Russia,53.99,86.6621,342.4
Kirovgrad,Russia,57.42972,60.05972,291.1
Khanty-Mansiysk,Russia,61.00417,69.00194,34.5
Kemerovo,Russia,55.33333,86.08333,138.4
Kedrovka,Russia,55.53333,86.05,185.0
Kayyerkan,Russia,69.37861,87.74389,70.3
Kataysk,Russia,56.289,62.5841,112.1
Kasli,Russia,55.8909,60.7616,231.2
Kartaly,Russia,53.05285,60.64903,300.4
Karpinsk,Russia,59.7703,59.9964,220.8
Karasuk,Russia,53.73772,78.04026,115.5
Karabash,Russia,55.4808,60.2157,347.2
Kansk,Russia,56.20167,95.7175,207.0
Kamyshlov,Russia,56.84278,62.71111,94.0
Kamensk-Ural’skiy,Russia,56.4185,61.9329,173.3
Kamen’-na-Obi,Russia,53.7884,81.3423,124.8
Kaltan,Russia,53.5347,87.2457,213.6
Kalachinsk,Russia,55.05286,74.57511,102.8
Ivdel’,Russia,60.69111,60.42056,89.8
Iskitim,Russia,54.6366,83.3045,118.9
Ishim,Russia,56.11281,69.49015,83.7
Irbit,Russia,57.67052,63.071,73.1
Ilanskiy,Russia,56.2325,96.0652,285.0
Gur’yevsk,Russia,54.28333,85.93333,229.2
Gornyak,Russia,50.99417,81.46611,274.6
Gorno-Altaysk,Russia,51.96056,85.91892,285.1
Dudinka,Russia,69.40583,86.17778,25.2
Divnogorsk,Russia,55.9581,92.3726,244.6
Degtyarsk,Russia,56.704,60.0879,348.8
Chunskiy,Russia,56.0815,99.6342,280.3
Chernogorsk,Russia,53.82361,91.28417,281.6
Cherepanovo,Russia,54.2222,83.381,280.6
Chelyabinsk,Russia,55.15402,61.42915,219.5
Chebarkul’,Russia,54.9749,60.3633,331.4
Borovskiy,Russia,57.04096,65.72018,55.7
Borodino,Russia,55.9061,94.9079,340.7
Bolotnoye,Russia,55.67167,84.39806,203.1
Bogotol,Russia,56.20778,89.53417,301.9
Bogdanovich,Russia,56.78028,62.04944,165.3
Biysk,Russia,52.53639,85.20722,173.9
Beryozovsky,Russia,56.9083,60.8019,255.9
Berëzovskiy,Russia,55.6,86.2,228.3
Berëzovka,Russia,56.03044,93.11164,147.8
Berdsk,Russia,54.7551,83.0967,143.4
Beloyarskiy,Russia,63.71194,66.67222,22.1
Belovo,Russia,54.4165,86.2976,206.8
Barnaul,Russia,53.36056,83.76361,190.8
Barabinsk,Russia,55.35709,78.35697,122.2
Asino,Russia,56.99987,86.14393,107.2
Asbest,Russia,57.00993,61.45776,216.4
Artëmovskiy,Russia,57.3555,61.86865,176.6
Aramil,Russia,56.6977,60.8369,214.1
Anzhero-Sudzhensk,Russia,56.081,86.0285,206.1
Aleysk,Russia,52.4926,82.7822,178.3
Alapayevsk,Russia,57.85158,61.69627,134.2
Akademgorodok,Russia,54.8523,83.106,154.0
Achinsk,Russia,56.2694,90.4993,210.2
Abaza,Russia,52.655,90.09278,455.1
Abakan,Russia,53.71556,91.42917,249.9
Snezhinsk,Russia,56.085,60.73139,276.3
Ozersk,Russia,55.75556,60.70278,247.5
Zheleznogorsk,Russia,56.25111,93.53194,146.4
Novoural’sk,Russia,57.24389,60.08389,292.9
Seversk,Russia,56.60056,84.88639,94.9
Gubkinskiy,Russia,64.434,76.50261,51.9
Raduzhny,Russia,62.09611,77.475,69.9
Muravlenko,Russia,63.78977,74.52301,118.7
Lyantor,Russia,61.61945,72.15546,42.8
Zima,Russia,53.9202,102.0442,457.2
Zheleznogorsk-Ilimskiy,Russia,56.5768,104.1217,447.4
Zeya,Russia,53.73601,127.257,227.4
Yakutsk,Russia,62.03389,129.73306,94.5
Vyazemskiy,Russia,47.53757,134.75556,75.2
Vrangel’,Russia,42.73021,133.08322,7.5
Vladivostok,Russia,43.10562,131.87353,33.6
Vikhorevka,Russia,56.12128,101.17767,373.3
Ust’-Kut,Russia,56.7938,105.7672,311.4
Ust’-Ilimsk,Russia,58.00056,102.66194,275.2
Ussuriysk,Russia,43.80291,131.94578,24.9
Usol’ye-Sibirskoye,Russia,52.75194,103.64528,433.8
Ulan-Ude,Russia,51.82721,107.60627,529.1
Udachny,Russia,66.42989,112.4021,309.4
Tynda,Russia,55.156,124.72479,547.1
Tulun,Russia,54.56358,100.58143,471.1
Trudovoye,Russia,43.29823,132.06877,27.7
Fokino,Russia,42.97429,132.40574,18.6
Svobodnyy,Russia,51.37525,128.14097,180.7
Spassk-Dal’niy,Russia,44.59884,132.82593,105.9
Slyudyanka,Russia,51.65944,103.70611,478.4
Shimanovsk,Russia,52.00575,127.67756,267.9
Shelekhov,Russia,52.21389,104.1,461.3
Severobaykal’sk,Russia,55.63695,109.32297,520.5
Raychikhinsk,Russia,49.78998,129.40992,194.1
Petrovsk-Zabaykal’skiy,Russia,51.2753,108.84301,781.2
Partizansk,Russia,43.12165,133.12347,159.9
Neryungri,Russia,56.66637,124.63825,749.8
Nerchinsk,Russia,51.98333,116.58333,492.7
Nakhodka,Russia,42.81384,132.87348,43.6
Mirny,Russia,62.53528,113.96111,345.8
Luchegorsk,Russia,46.47656,134.19532,77.1
Lesozavodsk,Russia,45.47885,133.42825,68.1
Lensk,Russia,60.72528,114.92778,166.8
Kyakhta,Russia,50.35737,106.45033,761.4
Krasnokamensk,Russia,50.0979,118.0369,641.3
Komsomolsk-on-Amur,Russia,50.55034,137.00995,37.3
Khabarovsk,Russia,48.48271,135.08379,71.2
Kavalerovo,Russia,44.27221,135.05227,207.2
Irkutsk,Russia,52.29778,104.29639,430.6
Gusinoozyorsk,Russia,51.28333,106.5,551.8
Dal’nerechensk,Russia,45.93149,133.73906,60.2
Chita,Russia,52.03171,113.50087,671.6
Cheremkhovo,Russia,53.15611,103.0675,574.6
Borzya,Russia,50.38333,116.51667,688.5
Bol’shoy Kamen’,Russia,43.11283,132.354,46.8
Bodaybo,Russia,57.85056,114.19333,300.3
Blagoveshchensk,Russia,50.27961,127.5405,131.5
Birobidzhan,Russia,48.79284,132.92386,85.4
Bikin,Russia,46.81293,134.25012,56.4
Belogorsk,Russia,50.91644,128.47726,167.7
Baykal’sk,Russia,51.5151,104.1402,491.8
Aykhal,Russia,65.93381,111.4834,481.2
Artëm,Russia,43.3595,132.18887,46.8
Arsen’yev,Russia,44.15254,133.27791,180.7
Angarsk,Russia,52.53667,103.88639,431.1
Amursk,Russia,50.23685,136.88136,43.7
Aldan,Russia,58.61021,125.39613,653.3
Dal'negorsk,Russia,44.56039,135.57009,204.3
Bratsk,Russia,56.1325,101.61417,442.9
Sayansk,Russia,54.1088,102.1648,545.9
Khabarovsk Vtoroy,Russia,48.43776,135.13329,58.4
Markova,Russia,52.20889,104.21083,454.6
Vilyuchinsk,Russia,52.9311,158.40469,16.3
Yuzhno-Sakhalinsk,Russia,46.95407,142.73603,43.4
Yelizovo,Russia,53.18909,158.38135,24.9
Vanino,Russia,49.09848,140.25313,77.5
Sovetskaya Gavan’,Russia,48.97215,140.28919,52.8
Poronaysk,Russia,49.22188,143.09694,9.6
Petropavlovsk-Kamchatsky,Russia,53.04444,158.65076,143.7
Okha,Russia,53.58991,142.95313,20.3
Nikolayevsk-on-Amure,Russia,53.14657,140.72287,36.9
Nevel’sk,Russia,46.67902,141.85629,4.4
Magadan,Russia,59.5638,150.80347,63.9
Korsakov,Russia,46.6342,142.77722,62.8
Kholmsk,Russia,47.04737,142.05048,46.0
Baltiysk,Russia,54.65455,19.90929,14.9
Isakogorka,Russia,64.446,40.6531,19.5
Krasnoznamensk,Russia,55.59944,37.03861,200.1
Chertanovo Yuzhnoye,Russia,55.59072,37.59519,193.5
Zagor’ye,Russia,55.57657,37.66709,165.9
Orekhovo-Borisovo,Russia,55.61252,37.72639,175.5
Metrogorodok,Russia,55.80961,37.78739,165.2
Kogalym,Russia,62.26537,74.47906,70.8
Pyt-Yakh,Russia,60.74985,72.85824,55.2
Langepas,Russia,61.25439,75.2124,45.7
Lesnoy,Russia,57.6198,63.0784,122.5
Zarya,Russia,55.75533,38.09578,148.8
Raduzhnyy,Russia,56.0038,40.33905,162.0
Nizhnesortymskiy,Russia,62.43965,71.76029,79.5
Pokachi,Russia,61.71982,75.36827,56.0
Izluchinsk,Russia,60.97944,76.92421,43.7
Kurortnyy,Russia,60.16562,29.908,18.5
Chernaya Rechka,Russia,59.98594,30.30338,3.3
Untolovo,Russia,60.0122,30.20897,4.1
Petrogradka,Russia,59.96567,30.31154,8.8
Vasyl'evsky Ostrov,Russia,59.94091,30.25377,6.1
Parnas,Russia,60.06964,30.3487,27.2
Kalininskiy,Russia,59.99675,30.3899,24.0
Krasnogvargeisky,Russia,59.97305,30.47607,14.0
Admiralteisky,Russia,59.90839,30.28484,10.5
Krestovskiy ostrov,Russia,59.97091,30.25789,3.1
Akademicheskoe,Russia,60.01375,30.39471,25.4
Finlyandskiy,Russia,59.96824,30.36415,6.3
Centralniy,Russia,59.93111,30.36072,11.7
Svetlanovskiy,Russia,60.00276,30.33051,26.6
Sampsonievskiy,Russia,59.98499,30.34295,8.0
Vostochnoe Degunino,Russia,55.8801,37.55758,172.1
Rwamagana,Rwanda,-1.9487,30.4347,1535.2
Musanze,Rwanda,-1.49984,29.63497,1846.9
Nzega,Rwanda,-2.479,29.5564,1994.1
Kigali,Rwanda,-1.94995,30.05885,1540.7
Kibuye,Rwanda,-2.06028,29.34778,1478.9
Kibungo,Rwanda,-2.1597,30.5427,1616.9
Gitarama,Rwanda,-2.07444,29.75667,1825.2
Cyangugu,Rwanda,-2.4846,28.9075,1574.2
Gisenyi,Rwanda,-1.70278,29.25639,1455.3
Byumba,Rwanda,-1.5763,30.0675,2261.0
Butare,Rwanda,-2.59667,29.73944,1764.7
Yanbu‘ al Baḩr,Saudi Arabia,24.08912,38.06374,6.7
Umm Lajj,Saudi Arabia,25.02126,37.2685,5.4
Ţurayf,Saudi Arabia,31.67252,38.66374,825.6
Turabah,Saudi Arabia,21.21406,41.6331,1164.3
Tārūt,Saudi Arabia,26.57332,50.03694,7.2
Tabuk,Saudi Arabia,28.3998,36.57151,768.4
Ţubarjal,Saudi Arabia,30.49987,38.21603,542.8
Sulţānah,Saudi Arabia,24.49258,39.58572,601.8
Sayhāt,Saudi Arabia,26.48522,50.04046,7.6
Şāmitah,Saudi Arabia,16.59601,42.94435,60.9
Sakākā,Saudi Arabia,29.96974,40.20641,554.7
Şafwá,Saudi Arabia,26.64986,49.95223,16.4
Şabyā,Saudi Arabia,17.1495,42.62537,34.9
Raḩīmah,Saudi Arabia,26.70791,50.06194,4.7
Rābigh,Saudi Arabia,22.79856,39.03493,9.4
Qal‘at Bīshah,Saudi Arabia,20.00054,42.6052,1167.6
Najrān,Saudi Arabia,17.49326,44.12766,1305.7
Mecca,Saudi Arabia,21.42664,39.82563,295.0
Khamis Mushait,Saudi Arabia,18.3,42.73333,1992.1
Jizan,Saudi Arabia,16.88917,42.55111,18.4
Jeddah,Saudi Arabia,21.54238,39.19797,23.7
Hayil,Saudi Arabia,27.52188,41.69073,1000.7
Duba,Saudi Arabia,27.35134,35.69014,11.8
Buraydah,Saudi Arabia,26.32599,43.97497,606.6
Abqaiq,Saudi Arabia,25.9371,49.67761,96.8
Badr Ḩunayn,Saudi Arabia,23.78292,38.79047,116.8
Az Zulfi,Saudi Arabia,26.29945,44.81542,617.0
Dhahran,Saudi Arabia,26.28864,50.11396,41.5
Aţ Ţaraf,Saudi Arabia,25.36276,49.72504,132.1
Ta’if,Saudi Arabia,21.27028,40.41583,1673.4
As Sulayyil,Saudi Arabia,20.46067,45.57792,602.5
Riyadh,Saudi Arabia,24.68773,46.72185,611.6
Ar Rass,Saudi Arabia,25.86944,43.4973,690.3
‘Ar‘ar,Saudi Arabia,30.97531,41.03808,549.3
An Nimāş,Saudi Arabia,19.14547,42.12009,2385.3
Al Qurayyāt,Saudi Arabia,31.33176,37.34282,502.3
Al Wajh,Saudi Arabia,26.24551,36.45249,20.9
Al ‘Ulá,Saudi Arabia,26.60853,37.92316,689.7
Al Qayşūmah,Saudi Arabia,28.31117,46.12729,361.2
Al Qaţīf,Saudi Arabia,26.5208,50.02452,8.4
Al Munayzilah,Saudi Arabia,25.38333,49.66667,148.3
Al Mubarraz,Saudi Arabia,25.41,49.58083,155.9
Al Mithnab,Saudi Arabia,25.86012,44.22228,630.9
Medina,Saudi Arabia,24.46861,39.61417,602.4
Khobar,Saudi Arabia,26.27944,50.20833,9.8
Al Khafjī,Saudi Arabia,28.43905,48.49132,4.1
Al Jumūm,Saudi Arabia,21.61694,39.69806,202.3
Al Jubayl,Saudi Arabia,27.01122,49.65825,4.7
Al Hufūf,Saudi Arabia,25.36457,49.56532,152.8
Al Bukayrīyah,Saudi Arabia,26.14422,43.65933,661.4
Al Baţţālīyah,Saudi Arabia,25.43333,49.63333,141.9
Al Bāḩah,Saudi Arabia,20.01288,41.46767,2174.3
‘Afīf,Saudi Arabia,23.9065,42.91724,1041.6
Ad Dilam,Saudi Arabia,23.99104,47.16181,451.4
Ad Dawādimī,Saudi Arabia,24.50772,44.39237,972.7
Dammam,Saudi Arabia,26.43442,50.10326,5.5
Abū ‘Arīsh,Saudi Arabia,16.96887,42.83251,65.8
Abha,Saudi Arabia,18.21639,42.50528,2237.3
Ash Shafā,Saudi Arabia,21.0721,40.31185,2242.8
Unaizah,Saudi Arabia,26.08427,43.99355,666.7
Honiara,Solomon Islands,-9.43333,159.95,46.2
Victoria,Seychelles,-4.61667,55.45,57.2
Zalingei,Sudan,12.9096,23.47406,890.0
Wad Medani,Sudan,14.40118,33.51989,408.9
Umm Ruwaba,Sudan,12.9061,31.2158,451.9
Omdurman,Sudan,15.64453,32.47773,388.3
Tokār,Sudan,18.4254,37.729,20.0
Tandaltī,Sudan,13.01667,31.86667,419.4
Singa,Sudan,13.15,33.93333,434.8
Shendi,Sudan,16.6915,33.4341,364.3
Sawākin,Sudan,19.1059,37.3321,2.1
Sinnar,Sudan,13.56907,33.56718,425.1
Rabak,Sudan,13.18087,32.73999,394.2
Maiurno,Sudan,13.41667,33.66667,422.0
Kosti,Sudan,13.1629,32.66347,385.9
Kuraymah,Sudan,18.55,31.85,252.3
Kināna,Sudan,14.0361,33.1712,439.0
Kassala,Sudan,15.45099,36.39998,507.9
Kadugli,Sudan,11.01667,29.71667,504.6
Doka,Sudan,13.51667,35.76667,638.3
Dilling,Sudan,12.05,29.65,685.0
Port Sudan,Sudan,19.61745,37.21644,7.1
Berber,Sudan,18.02158,33.98299,345.2
Bārah,Sudan,13.7,30.36667,476.1
Atbara,Sudan,17.70217,33.98638,355.3
As Sūkī,Sudan,13.31667,33.88333,428.3
Ar Ruseris,Sudan,11.8659,34.3869,467.7
Ar Rahad,Sudan,12.71667,30.65,500.1
An Nuhūd,Sudan,12.7,28.43333,569.8
El Obeid,Sudan,13.18421,30.21669,571.2
Al Qiţena,Sudan,14.8648,32.3668,383.8
Al Qadarif,Sudan,14.03493,35.38344,602.9
Al Mijlad,Sudan,11.03333,27.73333,430.2
Al Manāqil,Sudan,14.2459,32.9891,412.2
Khartoum,Sudan,15.55177,32.53241,383.9
Geneina,Sudan,13.45262,22.44725,796.2
Al Hilāliyya,Sudan,14.9398,33.234,397.9
Al Ḩawātah,Sudan,13.41667,34.63333,443.3
Al Hasaheisa,Sudan,14.75264,33.29836,399.0
El Fasher,Sudan,13.62793,25.34936,745.1
El Bauga,Sudan,18.26197,33.90812,345.6
Ad Douiem,Sudan,14.0012,32.3116,383.1
El Daein,Sudan,11.46186,26.12583,475.3
Ad Dindar,Sudan,13.2,34.16667,433.2
Ed Damer,Sudan,17.59278,33.95917,355.1
Ad-Damazin,Sudan,11.7891,34.3592,483.0
Abū Zabad,Sudan,12.35,29.25,555.6
Abu Jibeha,Sudan,11.4562,31.2285,562.0
Umeå,Sweden,63.82842,20.25972,14.6
Skellefteå,Sweden,64.75067,20.95279,22.2
Piteå,Sweden,65.31717,21.47944,11.1
Luleå,Sweden,65.58415,22.15465,13.0
Kiruna,Sweden,67.85572,20.22513,543.6
Boden,Sweden,65.82518,21.68864,17.3
Ystad,Sweden,55.42966,13.82041,10.0
Visby,Sweden,57.64089,18.29602,20.1
Växjö,Sweden,56.87767,14.80906,168.0
Västervik,Sweden,57.7584,16.63733,8.8
Västerås,Sweden,59.61617,16.55276,7.9
Värnamo,Sweden,57.18604,14.04001,151.5
Varberg,Sweden,57.10557,12.25078,10.7
Vänersborg,Sweden,58.38075,12.3234,53.6
Vallentuna,Sweden,59.53436,18.07758,15.2
Uppsala,Sweden,59.85882,17.63889,13.2
Upplands Väsby,Sweden,59.51839,17.91128,15.7
Uddevalla,Sweden,58.34784,11.9424,14.3
Tumba,Sweden,59.19858,17.83317,22.1
Tullinge,Sweden,59.2,17.9,53.2
Trollhättan,Sweden,58.28365,12.28864,45.1
Trelleborg,Sweden,55.37514,13.15691,6.5
Täby,Sweden,59.4439,18.06872,11.0
Sundsvall,Sweden,62.39129,17.3063,7.6
Sundbyberg,Sweden,59.36128,17.97114,12.9
Stockholm,Sweden,59.33258,18.0649,13.6
Solna,Sweden,59.36004,18.00086,17.7
Sollentuna,Sweden,59.42804,17.95093,34.2
Södertälje,Sweden,59.19554,17.62525,22.3
Skövde,Sweden,58.39118,13.84506,148.3
Skara,Sweden,58.38659,13.43836,116.1
Sandviken,Sweden,60.61667,16.76667,73.1
Råsunda,Sweden,59.36588,17.99569,21.0
Partille,Sweden,57.7395,12.10642,8.8
Östersund,Sweden,63.1792,14.63566,307.9
Östermalm,Sweden,59.33879,18.08487,26.5
Oskarshamn,Sweden,57.26455,16.44837,19.1
Örnsköldsvik,Sweden,63.29091,18.71525,22.1
Örebro,Sweden,59.27412,15.2066,27.5
Nyköping,Sweden,58.753,17.00788,15.6
Norrtälje,Sweden,59.75799,18.70496,10.1
Norrköping,Sweden,58.59419,16.1826,8.6
Nässjö,Sweden,57.65307,14.69676,299.1
Nacka,Sweden,59.31053,18.16372,59.3
Motala,Sweden,58.53706,15.03649,105.8
Mölndal,Sweden,57.6554,12.01378,10.4
Märsta,Sweden,59.62157,17.85476,17.1
Malmö,Sweden,55.60587,13.00073,7.5
Lund,Sweden,55.70584,13.19321,58.4
Linköping,Sweden,58.41086,15.62157,55.4
Lidköping,Sweden,58.50517,13.15765,50.7
Lidingö,Sweden,59.36667,18.13333,24.8
Lerum,Sweden,57.77051,12.26904,22.9
Landskrona,Sweden,55.8708,12.83016,3.3
Kungsbacka,Sweden,57.48719,12.07612,2.8
Kungälv,Sweden,57.87096,11.98054,9.3
Kristinehamn,Sweden,59.30978,14.10808,51.8
Kristianstad,Sweden,56.03129,14.15242,6.9
Köping,Sweden,59.51404,15.99255,8.2
Katrineholm,Sweden,58.99587,16.20721,52.0
Karlstad,Sweden,59.3793,13.50357,54.9
Karlskrona,Sweden,56.16156,15.58661,13.0
Karlskoga,Sweden,59.32667,14.52386,113.1
Karlshamn,Sweden,56.1706,14.86188,7.8
Kalmar,Sweden,56.66157,16.36163,2.3
Jönköping,Sweden,57.78145,14.15618,96.6
Jakobsberg,Sweden,59.42268,17.83508,19.5
Huskvarna,Sweden,57.78596,14.30214,213.0
Huddinge,Sweden,59.23705,17.98192,28.3
Helsingborg,Sweden,56.04673,12.69437,9.9
Hässleholm,Sweden,56.15905,13.76638,56.0
Härnösand,Sweden,62.63228,17.93794,5.1
Haninge,Sweden,59.16775,18.14478,62.5
Halmstad,Sweden,56.67446,12.85676,8.2
Göteborg,Sweden,57.70716,11.96679,2.1
Gävle,Sweden,60.67452,17.14174,9.0
Gamla Uppsala,Sweden,59.89817,17.63386,28.4
Falun,Sweden,60.60357,15.62597,117.5
Falköping,Sweden,58.17347,13.55068,213.3
Falkenberg,Sweden,56.90552,12.49118,12.3
Eslöv,Sweden,55.83928,13.30393,65.6
Eskilstuna,Sweden,59.36661,16.5077,23.4
Enköping,Sweden,59.63607,17.07768,8.9
Bromma,Sweden,59.34,17.94,7.5
Borlänge,Sweden,60.4858,15.43714,138.4
Borås,Sweden,57.72101,12.9401,137.4
Boo,Sweden,59.33333,18.28333,20.2
Årsta,Sweden,59.2978,18.0514,35.9
Ängelholm,Sweden,56.2428,12.86219,10.9
Alingsås,Sweden,57.93033,12.53345,67.2
Åkersberga,Sweden,59.47944,18.29967,4.4
Majorna,Sweden,57.69195,11.91605,6.6
Singapore,Singapore,1.28967,103.85007,7.7
Jamestown,Saint Helena,-15.93872,-5.71675,434.6
Trbovlje,Slovenia,46.155,15.05333,280.4
Velenje,Slovenia,46.35917,15.11028,391.7
Ptuj,Slovenia,46.42005,15.87018,232.1
Novo Mesto,Slovenia,45.80397,15.16886,188.3
Maribor,Slovenia,46.55472,15.64667,272.9
Ljubljana,Slovenia,46.05108,14.50513,292.7
Kranj,Slovenia,46.23887,14.35561,386.0
Koper,Slovenia,45.54694,13.72944,14.4
Celje,Slovenia,46.23092,15.26044,240.3
Longyearbyen,Svalbard and Jan Mayen,78.22334,15.64689,7.5
Vranov nad Topľou,Slovakia,48.88836,21.68479,131.1
Trebišov,Slovakia,48.62858,21.71954,108.2
Stará Ľubovňa,Slovakia,49.29859,20.6862,553.1
Spišská Nová Ves,Slovakia,48.94464,20.56153,459.7
Snina,Slovakia,48.98857,22.15099,216.6
Rožňava,Slovakia,48.66009,20.53758,319.6
Rimavská Sobota,Slovakia,48.38284,20.02239,209.8
Prešov,Slovakia,48.99839,21.23393,249.7
Poprad,Slovakia,49.06144,20.29798,671.2
Michalovce,Slovakia,48.75434,21.9195,111.5
Košice,Slovakia,48.71395,21.25808,208.3
Kežmarok,Slovakia,49.13571,20.43352,617.1
Humenné,Slovakia,48.93707,21.91625,153.2
Bardejov,Slovakia,49.29175,21.27271,282.6
Zvolen,Slovakia,48.57442,19.15324,303.2
Zlaté Moravce,Slovakia,48.38553,18.40063,199.1
Žilina,Slovakia,49.22315,18.73941,348.4
Žiar nad Hronom,Slovakia,48.59184,18.84958,280.3
Trnava,Slovakia,48.37741,17.58723,152.4
Trenčín,Slovakia,48.89452,18.04436,285.0
Skalica,Slovakia,48.8449,17.22635,179.5
Senica,Slovakia,48.67922,17.36697,206.4
Sellye,Slovakia,48.15127,17.88062,115.5
Ružomberok,Slovakia,49.0748,19.30751,482.2
Púchov,Slovakia,49.12494,18.32597,268.6
Prievidza,Slovakia,48.77446,18.6275,292.3
Považská Bystrica,Slovakia,49.12153,18.42169,282.3
Piešťany,Slovakia,48.59479,17.82591,165.2
Pezinok,Slovakia,48.28986,17.26664,162.2
Partizánske,Slovakia,48.62861,18.38455,193.3
Nové Zámky,Slovakia,47.98544,18.16195,120.7
Nové Mesto nad Váhom,Slovakia,48.75763,17.8309,194.7
Nitra,Slovakia,48.30763,18.08453,145.5
Martin,Slovakia,49.06651,18.92399,401.2
Malacky,Slovakia,48.43604,17.02188,165.2
Lučenec,Slovakia,48.33249,19.66708,188.7
Liptovský Mikuláš,Slovakia,49.08061,19.62218,579.8
Levice,Slovakia,48.21563,18.60705,162.0
Kysucké Nové Mesto,Slovakia,49.3,18.78333,353.5
Komárno,Slovakia,47.76356,18.12263,115.1
Hlohovec,Slovakia,48.43174,17.8031,147.3
Handlová,Slovakia,48.7276,18.76012,425.9
Galanta,Slovakia,48.19001,17.72747,121.4
Dunajská Streda,Slovakia,47.99268,17.61211,119.7
Dubnica nad Váhom,Slovakia,48.95981,18.16634,248.4
Dolný Kubín,Slovakia,49.20983,19.30341,516.2
Detva,Slovakia,48.56082,19.41954,415.8
Čadca,Slovakia,49.43503,18.78895,434.2
Brezno,Slovakia,48.80431,19.63631,494.1
Bratislava,Slovakia,48.14816,17.10674,155.9
Banská Bystrica,Slovakia,48.73946,19.15349,356.2
Bánovce nad Bebravou,Slovakia,48.7213,18.25754,220.6
Waterloo,Sierra Leone,8.3389,-13.07091,19.1
Segbwema,Sierra Leone,7.99471,-10.9502,177.9
Port Loko,Sierra Leone,8.76609,-12.78696,47.3
Makeni,Sierra Leone,8.88605,-12.04417,89.6
Lunsar,Sierra Leone,8.68439,-12.53499,58.4
Koidu,Sierra Leone,8.64387,-10.9714,376.9
Kenema,Sierra Leone,7.87687,-11.19025,175.3
Kabala,Sierra Leone,9.58893,-11.55256,428.3
Freetown,Sierra Leone,8.484,-13.22994,47.0
Bo,Sierra Leone,7.96472,-11.73833,99.8
San Marino,San Marino,43.93667,12.44639,684.7
Ziguinchor,Senegal,12.58333,-16.27194,6.5
Vélingara,Senegal,13.15,-14.11667,47.8
Touba,Senegal,14.85,-15.88333,45.3
Tiébo,Senegal,14.63333,-16.23333,13.8
Thiès Nones,Senegal,14.78333,-16.96667,83.4
Tambacounda,Senegal,13.77073,-13.66734,28.9
Sédhiou,Senegal,12.70806,-15.55694,17.9
Saint-Louis,Senegal,16.01793,-16.48962,5.0
Richard-Toll,Senegal,16.4625,-15.70083,3.2
Pout,Senegal,14.77099,-17.06107,22.7
Pourham,Senegal,14.35,-16.41667,3.2
Pikine,Senegal,14.76457,-17.39071,18.3
Nioro du Rip,Senegal,13.75,-15.8,16.6
Nguékhokh,Senegal,14.51255,-17.00447,10.8
Ndibène Dahra,Senegal,15.3338,-15.4766,38.0
Mékhé,Senegal,15.1097,-16.6218,40.0
Mbaké,Senegal,14.79032,-15.90803,41.6
Matam,Senegal,15.65587,-13.25544,17.8
Louga,Senegal,15.61867,-16.22436,38.0
Kolda,Senegal,12.88333,-14.95,5.1
Kédougou,Senegal,12.5579,-12.1743,111.6
Kayar,Senegal,14.91893,-17.11978,6.6
Kaolack,Senegal,14.1825,-16.25333,1.7
Kaffrine,Senegal,14.10594,-15.5508,12.4
Joal-Fadiout,Senegal,14.16667,-16.83333,1.3
Guinguinéo,Senegal,14.26667,-15.95,19.4
Dara,Senegal,15.34844,-15.47993,38.0
Dakar,Senegal,14.6937,-17.44406,10.2
Bignona,Senegal,12.81028,-16.22639,21.6
Wanlaweyn,Somalia,2.6185,44.8938,91.4
Qoryooley,Somalia,1.78784,44.52999,67.5
Qandala,Somalia,11.47197,49.87282,7.0
Mogadishu,Somalia,2.03711,45.34375,14.6
Marka,Somalia,1.71594,44.77166,13.3
Luuq,Somalia,3.80315,42.54417,151.8
Kismayo,Somalia,-0.35817,42.54536,10.4
Jilib,Somalia,0.48829,42.78535,23.4
Jawhar,Somalia,2.78087,45.50048,105.4
Jamaame,Somalia,0.06968,42.74497,13.5
Hargeysa,Somalia,9.56,44.065,1257.9
Garoowe,Somalia,8.40207,48.48284,467.1
Gaalkacyo,Somalia,6.76972,47.43083,288.2
Eyl,Somalia,7.9803,49.8164,49.5
Ceerigaabo,Somalia,10.61616,47.36795,1783.8
Ceeldheer,Somalia,3.84878,47.18064,21.3
Buurhakaba,Somalia,2.80257,44.07805,241.8
Buulobarde,Somalia,3.85375,45.56744,147.7
Burao,Somalia,9.52213,45.53363,1040.7
Bosaso,Somalia,11.28421,49.18158,11.0
Berbera,Somalia,10.43959,45.01432,10.2
Beledweyne,Somalia,4.73583,45.20361,186.6
Baidoa,Somalia,3.11383,43.6498,443.9
Baardheere,Somalia,2.34464,42.27644,99.8
Afgooye,Somalia,2.1381,45.1212,86.6
Laascaanood,Somalia,8.47738,47.35971,692.9
Baki,Somalia,9.89206,43.38531,1477.7
Paramaribo,Suriname,5.86638,-55.16682,3.7
Lelydorp,Suriname,5.7,-55.23333,3.5
Yei,South Sudan,4.09504,30.67792,826.1
Yambio,South Sudan,4.57213,28.39549,647.3
Wau,South Sudan,7.70286,27.9953,439.3
Aweil,South Sudan,8.76816,27.40019,424.4
Torit,South Sudan,4.41177,32.57046,613.9
Tonj,South Sudan,7.27369,28.68223,436.7
Rumbek,South Sudan,6.80619,29.67742,427.8
Malakal,South Sudan,9.53342,31.66049,392.6
Juba,South Sudan,4.85165,31.58247,522.2
Gogrial,South Sudan,8.53324,28.10037,415.3
Pajok,South Sudan,3.86512,32.48212,822.7
Bor,South Sudan,6.20593,31.55633,426.2
São Tomé,Sao Tome and Principe,0.33654,6.72732,4.7
Zacatecoluca,El Salvador,13.5,-88.86667,162.9
Usulután,El Salvador,13.35,-88.45,101.2
Soyapango,El Salvador,13.71024,-89.13989,632.1
Sonzacate,El Salvador,13.73417,-89.71472,274.6
Sonsonate,El Salvador,13.71889,-89.72417,231.3
Sensuntepeque,El Salvador,13.86667,-88.63333,725.2
San Vicente,El Salvador,13.63333,-88.8,695.3
Santiago de María,El Salvador,13.48333,-88.46667,894.8
Santa Ana,El Salvador,13.99417,-89.55972,646.1
San Salvador,El Salvador,13.68935,-89.18718,646.5
San Rafael Oriente,El Salvador,13.38333,-88.35,203.9
San Miguel,El Salvador,13.48333,-88.18333,129.6
San Martín,El Salvador,13.78333,-88.91667,614.7
San Marcos,El Salvador,13.65889,-89.18306,740.3
San Francisco,El Salvador,13.7,-88.1,268.1
Quezaltepeque,El Salvador,13.83124,-89.27221,436.0
Puerto El Triunfo,El Salvador,13.28333,-88.55,12.5
Santa Tecla,El Salvador,13.67694,-89.27972,927.1
Metapán,El Salvador,14.33333,-89.45,473.0
Mejicanos,El Salvador,13.74028,-89.21306,717.9
La Unión,El Salvador,13.33694,-87.84389,14.7
La Libertad,El Salvador,13.48833,-89.32222,9.0
Izalco,El Salvador,13.74472,-89.67306,411.3
Ilopango,El Salvador,13.70167,-89.10944,620.4
Delgado,El Salvador,13.72417,-89.17028,629.9
Cuscatancingo,El Salvador,13.73611,-89.18139,663.4
Cojutepeque,El Salvador,13.71667,-88.93333,867.4
Chalchuapa,El Salvador,13.98667,-89.68111,707.1
Chalatenango,El Salvador,14.03333,-88.93333,382.8
Ayutuxtepeque,El Salvador,13.74556,-89.20639,666.6
Apopa,El Salvador,13.80722,-89.17917,430.4
Antiguo Cuscatlán,El Salvador,13.66492,-89.25319,888.3
Ahuachapán,El Salvador,13.92139,-89.845,795.0
Aguilares,El Salvador,13.95722,-89.18972,300.8
Acajutla,El Salvador,13.59278,-89.8275,25.6
Philipsburg,Sint Maarten,18.026,-63.04582,2.1
Yabrūd,Syria,33.96736,36.65741,1400.8
Ţayyibat al Imām,Syria,35.26592,36.71219,344.5
Tartouss,Syria,34.88902,35.88659,16.6
Tall Rif‘at,Syria,36.47229,37.09471,489.8
Tallkalakh,Syria,34.66842,36.25995,285.6
Tallbīsah,Syria,34.84063,36.73093,464.1
Ţafas,Syria,32.73564,36.06694,492.9
Tadmur,Syria,34.5624,38.28402,419.1
Tādif,Syria,36.34814,37.5309,440.7
Souran,Syria,35.29193,36.74848,355.1
Subaykhān,Syria,34.85305,40.59987,185.9
Ash Shaykh Miskīn,Syria,32.82944,36.15933,531.0
Sarāqib,Syria,35.86447,36.80591,365.0
Salqīn,Syria,36.13951,36.45413,398.5
As Salamīyah,Syria,35.01127,37.05324,464.4
Satita,Syria,34.81836,36.11376,390.1
Qaţanā,Syria,33.43646,36.07757,895.7
Jāsim,Syria,32.99233,36.06018,655.6
Qārah,Syria,34.1527,36.74152,1284.0
Nubl,Syria,36.37867,36.99294,412.0
Maşyāf,Syria,35.0653,36.3406,504.4
Manbij,Syria,36.52815,37.95495,469.2
Ma‘arratmişrīn,Syria,36.01152,36.67183,338.8
Khān Shaykhūn,Syria,35.44208,36.65095,378.3
Kafr Zaytā,Syria,35.37425,36.6033,317.1
Kafr Takhārīm,Syria,36.1168,36.51522,468.0
Kafr Nubl,Syria,35.61376,36.56449,643.3
Kafr Lāhā,Syria,34.89469,36.49582,377.0
Jisr ash Shughūr,Syria,35.81426,36.32062,161.6
Jayrūd,Syria,33.8074,36.74036,816.2
Jarābulus,Syria,36.8175,38.01111,349.1
Jablah,Syria,35.36211,35.92759,24.1
‘Irbīn,Syria,33.53719,36.36635,690.3
Inkhil,Syria,33.01797,36.12806,622.9
Idlib,Syria,35.93062,36.63393,441.8
Homs,Syria,34.72682,36.72339,514.9
Ḩarastā,Syria,33.55869,36.36515,712.9
Ḩamāh,Syria,35.13179,36.75783,271.4
Ḩalfāyā,Syria,35.26014,36.60581,301.6
Aleppo,Syria,36.20124,37.16117,402.0
Douma,Syria,33.57175,36.4027,663.6
Damascus,Syria,33.5102,36.29128,698.9
Dayr Ḩāfir,Syria,36.15694,37.70778,348.2
Deir ez-Zor,Syria,35.33588,40.14084,211.7
Ad Darbāsīyah,Syria,37.07279,40.65199,483.3
Dārayyā,Syria,33.45835,36.23256,702.7
Dar‘ā,Syria,32.61889,36.10213,479.9
Binnish,Syria,35.95664,36.7138,366.6
Bāniyās,Syria,35.18188,35.94871,32.4
Az Zabadānī,Syria,33.72488,36.1005,1179.8
I‘zāz,Syria,36.58662,37.04628,558.7
‘Ayn al ‘Arab,Syria,36.89095,38.35347,515.7
At Tall,Syria,33.61033,36.3107,1006.7
Ath Thawrah,Syria,35.83453,38.54659,340.9
As Suwaydā’,Syria,32.70896,36.56951,1071.0
Aş Şanamayn,Syria,33.07227,36.18382,643.9
As Safīrah,Syria,36.07696,37.37251,337.2
Ar Rastan,Syria,34.92653,36.73238,414.0
Ar Raqqah,Syria,35.95283,39.00788,260.8
An Nabk,Syria,34.02547,36.72837,1276.4
Al Quţayfah,Syria,33.73848,36.60071,934.6
Al Quşayr,Syria,34.50914,36.57975,545.7
Al Qunayţirah,Syria,33.12595,35.82461,942.0
Al Qaryatayn,Syria,34.22956,37.24066,746.6
Al Mayādīn,Syria,35.01982,40.45154,195.5
Latakia,Syria,35.53168,35.79011,25.8
Al Kiswah,Syria,33.3581,36.2419,725.0
Al Ḩasakah,Syria,36.50237,40.74772,306.5
Al Ḩarāk,Syria,32.74932,36.30994,635.2
Al Bāb,Syria,36.37051,37.5157,461.8
‘Afrīn,Syria,36.51194,36.86954,222.5
Ad Dānā,Syria,36.21252,36.76978,400.1
Ālbū Kamāl,Syria,34.45226,40.91854,181.3
Hajīn,Syria,34.69508,40.83138,178.9
Mbabane,Swaziland,-26.31667,31.13333,1199.1
Manzini,Swaziland,-26.49884,31.38004,597.5
Lobamba,Swaziland,-26.46667,31.2,681.6
Cockburn Town,Turks and Caicos Islands,21.46122,-71.14188,3.9
Fada,Chad,17.18535,21.58114,563.6
Am Timan,Chad,11.0297,20.2827,433.8
Abéché,Chad,13.82916,20.8324,542.9
Sagh,Chad,9.1429,18.3923,366.8
Pala,Chad,9.3642,14.9046,432.7
Oum Hadjer,Chad,13.2954,19.6966,392.5
N'Djamena,Chad,12.10672,15.0444,297.7
Moussoro,Chad,13.64143,16.48941,300.5
Moundou,Chad,8.56667,16.08333,401.4
Mongo,Chad,12.18441,18.69303,417.4
Mboursou Léré,Chad,9.7639,14.1539,285.7
Massakory,Chad,12.996,15.72927,286.3
Massaguet,Chad,12.47554,15.43647,290.0
Mao,Chad,14.12116,15.3103,337.6
Laï,Chad,9.3952,16.2989,358.0
Kyabé,Chad,9.45149,18.94493,386.4
Koumra,Chad,8.91256,17.55392,397.8
Kelo,Chad,9.30859,15.80658,376.1
Dourbali,Chad,11.80909,15.86323,319.3
Doba,Chad,8.65,16.85,380.1
Bongor,Chad,10.28056,15.37222,330.5
Bitkine,Chad,11.9801,18.2138,462.8
Benoy,Chad,8.98327,16.31991,416.0
Ati,Chad,13.2154,18.3353,333.5
Port-aux-Français,French Southern Territories,-49.35,70.21667,6.4
Vogan,Togo,6.33333,1.53333,31.0
Tsévié,Togo,6.42611,1.21333,94.0
Tchamba,Togo,9.03333,1.41667,355.3
Sotouboua,Togo,8.5634,0.98399,377.8
Sokodé,Togo,8.98333,1.13333,399.8
Notsé,Togo,6.95,1.16667,142.2
Niamtougou,Togo,9.76806,1.10528,462.6
Sansanné-Mango,Togo,10.35917,0.47083,143.3
Lomé,Togo,6.13748,1.21227,4.1
Kpalimé,Togo,6.9,0.63333,224.8
Kara,Togo,9.55111,1.18611,288.2
Dapaong,Togo,10.86225,0.20762,321.2
Bassar,Togo,9.25025,0.78213,388.7
Bafilo,Togo,9.35,1.26667,611.0
Badou,Togo,7.58333,0.6,266.6
Atakpamé,Togo,7.53333,1.13333,356.2
Aného,Togo,6.22798,1.5919,4.2
Ban Talat Yai,Thailand,7.88481,98.40008,4.4
Ban Talat Nua,Thailand,7.88489,98.38557,4.4
Sam Roi Yot,Thailand,12.27081,99.87203,12.9
Phetchaburi,Thailand,13.11189,99.94467,6.7
Trang,Thailand,7.55633,99.61141,23.8
Thung Song,Thailand,8.16453,99.68039,55.8
Thoen,Thailand,17.61289,99.21612,169.5
Thap Than,Thailand,15.46063,99.89166,42.1
Tha Muang,Thailand,13.96118,99.64122,26.1
Tha Maka,Thailand,13.9,99.76667,14.9
Tak,Thailand,16.86968,99.12898,111.3
Surat Thani,Thailand,9.14011,99.33311,6.0
Sukhothai,Thailand,17.00778,99.823,54.9
Si Satchanalai,Thailand,17.51692,99.75978,74.6
Sawankhalok,Thailand,17.31597,99.83186,65.5
San Pa Tong,Thailand,18.62828,98.89572,300.7
San Kamphaeng,Thailand,18.74486,99.11953,308.0
Ron Phibun,Thailand,8.17911,99.85425,29.3
Ratchaburi,Thailand,13.53671,99.81712,4.9
Ranong,Thailand,9.96583,98.63476,25.9
Pran Buri,Thailand,12.38487,99.90157,8.6
Prachuap Khiri Khan,Thailand,11.82098,99.7841,7.4
Phunphin,Thailand,9.11072,99.23208,5.7
Phuket,Thailand,7.89059,98.3981,19.0
Photharam,Thailand,13.69234,99.84969,10.0
Phayao,Thailand,19.19203,99.87883,405.3
Pa Sang,Thailand,18.52617,98.93936,294.0
Nakhon Si Thammarat,Thailand,8.43333,99.96667,4.1
Mae Sot,Thailand,16.71667,98.56667,210.3
Mae Sai,Thailand,20.43353,99.87617,446.8
Mae Ramat,Thailand,16.98403,98.51665,181.8
Mae Chan,Thailand,20.14675,99.85256,417.4
Lat Yao,Thailand,15.751,99.78925,57.5
Lang Suan,Thailand,9.94561,99.07847,10.0
Lamphun,Thailand,18.58054,99.00745,297.1
Lampang,Thailand,18.29232,99.49277,235.1
Kui Buri,Thailand,12.08283,99.85431,13.6
Krabi,Thailand,8.07257,98.91052,6.3
Khao Yoi,Thailand,13.24025,99.82428,12.5
Khanu Woralaksaburi,Thailand,16.0617,99.86058,48.1
Kathu,Thailand,7.91779,98.33322,33.2
Kanchanaburi,Thailand,14.00412,99.54832,27.4
Kamphaeng Phet,Thailand,16.48344,99.52153,80.8
Huai Yot,Thailand,7.78937,99.63469,53.1
Hua Hin,Thailand,12.57065,99.95876,8.8
Hang Dong,Thailand,18.68703,98.91939,312.5
Dok Kham Tai,Thailand,19.16242,99.99342,392.7
Damnoen Saduak,Thailand,13.51825,99.95469,5.3
Chumphon,Thailand,10.4957,99.17971,5.6
Chom Bueng,Thailand,13.62,99.59169,87.4
Chiang Rai,Thailand,19.90858,99.8325,399.5
Chiang Mai,Thailand,18.79038,98.98468,311.3
Cha-am,Thailand,12.8,99.96667,7.5
Bo Phloi,Thailand,14.32517,99.51467,92.1
Ban Tak,Thailand,17.04325,99.08128,145.7
Ko Samui,Thailand,9.53567,99.93567,6.8
Ban Pong,Thailand,13.81629,99.87739,13.9
Ban Na San,Thailand,8.80036,99.36372,37.5
Ban Na,Thailand,17.01717,99.73283,54.5
Bang Saphan,Thailand,11.21259,99.51167,2.9
Bang Phae,Thailand,13.69157,99.92982,8.8
Nong Kung Si,Thailand,16.65,103.3,182.9
Ban Nong Wua So,Thailand,17.2675,103.22472,179.7
Ban Mai,Thailand,7.20411,100.54508,4.3
Ban Huai Thalaeng,Thailand,14.98333,102.65,192.9
Ban Khlong Bang Sao Thong,Thailand,13.64172,100.83272,2.2
Na Klang,Thailand,17.3072,102.18886,249.4
Yasothon,Thailand,15.79408,104.1451,134.9
Yaring,Thailand,6.86617,101.36894,4.8
Yala,Thailand,6.53995,101.28128,25.5
Wiset Chaichan,Thailand,14.5945,100.33825,7.6
Wichian Buri,Thailand,15.65778,101.10603,72.6
Warin Chamrap,Thailand,15.19319,104.8628,135.3
Wang Saphung,Thailand,17.30097,101.7685,253.4
Wang Noi,Thailand,14.22689,100.7155,6.8
Wang Nam Yen,Thailand,13.50325,102.18115,109.0
Uttaradit,Thailand,17.62557,100.09421,64.6
Uthai Thani,Thailand,15.37939,100.0245,26.1
Udon Thani,Thailand,17.41567,102.78589,177.0
Ubon Ratchathani,Thailand,15.23844,104.84866,123.4
Trat,Thailand,12.24364,102.51514,5.6
Tha Yang,Thailand,12.95772,99.90555,9.8
Tha Ruea,Thailand,14.56739,100.72598,11.9
Thap Khlo,Thailand,16.16003,100.59656,48.8
Tha Mai,Thailand,12.62137,102.00481,2.7
Tha Bo,Thailand,17.85003,102.58139,179.6
Taphan Hin,Thailand,16.22095,100.41978,35.6
Tak Bai,Thailand,6.25947,102.05461,4.8
Surin,Thailand,14.88181,103.49364,147.6
Suphan Buri,Thailand,14.47418,100.12218,7.4
Su-ngai Kolok,Thailand,6.02977,101.96586,16.5
Songkhla,Thailand,7.19882,100.5951,5.9
Si Sa Ket,Thailand,15.11481,104.32938,132.8
Si Racha,Thailand,13.17372,100.93111,10.2
Sing Buri,Thailand,14.88786,100.40464,13.8
Seka,Thailand,17.92851,103.95519,156.0
Sawang Daen Din,Thailand,17.47531,103.45753,171.2
Satun,Thailand,6.62314,100.06676,6.1
Sattahip,Thailand,12.66644,100.90073,4.8
Saraburi,Thailand,14.53333,100.91667,18.0
Samut Songkhram,Thailand,13.41456,100.00264,5.4
Samut Sakhon,Thailand,13.54753,100.27362,4.1
Samut Prakan,Thailand,13.59934,100.59675,5.3
Sam Phran,Thailand,13.72698,100.21526,3.1
Sakon Nakhon,Thailand,17.16116,104.14725,165.7
Sa Kaeo,Thailand,13.81411,102.07222,40.0
Sadao,Thailand,6.63883,100.42342,50.5
Roi Et,Thailand,16.0567,103.65309,145.5
Rayong,Thailand,12.68095,101.25798,5.6
Ranot,Thailand,7.77768,100.32134,6.1
Ra-ngae,Thailand,6.29678,101.72844,22.4
Prakhon Chai,Thailand,14.60592,103.12081,165.1
Prachin Buri,Thailand,14.04992,101.36864,7.3
Phu Kradueng,Thailand,16.88425,101.88467,264.4
Phu Khiao,Thailand,16.3765,102.12853,214.8
Phra Pradaeng,Thailand,13.65855,100.53362,3.5
Phra Phutthabat,Thailand,14.72526,100.79536,47.9
Phra Nakhon Si Ayutthaya,Thailand,14.35167,100.57739,5.0
Phrae,Thailand,18.14589,100.14103,156.6
Phon Charoen,Thailand,18.03333,103.16667,165.3
Phitsanulok,Thailand,16.82481,100.25858,46.9
Phichit,Thailand,16.44184,100.34879,39.2
Phibun Mangsahan,Thailand,15.24467,105.22908,123.7
Phetchabun,Thailand,16.41904,101.16056,119.2
Phatthalung,Thailand,7.61786,100.07792,10.3
Phan Thong,Thailand,13.46804,101.09532,3.8
Phanom Sarakham,Thailand,13.74787,101.3553,14.1
Phanat Nikhom,Thailand,13.44581,101.18445,8.3
Phak Hai,Thailand,14.45736,100.36989,7.6
Pattani,Thailand,6.86814,101.25009,4.8
Pathum Thani,Thailand,14.01346,100.53049,3.0
Pak Phanang,Thailand,8.35109,100.20195,3.0
Pak Kret,Thailand,13.91301,100.49883,5.3
Pak Chong,Thailand,14.70802,101.41614,307.6
Mueang Nonthaburi,Thailand,13.86075,100.51477,2.5
Non Sung,Thailand,15.18014,102.25695,166.9
Nong Phai,Thailand,15.99025,101.06183,107.4
Nong Khai,Thailand,17.87847,102.742,167.1
Nong Khae,Thailand,14.34062,100.86733,6.7
Nong Bua Lamphu,Thailand,17.20406,102.44068,217.5
Narathiwat,Thailand,6.42639,101.82308,7.0
Nang Rong,Thailand,14.6377,102.79138,189.2
Nan,Thailand,18.78378,100.77899,201.8
Nam Som,Thailand,17.77036,102.18947,234.9
Nakhon Sawan,Thailand,15.70472,100.13717,31.9
Nakhon Ratchasima,Thailand,14.97066,102.10196,183.2
Nakhon Phanom,Thailand,17.41081,104.77856,150.8
Nakhon Pathom,Thailand,13.8196,100.04427,7.5
Nakhon Nayok,Thailand,14.20463,101.21295,10.1
Nakhon Luang,Thailand,14.46281,100.60832,7.5
Mukdahan,Thailand,16.54531,104.72351,144.0
Maha Sarakham,Thailand,16.18483,103.30067,153.6
Lop Buri,Thailand,14.79808,100.65397,22.0
Lom Sak,Thailand,16.77983,101.24225,144.8
Loei,Thailand,17.49052,101.72749,245.3
Laem Sing,Thailand,12.48164,102.07375,3.9
Kut Chap,Thailand,17.4257,102.56692,193.4
Kuchinarai,Thailand,16.541,104.05004,167.2
Bangkok,Thailand,13.75398,100.50144,8.9
Krathum Baen,Thailand,13.6533,100.25972,4.1
Klaeng,Thailand,12.77972,101.64831,10.0
Khon Kaen,Thailand,16.44671,102.833,166.7
Khon Buri,Thailand,14.52541,102.24591,216.6
Khlong Luang,Thailand,14.06467,100.64578,4.6
Khao Wong,Thailand,16.70008,104.09019,191.4
Kaset Wisai,Thailand,15.65558,103.58361,144.4
Kaset Sombun,Thailand,16.28053,101.95422,232.5
Kantharalak,Thailand,14.64056,104.64992,154.8
Kamalasai,Thailand,16.33839,103.57564,145.1
Kalasin,Thailand,16.43281,103.50658,147.9
Kaeng Khoi,Thailand,14.58617,100.99758,23.1
Kaeng Khro,Thailand,16.10864,102.25808,202.1
Kabin Buri,Thailand,13.95114,101.71769,20.1
Hat Yai,Thailand,7.00836,100.47668,8.7
Det Udom,Thailand,14.90598,105.07836,133.5
Den Chai,Thailand,17.98372,100.05217,157.8
Dan Khun Thot,Thailand,15.2085,101.77138,211.6
Chum Phae,Thailand,16.5443,102.09924,228.2
Chon Daen,Thailand,16.18953,100.85958,102.8
Chon Buri,Thailand,13.3622,100.98345,6.5
Chok Chai,Thailand,14.72844,102.16524,191.9
Chanthaburi,Thailand,12.60961,102.10447,5.6
Chaiyaphum,Thailand,15.81047,102.02881,184.2
Chai Nat,Thailand,15.18636,100.12353,21.6
Chai Badan,Thailand,15.2,101.13333,42.2
Chachoengsao,Thailand,13.6882,101.07156,4.7
Buriram,Thailand,14.99433,103.10392,158.2
Bua Yai,Thailand,15.58552,102.42587,172.4
Betong,Thailand,5.77434,101.07231,264.9
Ban Selaphum,Thailand,16.01667,103.95,132.2
Ban Rangsit,Thailand,14.02775,100.75603,3.5
Phatthaya,Thailand,12.93333,100.88333,5.3
Ban Phan Don,Thailand,17.14272,102.97261,176.0
Ban Phai,Thailand,16.05997,102.73097,173.4
Ban Phaeo,Thailand,13.59072,100.10748,4.8
Ban Mo,Thailand,14.61544,100.72731,9.5
Ban Lam Luk Ka,Thailand,13.97738,100.77776,2.2
Bang Rakam,Thailand,16.75847,100.11742,46.5
Bang Racham,Thailand,14.892,100.31728,14.8
Bang Pakong,Thailand,13.54297,100.99333,5.1
Bang Pa-in,Thailand,14.22783,100.57589,5.9
Bang Mun Nak,Thailand,16.02781,100.37917,34.2
Bang Len,Thailand,14.02188,100.17183,5.3
Bang Lamung,Thailand,13.04704,100.92891,3.7
Bang Kruai,Thailand,13.805,100.47283,4.7
Bang Krathum,Thailand,16.57831,100.30034,42.9
Bang Bua Thong,Thailand,13.91783,100.42403,2.0
Bang Ban,Thailand,14.37395,100.48528,8.2
Ban Dung,Thailand,17.699,103.25957,170.4
Ban Chang,Thailand,12.72543,101.05531,49.0
Ban Bueng,Thailand,13.311,101.11214,66.0
Ban Talat Bueng,Thailand,13.07147,101.00314,39.3
Ban Bang Kadi Pathum Thani,Thailand,13.99904,100.54962,3.5
Bang Bo District,Thailand,13.58333,100.81667,2.8
Aranyaprathet,Thailand,13.69276,102.50128,45.3
Amnat Charoen,Thailand,15.85851,104.62883,159.4
Amphoe Sikhiu,Thailand,14.89944,101.70833,230.4
Wichit,Thailand,7.8894,98.38523,8.9
Ban Chalong,Thailand,7.84468,98.33897,7.2
Ban Ratsada,Thailand,7.90963,98.40248,9.8
Yovon,Tajikistan,38.31408,69.03784,660.6
Vose’,Tajikistan,37.80396,69.64417,477.5
Vakhsh,Tajikistan,37.71485,68.83456,433.9
Istaravshan,Tajikistan,39.9142,69.00328,977.4
Tursunzoda,Tajikistan,38.51437,68.23327,709.0
Qŭrghonteppa,Tajikistan,37.83399,68.78186,431.3
Panjakent,Tajikistan,39.49524,67.60931,994.7
Farkhor,Tajikistan,37.49219,69.40356,447.3
Vahdat,Tajikistan,38.55632,69.01354,872.7
Norak,Tajikistan,38.38917,69.32272,659.6
Kŭlob,Tajikistan,37.91459,69.78454,613.5
Kolkhozobod,Tajikistan,37.58823,68.65886,387.6
Khorugh,Tajikistan,37.48974,71.55304,2091.5
Ishqoshim,Tajikistan,36.72484,71.61331,2536.8
Hisor,Tajikistan,38.52504,68.55124,799.7
Dushanbe,Tajikistan,38.53575,68.77905,769.8
Danghara,Tajikistan,38.09578,69.33998,651.1
Chubek,Tajikistan,37.61453,69.70525,514.1
Boshkengash,Tajikistan,38.46613,68.80533,754.9
Proletar,Tajikistan,40.16713,69.50163,382.2
Khŭjand,Tajikistan,40.28256,69.62216,334.3
Konibodom,Tajikistan,40.29414,70.43122,408.0
Isfara,Tajikistan,40.12649,70.62526,825.6
Chkalov,Tajikistan,40.23417,69.69481,412.1
Moskovskiy,Tajikistan,37.60931,68.58094,367.3
Suai,East Timor,-9.31286,125.25648,68.5
Maubara,East Timor,-8.61194,125.20611,22.4
Maliana,East Timor,-8.99167,125.21972,250.7
Liquica,East Timor,-8.5875,125.34194,19.6
Dili,East Timor,-8.55861,125.57361,4.1
Baucau,East Timor,-8.47111,126.45833,422.0
Aileu,East Timor,-8.72806,125.56639,923.8
Same,East Timor,-9.00581,125.64617,485.7
Lospalos,East Timor,-8.51861,127.0025,383.8
Venilale,East Timor,-8.64306,126.37833,832.5
Balkanabat,Turkmenistan,39.51075,54.36713,9.1
Kaka,Turkmenistan,37.34821,59.61431,290.1
Gumdag,Turkmenistan,39.20611,54.59056,6.5
Gazanjyk,Turkmenistan,39.24463,55.51536,35.8
Abadan,Turkmenistan,38.05415,58.19721,228.0
Baharly,Turkmenistan,38.43624,57.43158,162.8
Ashgabat,Turkmenistan,37.95,58.38333,219.3
Annau,Turkmenistan,37.88757,58.516,248.7
Yylanly,Turkmenistan,41.83333,59.65,79.7
Tagta,Turkmenistan,41.65041,59.9164,87.1
Türkmenbaşy,Turkmenistan,40.02216,52.95517,6.1
Köneürgench,Turkmenistan,42.32773,59.15442,76.9
Boldumsaz,Turkmenistan,42.12824,59.67101,81.2
Daşoguz,Turkmenistan,41.83625,59.96661,87.5
Yolöten,Turkmenistan,37.29886,62.35975,260.7
Tejen,Turkmenistan,37.38338,60.50545,189.4
Seydi,Turkmenistan,39.4816,62.91374,174.6
Saýat,Turkmenistan,38.78393,63.88035,203.4
Mary,Turkmenistan,37.59378,61.83031,225.4
Atamyrat,Turkmenistan,37.83573,65.21058,242.4
Gowurdak,Turkmenistan,37.81244,66.04656,438.0
Türkmenabat,Turkmenistan,39.07328,63.57861,191.6
Bayramaly,Turkmenistan,37.61852,62.16715,240.4
Gazojak,Turkmenistan,41.18746,61.4036,123.7
Zaghouan,Tunisia,36.40291,10.14292,174.3
Oued Lill,Tunisia,36.83408,10.04057,57.6
Tunis,Tunisia,36.81897,10.16579,22.5
Tozeur,Tunisia,33.91968,8.13352,50.2
Tataouine,Tunisia,32.92967,10.45177,239.0
Thala,Tunisia,35.57244,8.67031,963.1
Takelsa,Tunisia,36.78333,10.63333,121.0
Tajerouine,Tunisia,35.89174,8.55276,663.6
Sousse,Tunisia,35.82539,10.63699,19.7
Siliana,Tunisia,36.08497,9.37082,428.3
Sidi Bouzid,Tunisia,35.03823,9.48494,332.9
Skanes,Tunisia,35.78333,10.8,0.0
Sfax,Tunisia,34.74056,10.76028,8.9
La Sebala du Mornag,Tunisia,36.67931,10.29195,34.3
Radès,Tunisia,36.76806,10.27528,5.7
Ksour Essaf,Tunisia,35.41808,10.99475,12.7
Korba,Tunisia,36.57861,10.85861,13.8
Kélibia,Tunisia,36.84757,11.09386,12.5
Kebili,Tunisia,33.70439,8.96903,45.5
Ksar Hellal,Tunisia,35.64773,10.89046,30.0
Carthage,Tunisia,36.86108,10.33161,40.8
El Fahs,Tunisia,36.37419,9.90651,195.8
Galaat el Andeless,Tunisia,37.0629,10.11829,4.8
Gafsa,Tunisia,34.425,8.78417,294.2
Gabès,Tunisia,33.88146,10.0982,10.1
Nefta,Tunisia,33.87309,7.87765,63.6
Nabeul,Tunisia,36.45606,10.73763,15.6
Midoun,Tunisia,33.80813,10.99228,16.4
Mateur,Tunisia,37.04045,9.66557,37.9
Msaken,Tunisia,35.72917,10.58082,48.2
Menzel Jemil,Tunisia,37.23618,9.91448,26.9
Mennzel Bou Zelfa,Tunisia,36.68312,10.58431,48.7
Menzel Bourguiba,Tunisia,37.15368,9.78594,13.3
Menzel Abderhaman,Tunisia,37.23737,9.86313,8.6
Manouba,Tunisia,36.80803,10.09721,26.8
Medjez el Bab,Tunisia,36.64964,9.61231,54.8
Medenine,Tunisia,33.35495,10.50548,92.1
Jendouba,Tunisia,36.50114,8.78024,142.8
Zarzis,Tunisia,33.50398,11.11215,11.6
Djemmal,Tunisia,35.62231,10.75696,34.2
Houmt Souk,Tunisia,33.87576,10.85745,5.5
Hammam Sousse,Tunisia,35.8609,10.60313,8.8
Hammam-Lif,Tunisia,36.72866,10.34163,4.0
La Goulette,Tunisia,36.81806,10.305,4.1
Douz,Tunisia,33.46632,9.0203,62.6
Douar Tindja,Tunisia,37.16667,9.75,0.8
Dar Chabanne,Tunisia,36.46798,10.75167,23.0
Ben Arous,Tunisia,36.75306,10.21889,15.5
Bizerte,Tunisia,37.27442,9.87391,5.7
Beni Khiar,Tunisia,36.46917,10.78222,15.6
Béja,Tunisia,36.72564,9.18169,243.4
Zouila,Tunisia,35.50056,11.06056,4.8
Chebba,Tunisia,35.23722,11.115,5.7
Ariana,Tunisia,36.86012,10.19337,11.1
Ar Rudayyif,Tunisia,34.3827,8.15549,569.4
Ouardenine,Tunisia,35.70915,10.67397,64.8
Kairouan,Tunisia,35.6781,10.09633,66.0
Kasserine,Tunisia,35.16758,8.83651,677.0
Gremda,Tunisia,34.75,10.78333,6.0
Monastir,Tunisia,35.77799,10.82617,17.2
La Mohammedia,Tunisia,36.67446,10.15633,65.9
Metlaoui,Tunisia,34.32081,8.40157,224.0
Al Marsá,Tunisia,36.87818,10.32466,12.9
Mahdia,Tunisia,35.50472,11.06222,8.8
El Kef,Tunisia,36.17424,8.70486,626.6
El Jem,Tunisia,35.3,10.71667,110.4
Hammamet,Tunisia,36.4,10.61667,13.0
El Hamma,Tunisia,33.89152,9.79629,64.8
Bekalta,Tunisia,35.61739,10.99466,3.1
El Alia,Tunisia,37.16911,10.03478,97.6
Akouda,Tunisia,35.8691,10.5653,32.7
Douane,Tunisia,36.44766,10.7557,2.8
Nuku‘alofa,Tonga,-21.13938,-175.2018,4.3
Yüksekova,Turkey,37.57362,44.28716,1875.2
Yozgat,Turkey,39.82,34.80444,1284.8
Yeşilli,Turkey,37.33813,40.81739,790.3
Erzin,Turkey,36.95348,36.19839,167.9
Yerköy,Turkey,39.63806,34.46722,767.9
Didim,Turkey,37.38496,27.25643,70.8
Yatağan,Turkey,37.34025,28.14279,377.7
Yalvaç,Turkey,38.29556,31.17778,1103.1
Yahyalı,Turkey,38.10228,35.35704,1172.5
Viranşehir,Turkey,37.22349,39.75519,555.2
Varto,Turkey,39.17375,41.45402,1522.4
Van,Turkey,38.49457,43.38323,1709.9
Cimin,Turkey,39.70947,39.70015,1425.8
Uşak,Turkey,38.67351,29.4058,911.9
Urla,Turkey,38.32292,26.76403,67.5
Ürgüp,Turkey,38.6296,34.91199,1066.7
Şanlıurfa,Turkey,37.16708,38.79392,524.3
Turgutlu,Turkey,38.49533,27.6997,99.8
Tunceli,Turkey,39.09921,39.54351,894.3
Torbalı,Turkey,38.1519,27.36223,29.1
Tire,Turkey,38.08877,27.73508,123.2
Tekirova,Turkey,36.5017,30.52723,8.7
Tavşanlı,Turkey,39.54237,29.49866,854.6
Tatvan,Turkey,38.49221,42.28269,1684.5
Tarsus,Turkey,36.91766,34.89277,21.4
Talas,Turkey,38.6908,35.5538,1150.5
Susurluk,Turkey,39.91361,28.15778,52.5
Suruç,Turkey,36.97612,38.42533,498.2
Sorgun,Turkey,39.81012,35.18596,1080.4
Soma,Turkey,39.18554,27.60945,156.7
Solhan,Turkey,38.96525,41.05443,1355.8
Söke,Turkey,37.7482,27.40614,38.7
Siverek,Turkey,37.75503,39.31667,785.7
Sivas,Turkey,39.74833,37.01611,1280.5
Şırnak,Turkey,37.51393,42.45432,1267.3
Simav,Turkey,39.0882,28.97767,839.9
Silvan,Turkey,38.13708,41.00817,811.8
Silopi,Turkey,37.24379,42.46345,490.9
Silifke,Turkey,36.37778,33.93444,16.5
Siirt,Turkey,37.9293,41.94134,891.9
Seydişehir,Turkey,37.41926,31.84527,1126.1
Serinyol,Turkey,36.36139,36.21361,117.0
Serik,Turkey,36.91694,31.09889,28.2
Şereflikoçhisar,Turkey,38.93925,33.5386,944.5
Senirkent,Turkey,38.10444,30.54861,1019.8
Şemdinli,Turkey,37.30514,44.5742,1393.2
Selçuk,Turkey,37.95137,27.36849,28.5
Seferhisar,Turkey,38.1975,26.83881,31.8
Şarkışla,Turkey,39.35186,36.40976,1248.6
Şarkîkaraağaç,Turkey,38.07944,31.36639,1167.1
Sarayköy,Turkey,37.92448,28.92516,161.1
Sandıklı,Turkey,38.46472,30.26946,1089.2
Salihli,Turkey,38.48258,28.14774,110.8
Reyhanlı,Turkey,36.26791,36.56747,150.0
Polatlı,Turkey,39.57715,32.14132,853.1
Pazarcık,Turkey,37.48685,37.29961,785.0
Patnos,Turkey,39.22493,42.85693,1630.2
Pasinler,Turkey,39.97975,41.66997,1660.2
Osmaniye,Turkey,37.07417,36.24778,126.3
Ortaköy,Turkey,38.73728,34.03866,1225.1
Ortaca,Turkey,36.83915,28.76457,28.5
Ödemiş,Turkey,38.2278,27.96955,127.8
Nusaybin,Turkey,37.06119,41.20436,465.2
Nizip,Turkey,37.00972,37.79417,522.3
Niğde,Turkey,37.96583,34.67935,1231.6
Nevşehir,Turkey,38.625,34.71222,1213.6
Nazilli,Turkey,37.91631,28.32225,84.2
Mut,Turkey,36.64389,33.43885,309.5
Muş,Turkey,38.73163,41.48482,1428.7
Muğla,Turkey,37.21807,28.3665,669.7
Mucur,Turkey,39.06147,34.38286,1082.1
Milas,Turkey,37.31639,27.78389,49.9
Midyat,Turkey,37.41908,41.33909,948.0
Mercin,Turkey,36.79526,34.61792,10.5
Menemen,Turkey,38.60754,27.06938,17.7
Marmaris,Turkey,36.855,28.27417,7.7
Mardin,Turkey,37.31309,40.74357,1041.9
Manisa,Turkey,38.61202,27.42647,79.8
Manavgat,Turkey,36.78667,31.44306,8.6
Malazgirt,Turkey,39.1465,42.53536,1515.8
Malatya,Turkey,38.35018,38.31667,965.4
Mahmutlar,Turkey,36.49463,32.09085,14.4
Lice,Turkey,38.45821,40.63888,975.2
Kütahya,Turkey,39.42417,29.98333,950.8
Kuşadası,Turkey,37.85562,27.2566,58.0
Kurtalan,Turkey,37.92533,41.68493,713.7
Beykonak,Turkey,36.32573,30.30302,3.0
Kulu,Turkey,39.09513,33.07989,978.8
Kulp,Turkey,38.49754,41.00668,991.5
Kula,Turkey,38.54726,28.64976,670.9
Kozluk,Turkey,38.19118,41.47775,951.6
Kozan,Turkey,37.45517,35.81573,140.2
Kovancılar,Turkey,38.71882,39.86268,968.6
Korkuteli,Turkey,37.06498,30.19565,996.5
Konya,Turkey,37.87135,32.48464,1027.7
Kızıltepe,Turkey,37.18836,40.57723,479.9
Serinhisar,Turkey,37.58105,29.26639,955.3
Kırşehir,Turkey,39.14583,34.16389,992.1
Kırkağaç,Turkey,39.10638,27.66925,206.9
Kırıkkale,Turkey,39.84528,33.50639,732.5
Kırıkhan,Turkey,36.49939,36.35755,162.2
Kilis,Turkey,36.71611,37.115,659.7
Keskin,Turkey,39.67306,33.61361,1133.6
Kemer,Turkey,36.59778,30.56056,14.5
Kemalpaşa,Turkey,38.42621,27.41731,210.6
Kayseri,Turkey,38.73222,35.48528,1052.2
Karapınar,Turkey,37.71596,33.55064,990.3
Karaman,Turkey,37.18111,33.215,1035.6
Ağrı,Turkey,39.71944,43.05139,1640.2
Karakoçan,Turkey,38.95178,40.02706,1086.0
Karaçoban,Turkey,39.34364,42.09918,1522.3
Kaman,Turkey,39.3575,33.72389,1124.4
Kâhta,Turkey,37.78552,38.6237,724.1
Kahramanmaraş,Turkey,37.5847,36.92641,561.2
Kadirli,Turkey,37.37389,36.09611,84.0
Kadınhanı,Turkey,38.23972,32.21139,1121.1
İzmir,Turkey,38.41273,27.13838,124.3
Isparta,Turkey,39.92371,44.045,862.2
İdil,Turkey,37.33481,41.88944,768.1
Hizan,Turkey,38.22498,42.4183,1494.2
Hınıs,Turkey,39.35766,41.69253,1696.7
Hilvan,Turkey,37.58687,38.95505,587.8
Hadim,Turkey,36.98776,32.45674,1532.4
Hacılar,Turkey,38.64631,35.44937,1392.1
Güroymak,Turkey,38.5758,42.01558,1303.5
Gölbaşı,Turkey,37.78361,37.63667,900.7
Göksun,Turkey,38.02096,36.4973,1342.3
Genç,Turkey,38.74773,40.55343,1012.4
Gemerek,Turkey,39.18342,36.07189,1202.5
Gediz,Turkey,38.99389,29.39131,751.9
Gazipaşa,Turkey,36.26942,32.31792,19.7
Gaziantep,Turkey,37.05944,37.3825,842.5
Foça,Turkey,38.6703,26.75656,6.9
Fethiye,Turkey,36.64038,29.12758,9.0
Ezine,Turkey,39.78561,26.34083,45.0
Eskişehir,Turkey,39.77667,30.52056,789.7
Erzurum,Turkey,39.90861,41.27694,1914.2
Erzincan,Turkey,39.73919,39.49015,1196.2
Ermenek,Turkey,36.64043,32.89179,1287.1
Ergani,Turkey,38.26899,39.75446,937.2
Ereğli,Turkey,37.51333,34.04672,1053.5
Erdemli,Turkey,36.60498,34.30836,8.9
Erciş,Turkey,39.02587,43.35964,1682.5
Emirdağ,Turkey,39.01972,31.15,962.2
Emet,Turkey,39.343,29.25847,892.1
Elmalı,Turkey,36.73583,29.91775,1077.2
Elmadağ,Turkey,39.92083,33.23083,1130.0
Eleşkirt,Turkey,39.79803,42.67574,1813.4
Elbistan,Turkey,38.20591,37.1983,1138.6
Elazığ,Turkey,38.67431,39.22321,1060.4
Eğirdir,Turkey,37.87462,30.85042,923.9
Edremit,Turkey,39.59611,27.02444,29.5
Dursunbey,Turkey,39.58596,28.62568,653.7
Dörtyol,Turkey,36.86158,36.22885,111.2
Doğubayazıt,Turkey,39.54694,44.08417,1596.1
Diyarbakır,Turkey,37.91363,40.21721,671.0
Diyadin,Turkey,39.54056,43.67135,1929.3
Dinar,Turkey,38.065,30.16557,862.8
Develi,Turkey,38.39056,35.49222,1259.3
Denizli,Turkey,37.77417,29.0875,406.7
Demirci,Turkey,39.04607,28.65889,874.9
Dargeçit,Turkey,37.54616,41.71652,896.1
Darende,Turkey,38.54583,37.50583,1023.8
Çumra,Turkey,37.5732,32.77446,1011.6
Menderes,Turkey,38.24963,27.13429,110.1
Hakkari,Turkey,37.57444,43.74083,1697.6
Cizre,Turkey,37.33024,42.18484,378.5
Çine,Turkey,37.61266,28.05912,76.2
Ceylanpınar,Turkey,36.84722,40.05,362.2
Ceyhan,Turkey,37.02472,35.8175,33.8
Çeşme,Turkey,38.32614,26.30574,8.9
Çermik,Turkey,38.13538,39.445,691.5
Çay,Turkey,38.59167,31.02861,1040.0
Çağlayancerit,Turkey,37.74523,37.28618,1079.7
Burhaniye,Turkey,39.50041,26.97269,18.1
Burdur,Turkey,37.72028,30.29083,953.8
Bulanık,Turkey,39.08656,42.27158,1539.2
Bucak,Turkey,37.45917,30.595,819.5
Bozyazı,Turkey,36.1082,32.96113,4.6
Bozüyük,Turkey,39.90778,30.03667,753.7
Bozova,Turkey,37.3625,38.52667,580.5
Bor,Turkey,37.89056,34.55889,1109.4
Bolvadin,Turkey,38.71111,31.04861,994.1
Bodrum,Turkey,37.03833,27.42917,8.5
Bitlis,Turkey,38.40115,42.10784,1498.2
Bismil,Turkey,37.84514,40.65931,542.5
Birecik,Turkey,37.02577,37.97841,348.7
Bingöl,Turkey,38.88472,40.49389,1154.7
Bigadiç,Turkey,39.3925,28.13111,161.5
Beyşehir,Turkey,37.67735,31.72458,1138.4
Besni,Turkey,37.69278,37.86111,905.1
Bergama,Turkey,39.12074,27.18052,67.4
Belen,Turkey,36.48866,36.19489,558.3
Belek,Turkey,36.86278,31.05556,8.4
Bayındır,Turkey,38.21741,27.64744,72.8
Batman,Turkey,37.88738,41.13221,573.6
Baskil,Turkey,38.56866,38.81634,1207.3
Banaz,Turkey,38.73707,29.75194,915.6
Balıkesir,Turkey,39.64917,27.88611,141.8
Bahçe,Turkey,37.19724,36.57658,634.1
Ayvalık,Turkey,39.31905,26.6954,13.4
Aydın,Turkey,37.84501,27.83963,69.8
Aşkale,Turkey,39.92083,40.695,1659.1
Antalya,Turkey,36.90812,30.69556,64.8
Antakya,Turkey,36.20655,36.15722,106.9
Ankara,Turkey,39.91987,32.85427,872.9
Anamur,Turkey,36.07508,32.83691,26.7
Aliağa,Turkey,38.79975,26.97203,29.5
Alaşehir,Turkey,38.35083,28.51718,206.6
Alanya,Turkey,36.54375,31.99982,7.6
Akşehir,Turkey,38.3575,31.41639,1032.7
Aksaray,Turkey,38.37255,34.02537,982.5
Akhisar,Turkey,38.91852,27.84006,101.5
Akdağmadeni,Turkey,39.66028,35.88361,1315.9
Akçakale,Turkey,36.71111,38.9475,359.2
Ahlat,Turkey,38.7489,42.48007,1703.8
Afyonkarahisar,Turkey,38.75667,30.54333,1016.7
Afşin,Turkey,38.24769,36.91399,1227.7
Adıyaman,Turkey,37.76441,38.27629,677.1
Adilcevaz,Turkey,38.79911,42.73159,1651.7
Adana,Turkey,37.00167,35.32889,34.3
Denizciler,Turkey,36.64951,36.22956,216.6
Batikent,Turkey,39.96833,32.73083,856.5
Dalaman,Turkey,36.76591,28.8028,12.7
Zonguldak,Turkey,41.45139,31.79305,11.4
Zile,Turkey,40.30306,35.88639,743.6
Zeytinburnu,Turkey,40.99441,28.90417,39.8
Yomra,Turkey,40.95326,39.85546,83.7
Yenişehir,Turkey,40.26444,29.65306,225.8
Körfez,Turkey,40.76704,29.78275,56.2
Yalova,Turkey,40.65501,29.27693,10.0
Yakuplu,Turkey,40.98894,28.67582,72.8
Vezirköprü,Turkey,41.14361,35.45472,329.6
Vakfıkebir,Turkey,41.04583,39.27639,12.5
Uzunköprü,Turkey,41.26597,26.6885,35.7
Üsküdar,Turkey,41.02252,29.02369,49.7
Ünye,Turkey,41.13139,37.2825,41.8
Umraniye,Turkey,41.01643,29.12476,142.7
Turhal,Turkey,40.3875,36.08111,533.8
Trabzon,Turkey,41.005,39.72694,41.9
Tosya,Turkey,41.01545,34.04013,815.7
Tokat,Turkey,40.31389,36.55444,623.4
Tirebolu,Turkey,41.00694,38.81389,22.2
Terme,Turkey,41.20917,36.97389,3.8
Tepecik,Turkey,41.02931,28.54978,26.8
Tekkeköy,Turkey,41.21167,36.46,23.5
Tekirdağ,Turkey,40.97801,27.50852,62.1
Taşova,Turkey,40.75972,36.3225,239.1
Taşköprü,Turkey,41.5098,34.21414,551.6
Suşehri,Turkey,40.16005,38.08413,1041.4
Sürmene,Turkey,40.90588,40.12792,79.5
Sungurlu,Turkey,40.1675,34.37389,774.9
Suluova,Turkey,40.83129,35.64788,553.7
Şişli,Turkey,41.06046,28.98717,128.7
Sinop,Turkey,42.02683,35.16253,100.7
Silivri,Turkey,41.07393,28.24644,10.2
Şebin Karahisar,Turkey,40.28833,38.42361,1374.0
Sarıkamış,Turkey,40.32769,42.58705,2081.9
Sapanca,Turkey,40.69141,30.26738,43.4
Samsun,Turkey,41.28667,36.33,40.2
Safranbolu,Turkey,41.25083,32.69417,503.4
Rize,Turkey,41.02083,40.52194,51.4
Osmaneli,Turkey,40.35722,30.01417,115.3
Osmancık,Turkey,40.97818,34.8047,418.1
Orhangazi,Turkey,40.48917,29.30889,117.1
Ordu,Turkey,40.97782,37.89047,5.3
Oltu,Turkey,40.53945,41.98722,1274.0
Of,Turkey,40.94055,40.25918,12.0
Niksar,Turkey,40.59167,36.95167,361.9
Nallıhan,Turkey,40.18593,31.35179,630.7
Mustafakemalpaşa,Turkey,40.03815,28.40866,22.3
Mudanya,Turkey,40.37528,28.88222,18.0
Mimarsinan,Turkey,41.0179,28.56176,1.9
Merzifon,Turkey,40.87333,35.46306,726.3
Maltepe,Turkey,40.93567,29.15507,161.7
Malkara,Turkey,40.89,26.90111,259.8
Lüleburgaz,Turkey,41.40385,27.35918,70.3
Kumru,Turkey,40.87444,37.26389,451.9
Korgan,Turkey,40.82472,37.34667,787.7
Kocaali,Turkey,41.05336,30.85278,53.0
Kızılcahamam,Turkey,40.46972,32.65056,986.7
Kırklareli,Turkey,41.73508,27.22521,218.4
Kestel,Turkey,40.19828,29.21237,120.4
Keşan,Turkey,40.85583,26.63028,117.1
Kelkit,Turkey,40.12682,39.43424,1412.0
Kazan,Turkey,40.23167,32.68389,926.9
Kavaklı,Turkey,41.09258,28.33172,81.1
Kastamonu,Turkey,41.37805,33.77528,780.2
Kars,Turkey,40.59825,43.08548,1767.2
Karasu,Turkey,41.07096,30.78543,11.1
Karamürsel,Turkey,40.69144,29.61568,23.6
Karacabey,Turkey,40.21323,28.3612,22.0
Karabük,Turkey,41.20488,32.62768,311.9
Kağızman,Turkey,40.15669,43.13424,1275.4
İznik,Turkey,40.42861,29.72111,95.8
İzmit,Turkey,40.76694,29.91694,74.0
İstanbul,Turkey,41.01384,28.94966,29.9
İskilip,Turkey,40.73528,34.47389,814.6
İnegol,Turkey,40.07806,29.51333,292.0
Horasan,Turkey,40.03885,42.16366,1553.4
Hopa,Turkey,41.39046,41.41966,8.5
Hendek,Turkey,40.79944,30.74806,184.1
Hayrabolu,Turkey,41.21311,27.10688,63.8
Havza,Turkey,40.97056,35.66222,627.0
Gürsu,Turkey,40.21876,29.19487,108.8
Gürpınar,Turkey,40.99256,28.61428,115.7
Gürgentepe,Turkey,40.78567,37.58969,1234.7
Gumushkhane,Turkey,40.46001,39.47176,1187.0
Görele,Turkey,41.03083,39.00306,27.2
Gönen,Turkey,40.1049,27.65399,38.0
Gölcük,Turkey,40.70323,29.87216,17.6
Giresun,Turkey,40.91698,38.38741,38.5
Geyve,Turkey,40.5075,30.2925,79.4
Gerede,Turkey,40.80083,32.19694,1323.2
Gemlik,Turkey,40.43094,29.15969,3.0
Gelibolu,Turkey,40.41028,26.67083,29.7
Gebze,Turkey,40.80276,29.43068,193.7
Ferizli,Turkey,40.94082,30.48583,42.2
Fatsa,Turkey,41.02778,37.50139,15.3
Esenyurt,Turkey,41.02697,28.67732,103.6
Esenler,Turkey,41.0435,28.87619,76.8
Ereğli,Turkey,41.28261,31.41806,45.2
Erdek,Turkey,40.3996,27.79348,18.4
Erbaa,Turkey,40.66889,36.5675,247.2
Eminönü,Turkey,41.01766,28.97438,1.1
Edirne,Turkey,41.67719,26.55597,59.9
Düzce,Turkey,40.83889,31.16389,155.9
Devrek,Turkey,41.21917,31.95583,88.2
Çubuk,Turkey,40.23861,33.03222,995.1
Çorum,Turkey,40.54889,34.95333,805.4
Çorlu,Turkey,41.15917,27.8,171.9
Çerkezköy,Turkey,41.28629,27.99939,160.6
Çerkeş,Turkey,40.81164,32.89358,1129.3
Çayeli,Turkey,41.09228,40.72924,6.9
Çaycuma,Turkey,41.42639,32.07556,44.1
Çatalca,Turkey,41.14324,28.46154,88.5
Çarşamba,Turkey,41.19889,36.72194,27.7
Khanjarah,Turkey,40.59995,33.6153,726.6
Çanakkale,Turkey,40.15552,26.41271,5.2
Çan,Turkey,40.03328,27.05236,106.1
Bursa,Turkey,40.19559,29.06013,155.5
Bulancak,Turkey,40.93805,38.23148,8.1
Boyabat,Turkey,41.46889,34.76667,309.0
Bolu,Turkey,40.73583,31.60611,733.3
Bilecik,Turkey,40.14192,29.97932,508.8
Biga,Turkey,40.22806,27.24222,36.7
Beypazarı,Turkey,40.1675,31.92111,675.2
Beşikdüzü,Turkey,41.05199,39.22845,12.6
Bayburt,Turkey,40.25631,40.22289,1564.2
Bartın,Turkey,41.63583,32.3375,29.2
Bandırma,Turkey,40.35222,27.97667,44.7
Bağcılar,Turkey,41.03903,28.85671,107.8
Bafra,Turkey,41.56778,35.90694,21.4
Babaeski,Turkey,41.4325,27.09306,60.7
Artvin,Turkey,41.18161,41.82172,513.2
Arsin,Turkey,40.95271,39.92674,13.2
Arhavi,Turkey,41.35121,41.30456,6.7
Ardeşen,Turkey,41.19111,40.9875,14.6
Ardahan,Turkey,41.10871,42.70222,1807.2
Araklı,Turkey,40.93854,40.05842,9.5
Amasya,Turkey,40.65333,35.83306,393.3
Alaplı,Turkey,41.1814,31.38514,5.1
Alaca,Turkey,40.16833,34.8425,919.5
Akyazı,Turkey,40.685,30.62222,45.2
Akçakoca,Turkey,41.08663,31.11623,51.5
Akçaabat,Turkey,41.02121,39.57146,18.2
Adapazarı,Turkey,40.78056,30.40333,36.1
Espiye,Turkey,40.94705,38.70299,11.6
merter keresteciler,Turkey,41.01295,28.88593,62.1
güngören merter,Turkey,41.00711,28.88795,50.3
Turgutreis,Turkey,37.01667,27.26667,12.0
Sarigerme,Turkey,36.71549,28.70436,8.9
Ataşehir,Turkey,40.9833,29.1167,78.7
Başakşehir,Turkey,41.09307,28.80203,93.4
Beylikdüzü,Turkey,40.982,28.6399,104.7
Büyükçekmece,Turkey,41.02072,28.58502,3.5
Çankaya,Turkey,39.9179,32.86268,876.1
Bahçelievler,Turkey,41.00231,28.8598,79.1
Sultangazi,Turkey,41.10652,28.86847,141.5
Sultanbeyli,Turkey,40.96072,29.27067,150.1
Sancaktepe,Turkey,41.00244,29.23187,115.7
Karabağlar,Turkey,38.37396,27.1352,65.1
Muratpaşa,Turkey,36.89157,30.76498,52.8
Tunapuna,Trinidad and Tobago,10.63333,-61.38333,8.4
Scarborough,Trinidad and Tobago,11.18333,-60.73333,29.9
Sangre Grande,Trinidad and Tobago,10.58333,-61.11667,13.7
San Fernando,Trinidad and Tobago,10.28333,-61.46667,10.0
Rio Claro,Trinidad and Tobago,10.3,-61.18333,38.5
Port-of-Spain,Trinidad and Tobago,10.66668,-61.51889,15.8
Point Fortin,Trinidad and Tobago,10.18333,-61.68333,8.7
Paradise,Trinidad and Tobago,10.65298,-61.36298,68.7
Mon Repos,Trinidad and Tobago,10.27979,-61.4459,34.2
Marabella,Trinidad and Tobago,10.30618,-61.44671,6.5
Laventille,Trinidad and Tobago,10.64917,-61.49889,32.1
Chaguanas,Trinidad and Tobago,10.51667,-61.41667,12.7
Arima,Trinidad and Tobago,10.63333,-61.28333,49.7
Funafuti,Tuvalu,-8.52425,179.19417,3.6
Douliu,Taiwan,23.70944,120.54333,56.4
Yujing,Taiwan,23.12493,120.46138,66.7
Taipei,Taiwan,25.04776,121.53185,12.9
Tainan,Taiwan,22.99083,120.21333,24.5
Taichung,Taiwan,24.1469,120.6839,89.7
Daxi,Taiwan,24.88373,121.29043,123.1
Banqiao,Taiwan,25.01427,121.46719,13.9
Puli,Taiwan,23.96639,120.96952,453.1
Nantou,Taiwan,23.91566,120.66387,199.7
Ma-kung,Taiwan,23.5654,119.58627,12.9
Lugu,Taiwan,23.74639,120.7525,505.2
Kaohsiung,Taiwan,22.61626,120.31333,7.3
Yilan,Taiwan,24.757,121.753,8.9
Hualian,Taiwan,23.97694,121.60444,7.7
Hsinchu,Taiwan,24.80361,120.96861,27.1
Hengchun,Taiwan,22.00417,120.74389,23.5
Jincheng,Taiwan,24.43667,118.31833,23.7
Keelung,Taiwan,25.12825,121.7419,15.5
Taoyuan City,Taiwan,24.99368,121.29696,101.0
Taitung City,Taiwan,22.7583,121.1444,17.7
Zhongxing New Village,Taiwan,23.95908,120.68516,103.2
Zanzibar,Tanzania,-6.16394,39.19793,10.6
Wete,Tanzania,-5.05589,39.72938,53.0
Vwawa,Tanzania,-9.11667,32.93333,1555.4
Vikindu,Tanzania,-7.00667,39.29849,83.7
Uyovu,Tanzania,-3.28333,31.52583,1234.0
Uvinza,Tanzania,-5.10361,30.39111,995.0
Ushirombo,Tanzania,-3.49194,31.96389,1182.5
Usevia,Tanzania,-7.1,31.23333,925.5
Usagara,Tanzania,-2.68333,33,1295.1
Usa River,Tanzania,-3.36667,36.85,1194.4
Urambo,Tanzania,-5.06667,32.05,1100.6
Tunduma,Tanzania,-9.3,32.76667,1692.0
Tumbi,Tanzania,-5.06667,32.73333,1166.3
Tukuyu,Tanzania,-9.25,33.65,1428.8
Tinde,Tanzania,-3.88333,33.2,1150.9
Tarime,Tanzania,-1.35,34.36667,1392.7
Tanga,Tanzania,-5.06893,39.09875,21.0
Tabora,Tanzania,-5.01622,32.82663,1186.9
Sumbawanga,Tanzania,-7.96667,31.61667,1825.7
Songwa,Tanzania,-3.51667,33.51667,1144.7
Somanda,Tanzania,-3.36667,33.95,1205.9
Sokoni,Tanzania,-6.43333,39.55,21.6
Sirari,Tanzania,-1.25367,34.47596,1675.4
Singida,Tanzania,-4.81629,34.74358,1501.3
Sikonge,Tanzania,-5.63333,32.76667,1172.8
Shinyanga,Tanzania,-3.66393,33.42118,1129.9
Shelui,Tanzania,-4.36667,34.2,1087.8
Sepuka,Tanzania,-4.75,34.53333,1480.9
Same,Tanzania,-4.06667,37.73333,865.1
Rulenge,Tanzania,-2.7175,30.6325,1420.9
Rujewa,Tanzania,-8.7,34.38333,1071.0
Puma,Tanzania,-5,34.73333,1584.7
Old Shinyanga,Tanzania,-3.55,33.4,1173.5
Nzega,Tanzania,-4.21667,33.18333,1234.8
Nyamuswa,Tanzania,-1.9,34.01667,1381.2
Nyalikungu,Tanzania,-3.18333,33.78333,1350.1
Nyakabindi,Tanzania,-2.63333,33.98333,1292.5
Nsunga,Tanzania,-1.14389,31.39472,1197.5
Nshamba,Tanzania,-1.79833,31.55111,1539.3
Njombe,Tanzania,-9.33333,34.76667,1898.8
Nguruka,Tanzania,-5.10917,31.04194,1076.5
Ngudu,Tanzania,-2.96667,33.33333,1241.8
Ngerengere,Tanzania,-6.75,38.11667,193.0
Ngara,Tanzania,-2.51222,30.65583,1813.3
Nangwa,Tanzania,-4.46667,35.45,1830.7
Namanyere,Tanzania,-7.51667,31.05,1527.5
Mwanza,Tanzania,-2.51667,32.9,1141.1
Mwadui,Tanzania,-3.55,33.6,1211.6
Mvomero,Tanzania,-6.25,38.66667,34.3
Musoma,Tanzania,-1.5,33.8,1143.7
Muriti,Tanzania,-1.98333,32.91667,1141.4
Mungaa,Tanzania,-4.96667,34.88333,1608.3
Muheza,Tanzania,-5.16667,38.78333,175.0
Mugumu,Tanzania,-1.85,34.7,1549.1
Mtwango,Tanzania,-9.01667,34.8,1764.9
Mto wa Mbu,Tanzania,-3.35,35.85,976.9
Mtinko,Tanzania,-4.55,34.85,1581.6
Msowero,Tanzania,-6.53333,37.2,456.4
Mpwapwa,Tanzania,-6.35,36.48333,997.1
Mpanda,Tanzania,-6.34379,31.06951,1094.1
Moshi,Tanzania,-3.35,37.33333,853.4
Morogoro,Tanzania,-6.82102,37.66122,501.3
Mlowo,Tanzania,-9,32.98333,1584.4
Mlimba,Tanzania,-8.8,35.81667,303.6
Mlangali,Tanzania,-9.78333,34.51667,1737.4
Mlandizi,Tanzania,-6.7,38.73333,23.0
Mlalo,Tanzania,-4.93333,38.93333,128.8
Mkuranga,Tanzania,-7.11799,39.20782,113.2
Mwandiga,Tanzania,-4.83,29.65806,872.2
Misungwi,Tanzania,-2.85,33.08333,1174.1
Mikumi,Tanzania,-7.40409,36.98309,514.2
Mhango,Tanzania,-3.28333,32.85,1215.7
Mgandu,Tanzania,-5.95,34.13333,1480.7
Mbuguni,Tanzania,-3.56667,36.95,919.9
Mbeya,Tanzania,-8.9,33.45,1691.1
Mazinde,Tanzania,-4.8,38.21667,486.7
Matui,Tanzania,-4.8,38.25,903.9
Matai,Tanzania,-8.3,31.51667,1699.7
Maswa,Tanzania,-2.68333,33.98333,1309.0
Masumbwe,Tanzania,-3.63333,32.18333,1189.5
Maramba,Tanzania,-5.05,38.61667,960.0
Malinyi,Tanzania,-8.93333,36.13333,288.4
Malampaka,Tanzania,-3.13333,33.53333,1246.5
Makuyuni,Tanzania,-4.73333,38.1,477.1
Makumbako,Tanzania,-8.85,34.83333,1645.5
Mahanje,Tanzania,-9.93333,35.33333,990.2
Kihangara,Tanzania,-2.58333,33.35,1181.3
Magugu,Tanzania,-4.01667,35.76667,1006.7
Magomeni,Tanzania,-6.8,39.25,15.3
Magole,Tanzania,-6.37697,37.37373,429.9
Mafinga,Tanzania,-7.25,35.06667,1013.6
Mabama,Tanzania,-5.13333,32.53333,1135.1
Lushoto,Tanzania,-4.78333,38.28333,1490.8
Lugoba,Tanzania,-6.45,38.33333,246.0
Liwale,Tanzania,-9.76667,37.93333,489.6
Lembeni,Tanzania,-3.78333,37.61667,977.0
Lalago,Tanzania,-3.45,33.95,1173.8
Laela,Tanzania,-8.56667,32.05,1556.8
Kyela,Tanzania,-9.58333,33.85,493.8
Kondoa,Tanzania,-4.9,35.78333,1376.3
Kiwira,Tanzania,-9.17307,33.54152,1352.7
Kishapu,Tanzania,-3.61667,33.86667,1164.6
Kisesa,Tanzania,-3.08333,34.15,1348.9
Kirando,Tanzania,-7.41667,30.6,774.8
Kiomboi,Tanzania,-4.26667,34.36667,1543.0
Kingori,Tanzania,-3.28333,36.98333,1166.0
Kilosa,Tanzania,-6.83333,36.98333,490.8
Kigoma,Tanzania,-4.87694,29.62667,780.6
Kidodi,Tanzania,-7.60361,37.00438,295.7
Kidatu,Tanzania,-7.69916,36.95722,294.6
Kibondo,Tanzania,-3.58639,30.72028,1495.7
Kibiti,Tanzania,-7.72178,38.93749,165.4
Kibara,Tanzania,-2.15,33.45,1145.3
Kibakwe,Tanzania,-6.71667,36.36667,1127.8
Kibaha,Tanzania,-6.76667,38.91667,148.9
Katumba,Tanzania,-9.23333,33.61667,1384.2
Katoro,Tanzania,-3.02028,31.89583,1298.2
Katerero,Tanzania,-1.4,31.73333,1162.1
Kasulu,Tanzania,-4.57667,30.1025,1306.6
Kasamwa,Tanzania,-2.85,32.43333,1196.8
Kiratu,Tanzania,-3.33333,35.66667,1536.1
Kamachumu,Tanzania,-1.61861,31.62,1497.7
Kakonko,Tanzania,-3.28278,30.96417,1240.9
Kahama,Tanzania,-3.83333,32.6,1245.3
Kabanga,Tanzania,-2.63861,30.46778,1604.9
Izazi,Tanzania,-7.2,35.73333,723.9
Itigi,Tanzania,-5.7,34.48333,1298.4
Isaka,Tanzania,-3.9,32.93333,1197.2
Iringa,Tanzania,-7.76667,35.7,1620.9
Ipinda,Tanzania,-9.48333,33.9,485.5
Ilula,Tanzania,-7.6766,36.03658,1369.3
Ilongero,Tanzania,-4.66667,34.86667,1606.5
Ilembula,Tanzania,-8.9,34.58333,1422.6
Ikungi,Tanzania,-5.13333,34.76667,1525.7
Igurusi,Tanzania,-8.85,33.85,1251.5
Igunga,Tanzania,-4.28333,33.88333,1085.8
Igugunu,Tanzania,-4.56667,34.63333,1375.1
Ifakara,Tanzania,-8.13333,36.68333,254.5
Hedaru,Tanzania,-4.5,37.9,639.8
Geita,Tanzania,-2.86667,32.16667,1256.2
Geiro,Tanzania,-6.15,36.86667,1282.7
Galappo,Tanzania,-4.26667,35.85,1374.6
Dongobesh,Tanzania,-4.06667,35.38333,1986.1
Dodoma,Tanzania,-6.17221,35.73947,1121.2
Dar es Salaam,Tanzania,-6.82349,39.26951,16.5
Dareda,Tanzania,-4.21667,35.55,1614.9
Chimala,Tanzania,-8.85637,34.02393,1137.5
Chato,Tanzania,-2.63778,31.76694,1149.6
Chanika,Tanzania,-5.41667,38.01667,665.8
Chalinze,Tanzania,-6.63784,38.35396,208.9
Chala,Tanzania,-7.58333,31.26667,1761.7
Chake Chake,Tanzania,-5.24586,39.76659,15.5
Butiama,Tanzania,-1.76667,33.96667,1497.0
Buseresere,Tanzania,-3.02361,31.87472,1244.3
Bungu,Tanzania,-7.63369,39.05818,156.3
Bunda,Tanzania,-2.05,33.86667,1170.2
Bukoba,Tanzania,-1.33167,31.81222,1147.2
Bugarama,Tanzania,-2.87056,30.52806,1490.2
Biharamulo,Tanzania,-2.63194,31.30889,1478.0
Basotu,Tanzania,-4.36667,35.08333,1609.3
Bashanet,Tanzania,-4.23333,35.41667,2043.1
Bariadi,Tanzania,-2.8,33.98333,1280.5
Bagamoyo,Tanzania,-6.44222,38.90422,10.6
Babati,Tanzania,-4.21667,35.75,1348.5
Arusha,Tanzania,-3.36667,36.68333,1416.4
Tingi,Tanzania,-11.3,35.03333,1194.2
Tandahimba,Tanzania,-10.75,39.63333,277.0
Songea,Tanzania,-10.68333,35.65,1110.0
Nyangao,Tanzania,-10.33333,39.28333,181.8
Newala Kisimani,Tanzania,-10.95,39.28333,682.5
Nanyamba,Tanzania,-10.68333,39.83333,240.8
Nangomba,Tanzania,-10.9,38.5,285.1
Nanganga,Tanzania,-10.38333,39.15,209.7
Nachingwea,Tanzania,-10.3725,38.76251,420.3
Mtwara,Tanzania,-10.26667,40.18333,15.2
Mbinga,Tanzania,-10.93333,35.01667,1353.9
Matiri,Tanzania,-10.75,34.9,1319.8
Masasi,Tanzania,-10.71667,38.8,429.8
Maposeni,Tanzania,-10.58333,35.4,975.9
Lukuledi,Tanzania,-10.56667,38.8,333.9
Luchingu,Tanzania,-10.9,39.33333,603.5
Lindi,Tanzania,-9.99709,39.71649,7.9
Kitama,Tanzania,-10.71667,39.73333,258.8
Kigonsera,Tanzania,-10.8,35.05,1299.1
Merelani,Tanzania,-3.56182,36.97895,918.8
Lebedyn,Ukraine,50.58518,34.4849,123.0
Druzhkivka,Ukraine,48.63013,37.55259,100.9
Vasylivka,Ukraine,47.43694,35.27417,37.2
Zvenyhorodka,Ukraine,49.07866,30.96755,155.6
Zuhres,Ukraine,48.0114,38.26444,121.0
Zolotonosha,Ukraine,49.66832,32.04047,95.5
Zolochiv,Ukraine,49.80597,24.89436,278.1
Znomenka,Ukraine,48.71278,32.66472,200.9
Zmiyiv,Ukraine,49.67453,36.34775,91.7
Zhytomyr,Ukraine,50.26487,28.67669,227.5
Zhmerynka,Ukraine,49.03705,28.11201,317.2
Zhovti Vody,Ukraine,48.34731,33.50034,144.6
Zhashkiv,Ukraine,49.24545,30.1102,234.9
Zdolbuniv,Ukraine,50.5206,26.24251,196.8
Zaporizhzhya,Ukraine,47.82289,35.19031,86.0
Yuzhne,Ukraine,46.62211,31.10131,31.0
Yevpatoriya,Ukraine,45.20091,33.36655,9.2
Yenakiyeve,Ukraine,48.23331,38.21137,207.9
Yasynuvata,Ukraine,48.1298,37.8594,257.9
Yalta,Ukraine,44.50218,34.16624,44.3
Yahotyn,Ukraine,50.27975,31.76246,129.8
Vyshhorod,Ukraine,50.58476,30.4898,112.6
Vynohradiv,Ukraine,48.14135,23.02666,135.9
Voznesensk,Ukraine,47.56494,31.33078,10.0
Volnovakha,Ukraine,47.60103,37.49674,260.1
Vovchans’k,Ukraine,50.29078,36.94108,111.1
Volodymyr-Volyns’kyy,Ukraine,50.85253,24.32364,192.8
Vyshneve,Ukraine,50.38913,30.3705,176.5
Vinnytsya,Ukraine,49.23278,28.48097,231.1
Vatutine,Ukraine,49.01502,31.06211,140.7
Vasylkiv,Ukraine,50.18693,30.31346,161.3
Uzhhorod,Ukraine,48.61667,22.3,121.2
Uman’,Ukraine,48.74838,30.22184,212.9
Tul’chyn,Ukraine,48.67448,28.84641,229.9
Tsyurupyns’k,Ukraine,46.61842,32.7189,9.7
Truskavets,Ukraine,49.27837,23.50618,353.8
Torez,Ukraine,48.03876,38.59685,236.7
Tokmak,Ukraine,47.25522,35.71238,46.8
Ternopil’,Ukraine,49.55589,25.60556,335.8
Tal’ne,Ukraine,48.88877,30.69482,126.5
Syevyerodonets’k,Ukraine,48.94832,38.49166,77.3
Svitlovods’k,Ukraine,49.04894,33.24106,69.3
Sverdlovs’k,Ukraine,48.08964,39.65243,271.0
Svatove,Ukraine,49.41029,38.15035,69.9
Svalyava,Ukraine,48.54853,22.99578,206.8
Sumy,Ukraine,50.9216,34.80029,145.2
Stryi,Ukraine,49.26223,23.85609,297.0
Stebnyk,Ukraine,49.29416,23.56357,313.8
Starokostyantyniv,Ukraine,49.75764,27.20342,268.3
Starobil’s’k,Ukraine,49.27832,38.91069,61.9
Stakhanov,Ukraine,48.56818,38.64352,219.3
Sokal’,Ukraine,50.47438,24.28288,198.1
Snizhne,Ukraine,48.02612,38.77225,290.2
Smila,Ukraine,49.22242,31.88714,95.9
Sloviansk,Ukraine,48.86667,37.61667,61.4
Slavuta,Ukraine,50.30155,26.86506,216.8
Skvyra,Ukraine,49.73177,29.66569,201.6
Skadovs’k,Ukraine,46.1161,32.91124,5.4
Synel’nykove,Ukraine,48.32044,35.51792,167.2
Simferopol,Ukraine,44.95719,34.11079,243.2
Shpola,Ukraine,49.00687,31.39471,147.8
Shostka,Ukraine,51.86296,33.4698,156.6
Shepetivka,Ukraine,50.18545,27.06365,252.7
Shakhtars’k,Ukraine,48.05657,38.43826,229.9
Sevastopol,Ukraine,44.58883,33.5224,66.9
Selydove,Ukraine,48.14708,37.30032,166.3
Sarny,Ukraine,51.33795,26.60191,156.2
Sambir,Ukraine,49.5183,23.19752,307.4
Saky,Ukraine,45.13424,33.59996,15.6
Rubizhne,Ukraine,49.01229,38.37967,73.2
Rozdil’na,Ukraine,46.84334,30.07919,148.1
Roven’ky,Ukraine,48.08331,39.37764,264.3
Romny,Ukraine,50.75104,33.47471,159.4
Rivne,Ukraine,50.62308,26.22743,210.1
Reni,Ukraine,45.45727,28.29317,29.3
Radomyshl’,Ukraine,50.49613,29.22911,165.6
Piatykhatky,Ukraine,48.41333,33.71056,167.9
Putyvl’,Ukraine,51.33745,33.87066,187.3
Pryluky,Ukraine,50.59323,32.38761,126.6
Popasna,Ukraine,48.63328,38.37804,247.2
Poltava,Ukraine,49.59373,34.54073,160.4
Polonne,Ukraine,50.12424,27.51087,234.8
Polohy,Ukraine,47.48444,36.25361,97.1
Pidhorodne,Ukraine,48.57528,35.1068,59.3
Pyryatyn,Ukraine,50.24242,32.50621,118.6
Pervomays’k,Ukraine,48.62988,38.54806,156.2
Pervomays’k,Ukraine,48.04433,30.85073,75.7
Pereyaslav-Khmel’nyts’kyy,Ukraine,50.06739,31.44969,88.1
Pereval’s’k,Ukraine,48.43779,38.84384,225.7
Pavlohrad,Ukraine,48.53426,35.87098,66.6
Ovruch,Ukraine,51.3246,28.80351,164.2
Orikhiv,Ukraine,47.56731,35.78575,55.2
Oleksandriya,Ukraine,48.66961,33.11593,105.8
Odessa,Ukraine,46.47747,30.73262,62.9
Ochakiv,Ukraine,46.61283,31.54982,38.3
Obukhiv,Ukraine,50.10689,30.61848,132.2
Novyy Buh,Ukraine,47.69308,32.5216,98.3
Novovolyns’k,Ukraine,50.72576,24.16265,241.2
Novoukrayinka,Ukraine,48.32635,31.52852,155.8
Novomoskovs’k,Ukraine,48.63799,35.24548,60.5
Novohrad-Volyns’kyy,Ukraine,50.59412,27.6165,216.0
Nova Kakhovka,Ukraine,46.75451,33.34864,15.1
Nosivka,Ukraine,50.93152,31.58282,121.3
Nizhyn,Ukraine,51.04801,31.88688,129.2
Nyzhn’ohirs’kyy,Ukraine,45.44789,34.73839,20.2
Nikopol’,Ukraine,47.57119,34.39637,63.5
Netishyn,Ukraine,50.34004,26.64171,207.8
Nadvirna,Ukraine,48.6348,24.56936,428.9
Mykolayiv,Ukraine,46.96591,31.9974,23.0
Mukacheve,Ukraine,48.43919,22.71779,126.0
Molodohvardiys’k,Ukraine,48.34511,39.65244,216.0
Mohyliv-Podil’s’kyy,Ukraine,48.44598,27.7982,70.2
Miskhor,Ukraine,44.43068,34.07965,133.9
Myrhorod,Ukraine,49.96854,33.60886,97.8
Merefa,Ukraine,49.82302,36.05069,99.7
Melitopol’,Ukraine,46.84891,35.36533,36.2
Mariupol,Ukraine,47.09514,37.54131,65.8
Marhanets’,Ukraine,47.63543,34.62769,77.8
Malyn,Ukraine,50.77233,29.23833,161.0
Makiyivka,Ukraine,48.04782,37.92576,219.9
Lyubotyn,Ukraine,49.94691,35.92907,185.1
L'viv,Ukraine,49.83826,24.02324,295.6
Lutuhyne,Ukraine,48.40507,39.22675,120.4
Luts’k,Ukraine,50.75932,25.34244,192.5
Luhansk,Ukraine,48.56705,39.31706,102.7
Lubny,Ukraine,50.01625,32.99694,151.0
Lozova,Ukraine,48.88937,36.31755,187.8
Lysychans’k,Ukraine,48.90485,38.44207,182.7
Ladyzhyn,Ukraine,48.68496,29.23679,211.9
Kiev,Ukraine,50.45466,30.5238,185.4
Kuznetsovs’k,Ukraine,51.68333,25.86667,147.1
Kurakhovo,Ukraine,47.98522,37.2821,132.9
Kupjansk,Ukraine,49.71055,37.61517,86.8
Kryvyi Rih,Ukraine,47.90966,33.38044,99.0
Krolevets’,Ukraine,51.54775,33.38475,165.0
Kreminna,Ukraine,49.0495,38.21792,65.1
Kremenets’,Ukraine,50.09693,25.72459,305.8
Kremenchuk,Ukraine,49.06802,33.42041,66.2
Krasnyy Luch,Ukraine,48.13954,38.93715,268.1
Krasnyy Lyman,Ukraine,48.98837,37.80225,99.9
Krasnoperekops’k,Ukraine,45.95716,33.7965,9.4
Krasnohrad,Ukraine,49.38009,35.44186,158.7
Krasnodon,Ukraine,48.29235,39.73921,144.7
Krasnoarmiys’k,Ukraine,48.28198,37.17585,198.3
Krasyliv,Ukraine,49.65186,26.97253,298.5
Kramators’k,Ukraine,48.72305,37.55629,69.2
Kivsharivka,Ukraine,49.63096,37.68821,95.0
Kovel’,Ukraine,51.21526,24.70867,173.9
Kotovs’k,Ukraine,47.75305,29.53205,235.7
Kostopil’,Ukraine,50.87841,26.45192,185.5
Korsun’-Shevchenkivs’kyy,Ukraine,49.41894,31.25865,118.0
Korostyshiv,Ukraine,50.31723,29.0563,179.6
Korosten’,Ukraine,50.95937,28.63855,176.2
Kostyantynivka,Ukraine,48.5277,37.7069,88.7
Konotop,Ukraine,51.24032,33.20263,142.8
Komsomol’s’ke,Ukraine,49.59701,36.52618,99.9
Kolomyya,Ukraine,48.53115,25.03649,290.5
Kivertsi,Ukraine,50.83425,25.45821,199.8
Kirovs’k,Ukraine,48.63751,38.6428,196.9
Kirovohrad,Ukraine,48.5132,32.2597,113.1
Kiliya,Ukraine,45.45518,29.26367,3.7
Khust,Ukraine,48.1793,23.29909,168.5
Khmel’nyts’kyy,Ukraine,49.42161,26.99653,286.2
Khmil’nyk,Ukraine,49.55979,27.95754,264.3
Kherson,Ukraine,46.65581,32.6178,51.8
Khartsyz’k,Ukraine,48.04243,38.14728,243.0
Kharkiv,Ukraine,49.98081,36.25272,111.4
Kerch,Ukraine,45.3607,36.4706,3.0
Kozyatyn,Ukraine,49.71431,28.83385,294.4
Karlivka,Ukraine,49.45723,35.12975,150.2
Kaniv,Ukraine,49.75182,31.46004,123.3
Kamieniec Podolski,Ukraine,48.6845,26.58559,230.4
Kalush,Ukraine,49.01187,24.37308,281.0
Kalynivka,Ukraine,49.45389,28.52608,280.2
Kakhovka,Ukraine,46.81371,33.48698,29.9
Izyum,Ukraine,49.20875,37.24849,78.9
Izyaslav,Ukraine,50.11947,26.82125,233.7
Izmayil,Ukraine,45.34929,28.84079,26.9
Ivano-Frankivs’k,Ukraine,48.9215,24.70972,261.1
Irpin,Ukraine,50.52175,30.25055,120.6
Ilovays’k,Ukraine,47.92498,38.20235,195.4
Illichivs’k,Ukraine,46.30495,30.65478,25.0
Horodok,Ukraine,49.16374,26.58394,254.3
Horlivka,Ukraine,48.33576,38.05325,284.3
Hlukhiv,Ukraine,51.67822,33.9162,173.9
Hulyaypole,Ukraine,47.66389,36.25633,110.9
Horodok,Ukraine,49.78465,23.64806,282.3
Horodyshche,Ukraine,49.28489,31.44513,110.3
Hola Prystan’,Ukraine,46.52719,32.52417,2.6
Heniches’k,Ukraine,46.17592,34.8034,10.0
Hayvoron,Ukraine,48.33958,29.86791,148.8
Haysyn,Ukraine,48.81143,29.38977,207.8
Hadyach,Ukraine,50.37112,33.99099,153.0
Feodosiya,Ukraine,45.03677,35.37789,20.7
Fastiv,Ukraine,50.0767,29.9177,205.9
Energodar,Ukraine,47.49865,34.6574,30.8
Dzhankoy,Ukraine,45.71168,34.39274,14.4
Dzerzhyns’k,Ukraine,48.39869,37.84787,205.0
Dunaivtsi,Ukraine,48.88909,26.85636,320.7
Dubno,Ukraine,50.41694,25.73432,201.3
Drohobych,Ukraine,49.34991,23.50561,296.3
Donetsk,Ukraine,48.023,37.80224,221.2
Dolyna,Ukraine,48.9733,24.00944,403.8
Dolyns'ka,Ukraine,48.11041,32.76449,190.1
Dokuchayevs’k,Ukraine,47.75046,37.67936,156.6
Dobropillya,Ukraine,48.46147,37.08524,182.8
Dnipropetrovsk,Ukraine,48.45,34.98333,140.0
Dniprodzerzhyns’k,Ukraine,48.51134,34.6021,96.6
Dniprorudne,Ukraine,47.38169,34.97652,66.6
Dymytrov,Ukraine,48.30523,37.26091,175.5
Derhachi,Ukraine,50.10659,36.12112,120.9
Debal’tseve,Ukraine,48.34072,38.4049,322.8
Chuhuyiv,Ukraine,49.83588,36.68803,133.9
Chortkiv,Ukraine,49.01709,25.79804,225.9
Chervonopartyzans’k,Ukraine,48.07613,39.79618,299.8
Chervonohrad,Ukraine,50.39105,24.23514,194.1
Chernivtsi,Ukraine,48.29149,25.94034,231.4
Chernihiv,Ukraine,51.50551,31.28487,128.5
Cherkasy,Ukraine,49.42854,32.06207,108.0
Bucha,Ukraine,50.54345,30.21201,132.5
Bryanka,Ukraine,48.511,38.67222,222.2
Brovary,Ukraine,50.51809,30.80671,130.9
Brody,Ukraine,50.08791,25.15027,223.9
Boyarka,Ukraine,50.31911,30.29728,178.9
Boryspil’,Ukraine,50.35269,30.95501,114.5
Boryslav,Ukraine,49.28672,23.43238,360.1
Bolhrad,Ukraine,45.68262,28.61487,72.4
Bohuslav,Ukraine,49.54939,30.8744,165.3
Bohodukhiv,Ukraine,50.16466,35.52765,151.4
Bilhorod-Dnistrovs’kyy,Ukraine,46.1952,30.34938,21.4
Bila Tserkva,Ukraine,49.80939,30.11209,176.8
Бережани,Ukraine,49.45,24.93333,308.7
Berehove,Ukraine,48.20555,22.64418,118.0
Berdychiv,Ukraine,49.89928,28.60235,253.1
Berdyans’k,Ukraine,46.76644,36.79872,33.7
Bilopillya,Ukraine,51.15016,34.31287,166.0
Bilohirs’k,Ukraine,45.05462,34.60185,183.4
Bar,Ukraine,49.07717,27.68256,281.3
Balta,Ukraine,47.93548,29.61982,118.8
Balakliya,Ukraine,49.4627,36.85951,81.4
Balaklava,Ukraine,44.51118,33.59942,8.2
Bakhmach,Ukraine,51.18144,32.83463,146.7
Bakhchysaray,Ukraine,44.75525,33.85782,173.6
Avdiyivka,Ukraine,48.13989,37.74255,213.5
Artsyz,Ukraine,45.99194,29.41824,18.8
Artemivs’k,Ukraine,48.59559,37.99987,99.0
Armyans’k,Ukraine,46.10919,33.69206,15.5
Apostolove,Ukraine,47.66003,33.71369,87.4
Antratsyt,Ukraine,48.11503,39.09128,235.2
Amvrosiyivka,Ukraine,47.79348,38.47768,142.9
Alushta,Ukraine,44.67728,34.4097,37.6
Alchevs’k,Ukraine,48.46893,38.81669,214.4
Okhtyrka,Ukraine,50.31036,34.89879,113.1
Komsomolsk,Ukraine,49.01018,33.63567,73.2
Славутич,Ukraine,51.51964,30.73434,137.5
Yuzhnoukrains'k,Ukraine,47.81777,31.18263,88.9
Novoyavorivs'k,Ukraine,49.93023,23.57357,301.9
Yumbe,Uganda,3.46506,31.24689,981.2
Wobulenzi,Uganda,0.72833,32.51222,1150.5
Wakiso,Uganda,0.40444,32.45944,1201.8
Tororo,Uganda,0.69299,34.18085,1198.9
Soroti,Uganda,1.71464,33.61113,1124.5
Pallisa,Uganda,1.145,33.70944,1051.5
Paidha,Uganda,2.41669,30.98551,1492.2
Nyachera,Uganda,-0.9,30.41667,1401.4
Ntungamo,Uganda,-0.88333,29.65,1171.5
Ntungamo,Uganda,-0.87944,30.26417,1416.6
Njeru,Uganda,0.41861,33.17306,1231.6
Nebbi,Uganda,2.47826,31.08893,1012.8
Namasuba,Uganda,0.68944,32.42139,1242.3
Mukono,Uganda,0.35333,32.75528,1187.2
Mubende,Uganda,0.55849,31.39489,1308.9
Moyo,Uganda,3.66088,31.72474,972.2
Mityana,Uganda,0.4175,32.02278,1195.5
Mbarara,Uganda,-0.60467,30.64851,1422.6
Mbale,Uganda,1.08209,34.17503,1119.1
Masindi,Uganda,1.67444,31.715,1138.0
Masaka,Uganda,-0.33379,31.73409,1281.3
Luwero,Uganda,0.84917,32.47306,1104.2
Lugazi,Uganda,0.37722,32.91972,1166.0
Lira,Uganda,2.2499,32.89985,1095.0
Kyenjojo,Uganda,0.63278,30.62139,1329.3
Kotido,Uganda,2.98056,34.13306,1225.8
Kitgum,Uganda,3.27833,32.88667,945.7
Kireka,Uganda,0.3475,32.64917,1179.9
Kayunga,Uganda,0.7025,32.88861,1064.1
Kasese,Uganda,0.18333,30.08333,987.8
Kamwenge,Uganda,0.1866,30.45393,1253.5
Kampala,Uganda,0.31628,32.58219,1212.1
Kabale,Uganda,-1.24857,29.98993,1833.7
Jinja,Uganda,0.43902,33.20317,1183.2
Iganga,Uganda,0.60917,33.46861,1126.7
Hoima,Uganda,1.43314,31.35241,1129.1
Gulu,Uganda,2.77457,32.29899,1102.0
Fort Portal,Uganda,0.66174,30.2748,1518.7
Entebbe,Uganda,0.06444,32.44694,1134.9
Bwizibwera,Uganda,-0.59167,30.62861,1412.0
Buwenge,Uganda,0.64222,33.17444,1122.1
Busia,Uganda,0.46588,34.09221,1217.3
Busembatia,Uganda,0.76972,33.61306,1102.1
Bundibugyo,Uganda,0.71117,30.06469,933.6
Bugiri,Uganda,0.57139,33.74167,1135.2
Arua,Uganda,3.02013,30.91105,1214.5
Adjumani,Uganda,3.37786,31.7909,814.2
Fort Hunt,United States,38.73289,-77.05803,8.4
Bessemer,United States,33.40178,-86.95444,165.2
Paducah,United States,37.08339,-88.60005,104.1
Birmingham,United States,33.52066,-86.80249,186.1
Center Point,United States,33.64566,-86.6836,254.2
Daphne,United States,30.60353,-87.9036,50.5
Decatur,United States,34.60593,-86.98334,175.5
Dothan,United States,31.22323,-85.39049,100.6
East Florence,United States,34.80953,-87.64947,166.4
Enterprise,United States,31.31517,-85.85522,108.6
Fairhope,United States,30.52297,-87.90333,40.0
Florence,United States,34.79981,-87.67725,169.8
Gadsden,United States,34.01426,-86.00664,170.0
Helena,United States,33.29622,-86.8436,128.7
Homewood,United States,33.47177,-86.80082,202.7
Hoover,United States,33.40539,-86.81138,176.0
Hueytown,United States,33.45122,-86.99666,181.4
Huntsville,United States,34.73037,-86.5861,200.5
Madison,United States,34.69926,-86.74833,215.8
Mobile,United States,30.69436,-88.04305,5.4
Montgomery,United States,32.36681,-86.29997,71.9
Mountain Brook,United States,33.50094,-86.75221,233.2
Northport,United States,33.22901,-87.57723,65.0
Opelika,United States,32.64541,-85.37828,245.2
Oxford,United States,33.61427,-85.83496,199.1
Pelham,United States,33.28567,-86.80999,147.7
Phenix City,United States,32.47098,-85.00077,74.7
Prattville,United States,32.46402,-86.4597,101.2
Prichard,United States,30.7388,-88.07889,7.8
Selma,United States,32.40736,-87.0211,41.1
Talladega,United States,33.43594,-86.1058,172.5
Tillmans Corner,United States,30.59019,-88.17084,28.4
Troy,United States,31.80877,-85.96995,162.6
Trussville,United States,33.61983,-86.60888,212.0
Tuscaloosa,United States,33.20984,-87.56917,67.9
Vestavia Hills,United States,33.44872,-86.78777,291.1
Bella Vista,United States,36.4807,-94.27134,368.3
Benton,United States,34.56454,-92.58683,125.7
Bentonville,United States,36.37285,-94.20882,396.1
Blytheville,United States,35.9273,-89.91898,77.1
Bryant,United States,34.59593,-92.48905,124.2
Cabot,United States,34.97453,-92.01653,89.4
Conway,United States,35.0887,-92.4421,96.9
El Dorado,United States,33.20763,-92.66627,76.8
Fayetteville,United States,36.06258,-94.15743,427.0
Forrest City,United States,35.00815,-90.78983,78.5
Fort Smith,United States,35.38592,-94.39855,132.1
Hot Springs,United States,34.5037,-93.05518,179.9
Jacksonville,United States,34.8662,-92.11015,85.3
Jonesboro,United States,35.8423,-90.70428,98.8
Little Rock,United States,34.74648,-92.28959,107.7
Maumelle,United States,34.86676,-92.40432,105.8
North Little Rock,United States,34.76954,-92.26709,80.4
Paragould,United States,36.0584,-90.49733,95.2
Pine Bluff,United States,34.22843,-92.0032,66.8
Rogers,United States,36.33202,-94.11854,418.1
Russellville,United States,35.27842,-93.13379,106.6
Searcy,United States,35.25064,-91.73625,81.0
Siloam Springs,United States,36.18814,-94.5405,344.9
Springdale,United States,36.18674,-94.12881,403.7
Texarkana,United States,33.44179,-94.03769,111.7
Van Buren,United States,35.43676,-94.34827,125.8
West Memphis,United States,35.14648,-90.18454,64.8
"Washington, D.C.",United States,38.89511,-77.03637,6.6
Bear,United States,39.62928,-75.65826,20.2
Dover,United States,39.15817,-75.52437,9.6
Middletown,United States,39.44956,-75.71632,20.8
Newark,United States,39.68372,-75.74966,41.8
Wilmington,United States,39.74595,-75.54659,32.5
Allapattah,United States,25.81454,-80.22394,3.7
Altamonte Springs,United States,28.66111,-81.36562,28.6
Apopka,United States,28.67617,-81.51186,44.5
Aventura,United States,25.95648,-80.13921,4.6
Bartow,United States,27.89641,-81.84314,41.0
Bayonet Point,United States,28.32667,-82.68343,9.2
Bayshore Gardens,United States,27.42532,-82.59038,4.9
Belle Glade,United States,26.68451,-80.66756,5.1
Bellview,United States,30.46159,-87.31497,24.2
Bloomingdale,United States,27.89364,-82.24037,18.2
Boca Del Mar,United States,26.34508,-80.14671,4.7
Boca Raton,United States,26.35869,-80.0831,5.5
Bonita Springs,United States,26.33981,-81.7787,5.2
Boynton Beach,United States,26.52535,-80.06643,5.9
Bradenton,United States,27.49893,-82.57482,3.1
Brandon,United States,27.9378,-82.28592,14.6
Brent,United States,30.46881,-87.23608,30.0
Brownsville,United States,25.82176,-80.24116,5.3
Buenaventura Lakes,United States,28.33584,-81.35313,22.6
Cantonment,United States,30.60853,-87.33998,45.3
Cape Coral,United States,26.56285,-81.94953,3.6
Carol City,United States,25.94065,-80.2456,3.5
Carrollwood,United States,28.05002,-82.49287,13.4
Carrollwood Village,United States,28.06752,-82.52093,13.2
Casselberry,United States,28.67778,-81.32785,16.4
Citrus Park,United States,28.07835,-82.56982,15.3
Clearwater,United States,27.96585,-82.8001,13.3
Clermont,United States,28.54944,-81.77285,42.7
Cocoa,United States,28.38612,-80.742,11.3
Coconut Creek,United States,26.25175,-80.17894,2.2
Coconut Grove,United States,25.7126,-80.25699,3.8
Cooper City,United States,26.05731,-80.27172,1.6
Coral Gables,United States,25.72149,-80.26838,5.3
Coral Springs,United States,26.27119,-80.2706,3.4
Coral Terrace,United States,25.74593,-80.3045,3.2
Country Walk,United States,25.63399,-80.43228,3.7
Country Club,United States,25.94815,-80.317,2.7
Crestview,United States,30.76213,-86.57051,73.0
Cutler,United States,25.6151,-80.31061,4.4
Cutler Ridge,United States,25.58066,-80.34672,4.8
Dania Beach,United States,26.05231,-80.14393,4.5
Davie,United States,26.06287,-80.2331,2.9
Daytona Beach,United States,29.21081,-81.02283,3.9
DeLand,United States,29.02832,-81.30312,14.3
DeBary,United States,28.88305,-81.30868,22.8
Deerfield Beach,United States,26.31841,-80.09977,3.7
Delray Beach,United States,26.46146,-80.07282,6.4
Deltona,United States,28.90054,-81.26367,10.5
Doral,United States,25.81954,-80.35533,2.8
Dunedin,United States,28.0199,-82.77323,8.7
East Lake,United States,28.11085,-82.69482,6.4
East Pensacola Heights,United States,30.42881,-87.17997,14.0
Edgewater,United States,28.98888,-80.90228,2.1
Egypt Lake-Leto,United States,28.01769,-82.50619,13.1
Ensley,United States,30.51881,-87.27275,42.9
Estero,United States,26.43814,-81.80675,4.6
Eustis,United States,28.85277,-81.68535,22.1
Ferry Pass,United States,30.5102,-87.21247,37.1
Flagami,United States,25.76232,-80.31616,3.1
Florida Ridge,United States,27.58031,-80.38672,4.6
Fort Lauderdale,United States,26.12231,-80.14338,3.4
Fort Myers,United States,26.62168,-81.84059,5.0
Fort Pierce,United States,27.44671,-80.32561,5.6
Fort Walton Beach,United States,30.42077,-86.61939,6.8
Fountainebleau,United States,25.77288,-80.34783,4.3
Fruit Cove,United States,30.11107,-81.64176,7.0
Gainesville,United States,29.65163,-82.32483,56.9
Glenvar Heights,United States,25.7076,-80.32561,6.6
Golden Gate,United States,26.18787,-81.69509,4.4
Golden Glades,United States,25.91176,-80.20033,2.9
Greenacres City,United States,26.62368,-80.12532,4.4
Haines City,United States,28.1145,-81.62009,58.7
Hallandale Beach,United States,25.9812,-80.14838,3.8
Hialeah,United States,25.8576,-80.27811,3.3
Hialeah Gardens,United States,25.8651,-80.3245,3.0
Holiday,United States,28.18779,-82.73955,5.1
Hollywood,United States,26.0112,-80.14949,8.0
Homestead,United States,25.46872,-80.47756,2.4
Immokalee,United States,26.41869,-81.4173,10.1
Iona,United States,26.52036,-81.96398,1.9
Ives Estates,United States,25.96231,-80.17671,3.2
Jacksonville,United States,30.33218,-81.65565,5.0
Jacksonville Beach,United States,30.29469,-81.39314,2.0
Jasmine Estates,United States,28.29306,-82.6901,2.9
Jupiter,United States,26.93422,-80.09421,3.4
Kendale Lakes,United States,25.70816,-80.407,5.1
Kendall,United States,25.67927,-80.31727,4.4
Key West,United States,24.55524,-81.78163,2.4
Keystone,United States,28.15585,-82.62121,11.3
Kissimmee,United States,28.30468,-81.41667,21.6
Lake Butler,United States,28.50167,-81.54091,27.5
Lake Magdalene,United States,28.07418,-82.47176,23.1
Lake Worth,United States,26.61708,-80.07231,4.5
Lake Worth Corridor,United States,26.61649,-80.10102,4.2
Lakeland,United States,28.03947,-81.9498,61.7
Lakeside,United States,30.12996,-81.76815,19.9
Land O' Lakes,United States,28.2189,-82.45759,25.8
Largo,United States,27.90979,-82.78842,12.7
Lauderdale Lakes,United States,26.16647,-80.20838,2.4
Lauderhill,United States,26.14036,-80.21338,2.9
Lealman,United States,27.82114,-82.67927,14.7
Leesburg,United States,28.81082,-81.87786,30.3
Lehigh Acres,United States,26.62535,-81.6248,7.6
Leisure City,United States,25.49539,-80.42922,3.1
Lutz,United States,28.15112,-82.46148,21.4
Lynn Haven,United States,30.24548,-85.64826,4.3
Maitland,United States,28.62778,-81.36312,29.2
Margate,United States,26.24453,-80.20644,4.0
Meadow Woods,United States,28.38556,-81.36646,16.9
Melbourne,United States,28.08363,-80.60811,6.6
Merritt Island,United States,28.53917,-80.672,4.0
Miami,United States,25.77427,-80.19366,4.9
Miami Beach,United States,25.79065,-80.13005,3.0
Miami Gardens,United States,25.94204,-80.2456,2.8
Miami Lakes,United States,25.90871,-80.30866,3.1
Miramar,United States,25.98731,-80.23227,2.3
Myrtle Grove,United States,30.42103,-87.30747,18.1
Naples,United States,26.14234,-81.79596,7.3
Navarre,United States,30.40159,-86.86357,2.3
New Smyrna Beach,United States,29.02582,-80.927,3.5
Norland,United States,25.94898,-80.21227,3.0
North Fort Myers,United States,26.66729,-81.88009,1.9
North Lauderdale,United States,26.2173,-80.22588,3.9
North Miami,United States,25.89009,-80.18671,3.9
North Miami Beach,United States,25.93315,-80.16255,6.3
North Port,United States,27.04422,-82.23593,3.8
Oak Ridge,United States,28.47112,-81.42452,28.9
Oakland Park,United States,26.17231,-80.13199,2.3
Ocala,United States,29.1872,-82.14009,20.9
Ocoee,United States,28.56917,-81.54396,36.9
Ojus,United States,25.94843,-80.1506,3.3
Opa-locka,United States,25.90232,-80.25033,3.1
Orlando,United States,28.53834,-81.37924,29.6
Ormond Beach,United States,29.28581,-81.05589,3.2
Oviedo,United States,28.67,-81.20812,16.6
Pace,United States,30.59936,-87.16108,20.6
Palm Bay,United States,28.03446,-80.58866,4.8
Palm Beach Gardens,United States,26.82339,-80.13865,5.9
Palm City,United States,27.16783,-80.26616,2.2
Palm Coast,United States,29.58497,-81.20784,2.9
Palm Harbor,United States,28.07807,-82.76371,18.0
Palm Springs,United States,26.6359,-80.09615,5.6
Palm Valley,United States,30.17746,-81.38758,3.6
Palmetto Bay,United States,25.62177,-80.32477,4.1
Panama City,United States,30.15946,-85.65983,9.4
Parkland,United States,26.31008,-80.23727,4.6
Pembroke Pines,United States,26.00315,-80.22394,3.0
Pensacola,United States,30.42131,-87.21691,14.5
Pine Hills,United States,28.55778,-81.4534,34.9
Pinecrest,United States,25.66705,-80.30811,4.0
Pinellas Park,United States,27.8428,-82.69954,6.6
Pinewood,United States,25.86898,-80.21699,2.8
Plant City,United States,28.01888,-82.11469,40.2
Plantation,United States,26.13421,-80.23184,3.0
Poinciana,United States,28.14029,-81.45841,20.0
Pompano Beach,United States,26.23786,-80.12477,5.6
Ponte Vedra Beach,United States,30.23969,-81.38564,3.7
Port Charlotte,United States,26.97617,-82.09064,2.8
Port Orange,United States,29.13832,-80.99561,2.6
Port Saint Lucie,United States,27.29393,-80.35033,3.3
Princeton,United States,25.53844,-80.40894,2.9
Punta Gorda,United States,26.92978,-82.04537,3.0
Punta Gorda Isles,United States,26.91756,-82.07842,1.9
Richmond West,United States,25.6105,-80.42971,3.2
Riverview,United States,27.86614,-82.32648,8.1
Riviera Beach,United States,26.77534,-80.0581,3.9
Rockledge,United States,28.35084,-80.72533,8.9
Royal Palm Beach,United States,26.7084,-80.2306,8.6
Ruskin,United States,27.72086,-82.43315,1.2
Safety Harbor,United States,27.99085,-82.69316,5.9
Saint Cloud,United States,28.2489,-81.28118,23.6
Saint Petersburg,United States,27.77086,-82.67927,14.5
San Carlos Park,United States,26.4673,-81.80147,6.4
Sanford,United States,28.80055,-81.27312,10.4
Sarasota,United States,27.33643,-82.53065,6.9
Sebastian,United States,27.81641,-80.47061,6.1
Seminole,United States,27.83975,-82.79121,11.6
South Bradenton,United States,27.4631,-82.58176,6.5
South Miami Heights,United States,25.59761,-80.38061,3.7
Southchase,United States,28.39306,-81.3834,28.0
Spring Hill,United States,28.47688,-82.52546,14.8
Stuart,United States,27.19755,-80.25283,4.6
Sun City Center,United States,27.71809,-82.35176,17.3
Sunny Isles Beach,United States,25.95065,-80.12282,2.9
Sunrise,United States,26.13397,-80.1131,3.2
Sunset,United States,25.70594,-80.35228,2.7
Tallahassee,United States,30.43826,-84.28073,60.1
Tamarac,United States,26.21286,-80.24977,4.3
Tamiami,United States,25.75871,-80.39839,3.4
Tampa,United States,27.94752,-82.45843,4.9
Tarpon Springs,United States,28.14612,-82.75677,7.3
Temple Terrace,United States,28.0353,-82.38926,24.2
The Crossings,United States,25.67066,-80.40117,3.0
The Hammocks,United States,25.67149,-80.4445,4.7
The Villages,United States,28.93408,-81.95994,22.1
Three Lakes,United States,25.64205,-80.39839,2.6
Titusville,United States,28.61222,-80.80755,4.2
Town 'n' Country,United States,28.01057,-82.57732,5.7
University Park,United States,25.74649,-80.36755,3.4
Valrico,United States,27.93789,-82.23644,14.8
Venice,United States,27.09978,-82.45426,5.1
Vero Beach,United States,27.63864,-80.39727,5.5
Wekiwa Springs,United States,28.69861,-81.42563,14.9
Wellington,United States,26.65868,-80.24144,5.2
Wesley Chapel,United States,28.23973,-82.32787,33.7
Westchase,United States,28.05502,-82.60982,8.0
West Little River,United States,25.85704,-80.23699,2.9
West Melbourne,United States,28.07168,-80.65339,9.0
West Palm Beach,United States,26.71534,-80.05337,9.7
West Pensacola,United States,30.42659,-87.27969,25.1
West and East Lealman,United States,27.81993,-82.68944,11.6
Westchester,United States,25.75482,-80.32727,3.8
Weston,United States,26.10037,-80.39977,4.4
Winter Garden,United States,28.56528,-81.58618,40.8
Winter Haven,United States,28.02224,-81.73286,50.4
Winter Park,United States,28.6,-81.33924,30.3
Winter Springs,United States,28.69889,-81.30812,15.8
Wright,United States,30.45575,-86.63829,15.2
Acworth,United States,34.06635,-84.67837,276.3
Albany,United States,31.57851,-84.15574,63.1
Alpharetta,United States,34.07538,-84.29409,345.5
Americus,United States,32.07239,-84.23269,131.8
Athens,United States,33.96095,-83.37794,229.2
Atlanta,United States,33.749,-84.38798,323.5
Augusta,United States,33.47097,-81.97484,47.3
Belvedere Park,United States,33.75483,-84.26742,304.6
Brookhaven,United States,33.85844,-84.3402,297.9
Brunswick,United States,31.14995,-81.49149,5.3
Calhoun,United States,34.50259,-84.95105,203.8
Canton,United States,34.23676,-84.49076,296.3
Carrollton,United States,33.58011,-85.07661,336.1
Cartersville,United States,34.16533,-84.80231,234.2
Columbus,United States,32.46098,-84.98771,73.1
Conyers,United States,33.66761,-84.01769,278.2
Dalton,United States,34.7698,-84.97022,233.7
Decatur,United States,33.77483,-84.29631,316.9
Douglasville,United States,33.7515,-84.74771,368.4
Dublin,United States,32.54044,-82.90375,72.6
Duluth,United States,34.00288,-84.14464,332.9
Dunwoody,United States,33.94621,-84.33465,343.6
East Point,United States,33.67955,-84.43937,321.6
Evans,United States,33.53375,-82.13067,129.8
Fayetteville,United States,33.44873,-84.45493,286.2
Forest Park,United States,33.62205,-84.36909,301.6
Gainesville,United States,34.29788,-83.82407,381.3
Griffin,United States,33.24678,-84.26409,297.1
Hinesville,United States,31.84688,-81.59595,19.2
Kennesaw,United States,34.02343,-84.61549,331.6
Kingsland,United States,30.79996,-81.68983,12.1
La Grange,United States,33.03929,-85.03133,240.1
Lawrenceville,United States,33.95621,-83.98796,326.8
Lithia Springs,United States,33.794,-84.66049,318.5
Mableton,United States,33.81872,-84.58243,298.7
Macon,United States,32.84069,-83.6324,115.6
Marietta,United States,33.9526,-84.54993,342.8
Martinez,United States,33.51736,-82.07567,109.8
McDonough,United States,33.44734,-84.14686,261.9
Milledgeville,United States,33.08014,-83.2321,106.2
Newnan,United States,33.38067,-84.79966,296.3
North Decatur,United States,33.79038,-84.30603,301.7
North Druid Hills,United States,33.81677,-84.31326,304.5
Peachtree City,United States,33.39678,-84.59576,276.5
Pooler,United States,32.11548,-81.24706,6.1
Redan,United States,33.74538,-84.13158,298.6
Riverdale,United States,33.57261,-84.41326,279.7
Rome,United States,34.25704,-85.16467,189.5
Roswell,United States,34.02316,-84.36159,333.0
St. Marys,United States,30.73051,-81.54649,6.4
Sandy Springs,United States,33.92427,-84.37854,332.7
Savannah,United States,32.08354,-81.09983,6.3
Smyrna,United States,33.88399,-84.51438,321.3
Snellville,United States,33.85733,-84.01991,324.2
Statesboro,United States,32.44879,-81.78317,80.3
Stockbridge,United States,33.54428,-84.23381,245.7
Sugar Hill,United States,34.10649,-84.03352,351.0
Suwanee,United States,34.05149,-84.0713,303.5
Thomasville,United States,30.83658,-83.97878,88.7
Tifton,United States,31.45046,-83.5085,108.4
Tucker,United States,33.85455,-84.21714,341.1
Union City,United States,33.58706,-84.54243,296.9
Valdosta,United States,30.83334,-83.28032,65.8
Warner Robins,United States,32.62098,-83.5999,93.5
Wilmington Island,United States,32.00355,-80.97372,5.4
Woodstock,United States,34.10149,-84.51938,295.3
Alton,United States,38.8906,-90.18428,154.3
Belleville,United States,38.52005,-89.98399,157.6
Cahokia,United States,38.57088,-90.19011,123.1
Carbondale,United States,37.72727,-89.21675,125.1
Charleston,United States,39.49615,-88.17615,204.7
Collinsville,United States,38.67033,-89.98455,173.0
Decatur,United States,39.84031,-88.9548,206.5
East Saint Louis,United States,38.6245,-90.15094,126.1
Edwardsville,United States,38.81144,-89.95316,165.2
Fairview Heights,United States,38.58894,-89.99038,178.5
Godfrey,United States,38.9556,-90.18678,184.9
Granite City,United States,38.70144,-90.14872,128.5
Jacksonville,United States,39.73394,-90.22901,186.2
Marion,United States,37.73061,-88.93313,129.6
Mattoon,United States,39.48309,-88.37283,224.3
Mount Vernon,United States,38.31727,-88.90312,156.7
O'Fallon,United States,38.59227,-89.91121,168.6
Quincy,United States,39.9356,-91.40987,174.3
Springfield,United States,39.80172,-89.64371,183.0
Upper Alton,United States,38.91144,-90.15066,166.6
Bloomington,United States,39.16533,-86.52639,248.9
Broad Ripple,United States,39.86671,-86.14165,220.9
Brownsburg,United States,39.84338,-86.39777,270.8
Carmel,United States,39.97837,-86.11804,259.4
Clarksville,United States,38.29674,-85.75996,138.5
Columbus,United States,39.20144,-85.92138,193.6
Evansville,United States,37.97476,-87.55585,116.5
Fishers,United States,39.95559,-86.01387,248.2
Greenfield,United States,39.78504,-85.76942,272.3
Greenwood,United States,39.61366,-86.10665,244.3
Indianapolis,United States,39.76838,-86.15804,218.3
Jasper,United States,38.39144,-86.93111,145.5
Jeffersonville,United States,38.27757,-85.73718,141.9
Lawrence,United States,39.83865,-86.02526,265.8
New Albany,United States,38.28562,-85.82413,139.3
New Castle,United States,39.92894,-85.37025,324.1
Plainfield,United States,39.70421,-86.39944,223.2
Richmond,United States,39.82894,-84.89024,301.0
Seymour,United States,38.95922,-85.89025,185.6
Shelbyville,United States,39.52144,-85.77692,235.1
Terre Haute,United States,39.4667,-87.41391,152.3
Vincennes,United States,38.67727,-87.52863,127.3
Derby,United States,37.54557,-97.26893,393.1
Emporia,United States,38.4039,-96.18166,350.4
Gardner,United States,38.81084,-94.92719,323.5
Great Bend,United States,38.36446,-98.76481,564.4
Hays,United States,38.87918,-99.32677,618.6
Hutchinson,United States,38.06084,-97.92977,469.4
Junction City,United States,39.02861,-96.8314,337.0
Kansas City,United States,39.11417,-94.62746,267.2
Lawrence,United States,38.97167,-95.23525,268.2
Leavenworth,United States,39.31111,-94.92246,254.1
Leawood,United States,38.96667,-94.6169,287.4
Lenexa,United States,38.95362,-94.73357,316.9
Manhattan,United States,39.18361,-96.57167,313.8
Newton,United States,38.04668,-97.34504,439.9
Olathe,United States,38.8814,-94.81913,319.3
Overland Park,United States,38.98223,-94.67079,329.4
Pittsburg,United States,37.41088,-94.70496,286.4
Prairie Village,United States,38.99167,-94.63357,301.1
Salina,United States,38.84028,-97.61142,377.6
Shawnee,United States,39.04167,-94.72024,325.2
Topeka,United States,39.04833,-95.67804,279.2
Wichita,United States,37.69224,-97.33754,398.3
Ashland,United States,38.47841,-82.63794,175.0
Bowling Green,United States,36.99032,-86.4436,161.7
Burlington,United States,39.02756,-84.72411,255.4
Covington,United States,39.08367,-84.50855,156.1
Danville,United States,37.64563,-84.77217,310.9
Elizabethtown,United States,37.69395,-85.85913,220.7
Erlanger,United States,39.01673,-84.60078,277.0
Fern Creek,United States,38.15979,-85.58774,216.2
Florence,United States,38.99895,-84.62661,282.6
Fort Thomas,United States,39.07506,-84.44716,263.0
Frankfort,United States,38.20091,-84.87328,152.7
Georgetown,United States,38.2098,-84.55883,265.0
Henderson,United States,37.83615,-87.59001,122.2
Highview,United States,38.14285,-85.62413,204.8
Hopkinsville,United States,36.86561,-87.49117,156.7
Independence,United States,38.94312,-84.54411,276.3
Ironville,United States,38.45647,-82.69238,218.3
Jeffersontown,United States,38.19424,-85.5644,209.6
Lexington,United States,37.98869,-84.47772,295.8
Lexington-Fayette,United States,38.0498,-84.45855,306.7
Louisville,United States,38.25424,-85.75941,139.8
Madisonville,United States,37.3281,-87.49889,147.6
Meads,United States,38.41258,-82.70905,192.2
Murray,United States,36.61033,-88.31476,166.4
Newburg,United States,38.16007,-85.65968,146.9
Newport,United States,39.09145,-84.49578,156.3
Nicholasville,United States,37.88063,-84.573,286.4
Okolona,United States,38.14118,-85.68774,141.4
Owensboro,United States,37.77422,-87.11333,122.0
Pleasure Ridge Park,United States,38.14535,-85.8583,138.0
Radcliff,United States,37.84035,-85.94913,236.6
Richmond,United States,37.74786,-84.29465,290.4
Saint Matthews,United States,38.25285,-85.65579,167.6
Shively,United States,38.20007,-85.82274,138.7
Valley Station,United States,38.11118,-85.87024,134.0
Winchester,United States,37.99008,-84.17965,301.3
Alexandria,United States,31.31129,-92.44514,27.1
Baton Rouge,United States,30.45075,-91.15455,12.5
Bayou Cane,United States,29.6241,-90.7512,3.2
Bossier City,United States,32.51599,-93.73212,53.0
Central,United States,30.55435,-91.03677,19.7
Chalmette,United States,29.94296,-89.96537,2.0
Estelle,United States,29.84576,-90.10674,1.2
Gretna,United States,29.91465,-90.05396,1.1
Hammond,United States,30.50463,-90.46293,14.7
Harvey,United States,29.90354,-90.07729,1.6
Houma,United States,29.59577,-90.71953,4.7
Kenner,United States,29.99409,-90.24174,1.8
Lafayette,United States,30.22409,-92.01984,15.2
Lake Charles,United States,30.21309,-93.2044,4.3
Laplace,United States,30.06698,-90.48147,3.9
Marrero,United States,29.89937,-90.10035,2.3
Metairie,United States,29.98409,-90.15285,2.2
Metairie Terrace,United States,29.97854,-90.16396,2.2
Monroe,United States,32.50931,-92.1193,24.0
Natchitoches,United States,31.76072,-93.08627,37.9
New Iberia,United States,30.00354,-91.81873,7.0
New Orleans,United States,29.95465,-90.07507,2.1
Opelousas,United States,30.53353,-92.08151,23.0
Prairieville,United States,30.30297,-90.97205,5.4
Ruston,United States,32.52321,-92.63793,98.9
Shenandoah,United States,30.4013,-91.00094,10.0
Shreveport,United States,32.52515,-93.75018,44.7
Slidell,United States,30.27519,-89.78117,2.3
Sulphur,United States,30.23659,-93.37738,5.3
Terrytown,United States,29.91021,-90.03257,1.0
Adelphi,United States,39.00317,-76.97192,54.4
Annapolis,United States,38.97845,-76.49218,14.3
Arbutus,United States,39.25455,-76.69997,44.6
Arnold,United States,39.03206,-76.50274,36.6
Aspen Hill,United States,39.07955,-77.07303,98.8
Baltimore,United States,39.29038,-76.61219,14.9
Ballenger Creek,United States,39.3726,-77.43526,88.1
Beltsville,United States,39.03483,-76.90747,39.6
Bethesda,United States,38.98067,-77.10026,97.3
Bowie,United States,38.94278,-76.73028,45.6
Calverton,United States,39.05761,-76.93581,81.7
Camp Springs,United States,38.804,-76.90664,82.7
Carney,United States,39.39427,-76.52358,106.4
Catonsville,United States,39.27205,-76.73192,147.8
Chillum,United States,38.96372,-76.99081,43.5
Cloverly,United States,39.10816,-76.99775,158.0
Clinton,United States,38.76511,-76.89831,76.1
Cockeysville,United States,39.48122,-76.64386,94.4
College Park,United States,38.98067,-76.93692,28.6
Columbia,United States,39.24038,-76.83942,122.3
Crofton,United States,39.00178,-76.68747,24.0
Cumberland,United States,39.65287,-78.76252,193.6
Damascus,United States,39.28844,-77.20387,252.3
Dundalk,United States,39.25066,-76.52052,7.0
East Riverdale,United States,38.96206,-76.92192,10.1
Easton,United States,38.77428,-76.07633,13.3
Edgewood,United States,39.41872,-76.2944,15.5
Eldersburg,United States,39.40371,-76.95026,197.4
Elkton,United States,39.60678,-75.83327,8.2
Elkridge,United States,39.21261,-76.71358,28.2
Ellicott City,United States,39.26733,-76.79831,52.2
Essex,United States,39.30927,-76.47496,12.2
Fairland,United States,39.07622,-76.95775,125.8
Ferndale,United States,39.18316,-76.64024,23.4
Fort Washington,United States,38.70734,-77.02303,32.2
Frederick,United States,39.41427,-77.41054,90.6
Gaithersburg,United States,39.14344,-77.20137,152.0
Germantown,United States,39.17316,-77.27165,133.0
Glassmanor,United States,38.819,-76.99859,20.3
Glen Burnie,United States,39.16261,-76.62469,15.3
Green Haven,United States,39.13955,-76.54774,13.6
Greenbelt,United States,39.00455,-76.87553,45.7
Hagerstown,United States,39.64176,-77.71999,165.1
Hanover,United States,39.19289,-76.72414,28.9
Hillcrest Heights,United States,38.83289,-76.95942,83.6
Hunt Valley,United States,39.49983,-76.64108,86.1
Hyattsville,United States,38.95594,-76.94553,31.2
Ilchester,United States,39.25094,-76.76469,28.1
Lake Shore,United States,39.10705,-76.48496,18.3
Landover,United States,38.934,-76.89664,18.1
Langley Park,United States,38.98872,-76.98136,44.9
Laurel,United States,39.09928,-76.84831,50.9
Lochearn,United States,39.34066,-76.72219,126.9
Maryland City,United States,39.09205,-76.81775,64.3
Middle River,United States,39.33427,-76.43941,12.8
Milford Mill,United States,39.34788,-76.76997,149.5
Montgomery Village,United States,39.17677,-77.19526,107.8
North Bel Air,United States,39.53983,-76.35496,119.0
North Bethesda,United States,39.04455,-77.11887,117.5
North Potomac,United States,39.08289,-77.26498,72.8
Odenton,United States,39.084,-76.70025,45.1
Olney,United States,39.15316,-77.06692,164.3
Owings Mills,United States,39.41955,-76.78025,152.5
Oxon Hill,United States,38.80345,-76.9897,55.8
Parkville,United States,39.37733,-76.53969,98.9
Parole,United States,38.97956,-76.53052,18.6
Pasadena,United States,39.10733,-76.57108,20.1
Perry Hall,United States,39.41261,-76.46357,74.5
Pikesville,United States,39.37427,-76.72247,152.6
Potomac,United States,39.01817,-77.20859,107.6
Randallstown,United States,39.36733,-76.79525,173.4
Redland,United States,39.14539,-77.14415,149.5
Reisterstown,United States,39.46976,-76.8319,217.6
Rockville,United States,39.084,-77.15276,140.0
Rosedale,United States,39.32011,-76.51552,7.7
Rossville,United States,39.33844,-76.47968,10.6
Saint Charles,United States,38.60317,-76.93858,58.9
Salisbury,United States,38.36067,-75.59937,6.2
Seabrook,United States,38.96805,-76.84658,48.0
Severn,United States,39.13705,-76.6983,47.5
Severna Park,United States,39.07039,-76.54524,11.1
Silver Spring,United States,38.99067,-77.02609,104.9
South Bel Air,United States,39.53316,-76.33746,108.1
South Gate,United States,39.129,-76.6258,17.6
South Laurel,United States,39.06983,-76.85025,47.7
Suitland,United States,38.84872,-76.92386,85.7
Takoma Park,United States,38.97789,-77.00748,88.0
Towson,United States,39.4015,-76.60191,151.8
Waldorf,United States,38.62456,-76.93914,62.1
West Elkridge,United States,39.20705,-76.72692,66.1
Westminster,United States,39.57538,-76.99581,219.4
Wheaton,United States,39.03983,-77.05526,141.3
White Oak,United States,39.03983,-76.99303,117.6
Woodlawn,United States,39.32288,-76.72803,101.2
Affton,United States,38.55061,-90.33317,187.8
Arnold,United States,38.43283,-90.37762,183.2
Ballwin,United States,38.59505,-90.54623,191.0
Belton,United States,38.81195,-94.5319,337.2
Blue Springs,United States,39.01695,-94.28161,297.2
Cape Girardeau,United States,37.30588,-89.51815,109.0
Chesterfield,United States,38.66311,-90.57707,147.1
Clayton,United States,38.64255,-90.32373,170.2
Columbia,United States,38.95171,-92.33407,214.3
Concord,United States,38.5245,-90.35734,189.4
Creve Coeur,United States,38.66089,-90.42262,181.2
East Independence,United States,39.09556,-94.35523,254.0
Farmington,United States,37.78088,-90.42179,283.7
Ferguson,United States,38.74422,-90.30539,154.0
Florissant,United States,38.78922,-90.32261,177.5
Gladstone,United States,39.20389,-94.55468,290.3
Grandview,United States,38.88584,-94.53301,319.0
Hannibal,United States,39.70838,-91.35848,158.3
Hazelwood,United States,38.77144,-90.37095,172.6
Independence,United States,39.09112,-94.41551,315.1
Jefferson City,United States,38.5767,-92.17352,192.8
Joplin,United States,37.08423,-94.51328,305.6
Kansas City,United States,39.09973,-94.57857,274.9
Kirkwood,United States,38.58339,-90.40678,201.8
Lee's Summit,United States,38.91084,-94.38217,317.1
Lemay,United States,38.53339,-90.27928,148.3
Liberty,United States,39.24611,-94.41912,270.4
Manchester,United States,38.597,-90.50929,175.5
Maryland Heights,United States,38.71311,-90.42984,163.4
Mehlville,United States,38.50839,-90.32289,183.7
Nixa,United States,37.04339,-93.29435,395.6
O'Fallon,United States,38.81061,-90.69985,167.0
Oakville,United States,38.47005,-90.30456,180.7
Overland,United States,38.70116,-90.36234,195.8
Ozark,United States,37.02089,-93.20602,357.1
Poplar Bluff,United States,36.757,-90.39289,112.6
Raymore,United States,38.80195,-94.45273,335.1
Raytown,United States,39.00862,-94.46356,310.8
Rolla,United States,37.95143,-91.77127,343.1
Saint Charles,United States,38.78394,-90.48123,156.5
Saint Joseph,United States,39.76861,-94.84663,272.8
St. Louis,United States,38.62727,-90.19789,137.5
Saint Peters,United States,38.80033,-90.62651,133.6
Sedalia,United States,38.70446,-93.22826,279.4
Sikeston,United States,36.87672,-89.58786,99.5
Spanish Lake,United States,38.78783,-90.21594,164.6
Springfield,United States,37.21533,-93.29824,396.8
University City,United States,38.65588,-90.30928,160.3
Warrensburg,United States,38.76279,-93.73605,265.9
Webster Groves,United States,38.59255,-90.35734,171.1
Wentzville,United States,38.81144,-90.85291,192.5
Wildwood,United States,38.58283,-90.6629,228.7
Biloxi,United States,30.39603,-88.88531,5.8
Brandon,United States,32.2732,-89.98592,142.8
Clarksdale,United States,34.20011,-90.57093,51.8
Clinton,United States,32.34153,-90.32176,109.9
Columbus,United States,33.49567,-88.42726,67.0
Gautier,United States,30.38575,-88.61169,2.8
Greenville,United States,33.41012,-91.06177,39.5
Greenwood,United States,33.51623,-90.17953,39.0
Gulfport,United States,30.36742,-89.09282,6.5
Hattiesburg,United States,31.32712,-89.29034,54.3
Horn Lake,United States,34.95537,-90.03481,89.7
Jackson,United States,32.29876,-90.18481,88.8
Laurel,United States,31.69405,-89.13061,81.5
Madison,United States,32.46181,-90.11536,100.7
Meridian,United States,32.36431,-88.70366,103.2
Natchez,United States,31.56044,-91.40317,70.4
Ocean Springs,United States,30.41131,-88.82781,6.8
Olive Branch,United States,34.96176,-89.82953,116.2
Oxford,United States,34.3665,-89.51925,160.4
Pascagoula,United States,30.36576,-88.55613,3.1
Pearl,United States,32.27459,-90.13203,89.0
Ridgeland,United States,32.42848,-90.13231,111.4
Southaven,United States,34.98898,-90.01259,94.5
Starkville,United States,33.45049,-88.81961,100.4
Tupelo,United States,34.25807,-88.70464,86.5
Vicksburg,United States,32.35265,-90.87788,76.2
West Gulfport,United States,30.40409,-89.0942,6.4
Albemarle,United States,35.35014,-80.20006,147.1
Apex,United States,35.73265,-78.85029,153.0
Asheboro,United States,35.70791,-79.81364,257.3
Asheville,United States,35.60095,-82.55402,650.6
Boone,United States,36.21679,-81.67455,977.8
Burlington,United States,36.09569,-79.4378,200.1
Carrboro,United States,35.91014,-79.07529,140.0
Cary,United States,35.79154,-78.78112,149.9
Chapel Hill,United States,35.9132,-79.05584,151.4
Charlotte,United States,35.22709,-80.84313,239.2
Clayton,United States,35.65071,-78.45639,104.6
Clemmons,United States,36.02153,-80.382,255.0
Concord,United States,35.40888,-80.58158,208.7
Cornelius,United States,35.4868,-80.86007,236.2
Durham,United States,35.99403,-78.89862,125.7
Eden,United States,36.48847,-79.7667,178.3
Elizabeth City,United States,36.2946,-76.25105,2.6
Fayetteville,United States,35.05266,-78.87836,32.3
Fuquay-Varina,United States,35.58432,-78.80001,120.5
Garner,United States,35.71126,-78.61417,109.4
Gastonia,United States,35.26208,-81.1873,245.8
Goldsboro,United States,35.38488,-77.99277,32.0
Greensboro,United States,36.07264,-79.79198,261.0
Greenville,United States,35.61266,-77.36635,14.7
Havelock,United States,34.87905,-76.90133,7.0
Henderson,United States,36.32959,-78.39916,153.6
Hickory,United States,35.73319,-81.3412,352.6
High Point,United States,35.95569,-80.00532,283.5
Holly Springs,United States,35.65127,-78.83362,134.5
Hope Mills,United States,34.97044,-78.94531,33.9
Huntersville,United States,35.41069,-80.84285,247.5
Indian Trail,United States,35.07681,-80.66924,213.1
Jacksonville,United States,34.75405,-77.43024,4.3
Kannapolis,United States,35.48736,-80.62173,243.6
Kernersville,United States,36.11986,-80.07365,309.3
Kinston,United States,35.26266,-77.58164,13.4
Laurinburg,United States,34.77405,-79.46282,68.5
Lenoir,United States,35.91402,-81.53898,357.0
Lexington,United States,35.82403,-80.25338,245.9
Lumberton,United States,34.61834,-79.01045,36.0
Matthews,United States,35.11681,-80.72368,224.1
Mint Hill,United States,35.17959,-80.64729,240.5
Monroe,United States,34.98543,-80.54951,179.4
Mooresville,United States,35.58486,-80.81007,278.6
Morganton,United States,35.74541,-81.68482,351.9
Morrisville,United States,35.82348,-78.82556,90.7
New Bern,United States,35.10849,-77.04411,3.3
Raleigh,United States,35.7721,-78.63861,95.0
Roanoke Rapids,United States,36.46154,-77.65415,48.8
Rocky Mount,United States,35.93821,-77.79053,33.4
Salisbury,United States,35.67097,-80.47423,235.5
Sanford,United States,35.47988,-79.1803,107.8
Shelby,United States,35.29235,-81.53565,261.9
Statesville,United States,35.78264,-80.8873,277.5
Thomasville,United States,35.88264,-80.08199,257.2
Wake Forest,United States,35.97987,-78.50972,114.3
West Raleigh,United States,35.78682,-78.66389,122.3
Wilmington,United States,34.22573,-77.94471,7.3
Wilson,United States,35.72127,-77.91554,34.8
Winston-Salem,United States,36.09986,-80.24422,279.4
Atlantic City,United States,39.36428,-74.42293,1.9
Bridgeton,United States,39.42734,-75.23408,2.9
Camden,United States,39.92595,-75.11962,3.0
Cherry Hill,United States,39.93484,-75.03073,16.8
Glassboro,United States,39.70289,-75.11184,43.2
Jackson,United States,39.7765,-74.86238,35.7
Lindenwold,United States,39.82428,-74.99767,29.5
Maple Shade,United States,39.95261,-74.99239,18.3
Millville,United States,39.40206,-75.03934,12.2
Mount Laurel,United States,39.934,-74.891,25.2
Ocean Acres,United States,39.74345,-74.28098,36.0
Pennsauken,United States,39.95622,-75.05795,19.7
Pleasantville,United States,39.38984,-74.52404,6.5
Sicklerville,United States,39.71734,-74.96933,41.4
South Vineland,United States,39.44595,-75.02879,26.6
Toms River,United States,39.95373,-74.19792,5.3
Vineland,United States,39.48623,-75.02573,34.4
Williamstown,United States,39.68623,-74.99517,43.5
Athens,United States,39.32924,-82.10126,221.9
Beavercreek,United States,39.70923,-84.06327,266.4
Centerville,United States,39.62839,-84.15938,311.4
Cincinnati,United States,39.162,-84.45689,193.2
Columbus,United States,39.96118,-82.99879,228.9
Dayton,United States,39.75895,-84.19161,226.2
Fairborn,United States,39.82089,-84.01938,255.9
Fairfield,United States,39.34589,-84.5605,183.6
Forest Park,United States,39.29034,-84.50411,252.4
Grove City,United States,39.88145,-83.09296,259.3
Hamilton,United States,39.3995,-84.56134,186.0
Huber Heights,United States,39.84395,-84.12466,284.8
Kettering,United States,39.6895,-84.16883,306.2
Lancaster,United States,39.71368,-82.59933,271.1
Lebanon,United States,39.43534,-84.20299,237.2
Mason,United States,39.36006,-84.30994,245.0
Miamisburg,United States,39.64284,-84.28661,214.1
Middletown,United States,39.51506,-84.39828,201.3
Norwood,United States,39.15561,-84.45966,198.9
Oxford,United States,39.507,-84.74523,287.0
Pickerington,United States,39.88423,-82.7535,255.1
Portsmouth,United States,38.73174,-82.99767,163.0
Reynoldsburg,United States,39.95479,-82.81212,267.2
Riverside,United States,39.77978,-84.1241,237.9
Springboro,United States,39.55228,-84.23327,239.2
Springfield,United States,39.92423,-83.80882,301.8
Trotwood,United States,39.79728,-84.31133,255.4
Upper Arlington,United States,39.99451,-83.06241,246.3
Vandalia,United States,39.89061,-84.19883,303.0
White Oak,United States,39.21311,-84.59939,279.8
Whitehall,United States,39.96673,-82.88546,241.1
Xenia,United States,39.68478,-83.92965,285.9
Zanesville,United States,39.94035,-82.01319,208.5
Ada,United States,34.77453,-96.67834,311.9
Altus,United States,34.63813,-99.33398,428.9
Ardmore,United States,34.17426,-97.14363,265.1
Bartlesville,United States,36.74731,-95.98082,215.6
Bethany,United States,35.51867,-97.63226,400.2
Bixby,United States,35.94204,-95.88332,184.0
Broken Arrow,United States,36.0526,-95.79082,231.3
Chickasha,United States,35.05257,-97.93643,333.3
Claremore,United States,36.3126,-95.61609,182.4
Del City,United States,35.44201,-97.44087,366.5
Duncan,United States,34.5023,-97.95781,348.5
Durant,United States,33.99399,-96.37082,196.1
Edmond,United States,35.65283,-97.4781,367.6
El Reno,United States,35.53227,-97.95505,413.7
Enid,United States,36.39559,-97.87839,378.2
Jenks,United States,36.02287,-95.96833,189.5
Lawton,United States,34.60869,-98.39033,338.6
McAlester,United States,34.93343,-95.76971,224.5
Midwest City,United States,35.44951,-97.3967,380.8
Moore,United States,35.33951,-97.4867,380.9
Muskogee,United States,35.74788,-95.36969,183.9
Mustang,United States,35.38423,-97.72449,411.0
Norman,United States,35.22257,-97.43948,357.5
Oklahoma City,United States,35.46756,-97.51643,363.1
Owasso,United States,36.26954,-95.85471,185.4
Ponca City,United States,36.70698,-97.08559,307.3
Sand Springs,United States,36.13981,-96.10889,204.8
Sapulpa,United States,35.9987,-96.11417,219.0
Shawnee,United States,35.32729,-96.9253,324.4
Stillwater,United States,36.11561,-97.05837,276.2
Tahlequah,United States,35.91537,-94.96996,242.7
Tulsa,United States,36.15398,-95.99277,218.5
Yukon,United States,35.50672,-97.76254,393.4
Chambersburg,United States,39.93759,-77.6611,191.7
Chester,United States,39.84967,-75.35707,6.7
Drexel Hill,United States,39.94706,-75.29213,74.1
Hanover,United States,39.80066,-76.98304,187.1
Philadelphia,United States,39.95233,-75.16379,13.2
Springfield,United States,39.93067,-75.32019,75.4
West Chester,United States,39.96097,-75.60804,137.7
York,United States,39.9626,-76.72774,120.9
Aiken,United States,33.56042,-81.71955,159.4
Anderson,United States,34.50344,-82.65013,243.6
Charleston,United States,32.77657,-79.93092,6.4
Columbia,United States,34.00071,-81.03481,98.6
Conway,United States,33.836,-79.04781,5.2
Easley,United States,34.82984,-82.60152,323.2
Florence,United States,34.19543,-79.76256,41.6
Goose Creek,United States,32.98101,-80.03259,9.5
Greenville,United States,34.85262,-82.39401,301.3
Greenwood,United States,34.1954,-82.16179,201.4
Greer,United States,34.93873,-82.22706,308.8
Hanahan,United States,32.91851,-80.02203,10.1
Hilton Head Island,United States,32.21632,-80.75261,5.8
Lexington,United States,33.98154,-81.23621,119.2
Mauldin,United States,34.77873,-82.31012,284.5
Mount Pleasant,United States,32.79407,-79.86259,10.7
Myrtle Beach,United States,33.68906,-78.88669,11.5
North Augusta,United States,33.5018,-81.96512,117.2
North Charleston,United States,32.85462,-79.97481,5.2
Rock Hill,United States,34.92487,-81.02508,206.8
Saint Andrews,United States,34.04543,-81.12926,90.3
Seven Oaks,United States,34.04876,-81.14648,67.2
Simpsonville,United States,34.73706,-82.25428,268.2
Socastee,United States,33.6835,-78.99837,4.6
Spartanburg,United States,34.94957,-81.93205,248.1
Summerville,United States,33.0185,-80.17565,23.0
Sumter,United States,33.92044,-80.34147,51.7
Taylors,United States,34.92039,-82.29623,277.4
Wade Hampton,United States,34.90373,-82.33317,311.8
Bartlett,United States,35.20453,-89.87398,83.5
Brentwood,United States,36.03312,-86.78278,225.3
Brentwood Estates,United States,36.02506,-86.77917,223.5
Bristol,United States,36.59511,-82.18874,508.4
Chattanooga,United States,35.04563,-85.30968,206.9
Clarksville,United States,36.52977,-87.35945,145.5
Cleveland,United States,35.15952,-84.87661,261.8
Collierville,United States,35.04204,-89.66453,115.4
Columbia,United States,35.61507,-87.03528,197.6
Cookeville,United States,36.16284,-85.50164,340.9
Dyersburg,United States,36.03452,-89.38563,96.6
East Brainerd,United States,34.99591,-85.15023,220.5
East Chattanooga,United States,35.06535,-85.24912,209.3
East Ridge,United States,35.01424,-85.2519,241.8
Farragut,United States,35.88452,-84.15353,266.5
Franklin,United States,35.92506,-86.86889,196.7
Gallatin,United States,36.38838,-86.44666,165.8
Germantown,United States,35.08676,-89.81009,116.8
Goodlettsville,United States,36.32311,-86.71333,144.4
Greeneville,United States,36.16316,-82.83099,468.5
Hendersonville,United States,36.30477,-86.62,147.6
Jackson,United States,35.61452,-88.81395,125.4
Johnson City,United States,36.31344,-82.35347,498.7
Kingsport,United States,36.54843,-82.56182,370.1
Knoxville,United States,35.96064,-83.92074,279.4
La Vergne,United States,36.01562,-86.58194,179.6
Lebanon,United States,36.20811,-86.2911,160.7
Maryville,United States,35.75647,-83.97046,287.1
Memphis,United States,35.14953,-90.04898,79.0
Morristown,United States,36.21398,-83.29489,393.5
Mount Juliet,United States,36.20005,-86.51861,167.0
Murfreesboro,United States,35.84562,-86.39027,188.9
Nashville,United States,36.16589,-86.78444,172.5
New South Memphis,United States,35.08676,-90.05676,78.5
Oak Ridge,United States,36.01036,-84.26964,258.4
Shelbyville,United States,35.48341,-86.46027,230.9
Smyrna,United States,35.98284,-86.5186,164.2
Spring Hill,United States,35.75118,-86.93,230.1
Springfield,United States,36.50921,-86.885,205.4
Tullahoma,United States,35.36202,-86.20943,325.3
Abilene,United States,32.44874,-99.73314,523.2
Alamo,United States,26.18369,-98.12306,30.3
Aldine,United States,29.93245,-95.38021,24.6
Alice,United States,27.75225,-98.06972,62.4
Allen,United States,33.10317,-96.67055,202.2
Alvin,United States,29.42385,-95.2441,14.4
Angleton,United States,29.16941,-95.43188,10.7
Arlington,United States,32.73569,-97.10807,183.7
Atascocita,United States,29.99883,-95.1766,21.4
Austin,United States,30.26715,-97.74306,152.0
Balch Springs,United States,32.72874,-96.62277,153.2
Baytown,United States,29.7355,-94.97743,6.8
Beaumont,United States,30.08605,-94.10185,12.6
Bedford,United States,32.84402,-97.14307,179.6
Bellaire,United States,29.70579,-95.45883,16.4
Belton,United States,31.05601,-97.46445,160.7
Benbrook,United States,32.67319,-97.46058,210.3
Brenham,United States,30.16688,-96.39774,108.6
Brownsville,United States,25.90175,-97.49748,13.1
Brownwood,United States,31.70932,-98.99116,418.5
Brushy Creek,United States,30.51353,-97.73973,255.9
Bryan,United States,30.67436,-96.36996,117.5
Burleson,United States,32.54208,-97.32085,217.7
Canyon Lake,United States,29.87522,-98.26251,292.1
Carrollton,United States,32.95373,-96.89028,160.5
Cedar Hill,United States,32.58847,-96.95612,253.7
Cedar Park,United States,30.5052,-97.82029,276.2
Channelview,United States,29.77606,-95.11465,6.7
Cibolo,United States,29.56162,-98.22696,214.8
Cinco Ranch,United States,29.73884,-95.758,33.1
Cleburne,United States,32.34764,-97.38668,235.9
Cloverleaf,United States,29.77828,-95.17188,9.7
College Station,United States,30.62798,-96.33441,103.7
Colleyville,United States,32.88096,-97.15501,186.0
Conroe,United States,30.31188,-95.45605,66.6
Converse,United States,29.51801,-98.31612,219.8
Coppell,United States,32.95457,-97.01501,165.1
Copperas Cove,United States,31.12406,-97.90308,335.3
Corinth,United States,33.15401,-97.06473,184.0
Corpus Christi,United States,27.80058,-97.39638,3.8
Corsicana,United States,32.09543,-96.46887,144.0
Cypress,United States,29.96911,-95.69717,45.1
Dallas,United States,32.78306,-96.80667,133.1
DeSoto,United States,32.58986,-96.85695,202.6
Deer Park,United States,29.70523,-95.12382,8.6
Denison,United States,33.75566,-96.53666,223.6
Denton,United States,33.21484,-97.13307,201.6
Dickinson,United States,29.46079,-95.05132,4.7
Donna,United States,26.17035,-98.05195,28.9
Duncanville,United States,32.6518,-96.90834,222.5
Edinburg,United States,26.30174,-98.16334,30.1
Ennis,United States,32.32931,-96.62527,164.3
Euless,United States,32.83707,-97.08195,177.5
Farmers Branch,United States,32.92651,-96.89612,143.2
Flower Mound,United States,33.01457,-97.09696,181.8
Fort Worth,United States,32.72541,-97.32085,197.6
Fresno,United States,29.53885,-95.44744,22.0
Friendswood,United States,29.5294,-95.20104,10.5
Frisco,United States,33.15067,-96.82361,213.4
Gainesville,United States,33.62594,-97.13335,227.7
Galveston,United States,29.30135,-94.7977,3.0
Garland,United States,32.91262,-96.63888,172.0
Gatesville,United States,31.43516,-97.74391,249.3
Georgetown,United States,30.63269,-97.67723,234.3
Grand Prairie,United States,32.74596,-96.99778,157.7
Grapevine,United States,32.93429,-97.07807,194.3
Greenville,United States,33.13845,-96.11081,165.5
Groves,United States,29.94827,-93.91712,4.5
Haltom City,United States,32.79957,-97.26918,161.7
Harker Heights,United States,31.08351,-97.65974,234.5
Harlingen,United States,26.19063,-97.6961,14.1
Highland Village,United States,33.09179,-97.04668,169.7
Houston,United States,29.76328,-95.36327,13.4
Humble,United States,29.99883,-95.26216,30.3
Huntsville,United States,30.72353,-95.55078,114.5
Hurst,United States,32.82346,-97.17057,168.6
Irving,United States,41.55815,-73.0515,82.1
West Hartford,United States,41.76204,-72.74204,37.7
West Haven,United States,41.27065,-72.94705,5.4
West Torrington,United States,41.81843,-73.14372,187.3
Westport,United States,41.14149,-73.3579,5.0
Wethersfield,United States,41.71427,-72.65259,15.5
Willimantic,United States,41.71065,-72.20813,68.5
Wilton,United States,41.19537,-73.4379,70.2
Windham,United States,41.69982,-72.15702,82.2
Windsor,United States,41.8526,-72.6437,14.0
Wolcott,United States,41.60232,-72.98677,197.7
Ames,United States,42.03471,-93.61994,288.8
Ankeny,United States,41.72971,-93.60577,304.3
Bettendorf,United States,41.52448,-90.51569,173.9
Burlington,United States,40.80754,-91.11292,184.5
Cedar Falls,United States,42.52776,-92.44547,268.7
Cedar Rapids,United States,42.00833,-91.64407,246.7
Clinton,United States,41.84447,-90.18874,180.2
Clive,United States,41.60304,-93.72411,253.5
Coralville,United States,41.6764,-91.58045,208.5
Council Bluffs,United States,41.26194,-95.86083,299.8
Davenport,United States,41.52364,-90.57764,181.7
Des Moines,United States,41.60054,-93.60911,265.3
Dubuque,United States,42.50056,-90.66457,190.3
Fort Dodge,United States,42.49747,-94.16802,337.9
Iowa City,United States,41.66113,-91.53017,204.4
Johnston,United States,41.67304,-93.69772,252.3
Marion,United States,42.03417,-91.59768,258.5
Marshalltown,United States,42.04943,-92.90798,285.4
Mason City,United States,43.15357,-93.20104,345.8
Muscatine,United States,41.42447,-91.04321,182.0
Newton,United States,41.69971,-93.04798,291.2
Ottumwa,United States,41.02001,-92.4113,210.4
Sioux City,United States,42.49999,-96.40031,366.6
Urbandale,United States,41.62666,-93.71217,286.2
Waterloo,United States,42.49276,-92.34296,263.4
West Des Moines,United States,41.57721,-93.71133,250.1
Addison,United States,41.9317,-87.98896,210.1
Algonquin,United States,42.16558,-88.29425,226.0
Alsip,United States,41.66892,-87.73866,188.6
Arlington Heights,United States,42.08836,-87.98063,213.1
Aurora,United States,41.76058,-88.32007,205.1
Bartlett,United States,41.99503,-88.18563,247.0
Batavia,United States,41.85003,-88.31257,218.8
Bellwood,United States,41.88142,-87.88312,193.3
Belvidere,United States,42.26391,-88.84427,239.1
Bensenville,United States,41.95503,-87.94007,206.3
Berwyn,United States,41.85059,-87.79367,188.6
Bloomingdale,United States,41.95753,-88.0809,233.7
Bloomington,United States,40.4842,-88.99369,243.7
Blue Island,United States,41.65726,-87.68005,195.9
Bolingbrook,United States,41.69864,-88.0684,213.4
Bourbonnais,United States,41.15376,-87.88754,203.5
Bradley,United States,41.14198,-87.86115,194.6
Bridgeview,United States,41.75003,-87.80422,188.4
Brookfield,United States,41.82392,-87.85173,189.5
Buffalo Grove,United States,42.15141,-87.95979,205.0
Burbank,United States,41.73392,-87.7795,187.3
Calumet City,United States,41.61559,-87.52949,179.2
Carol Stream,United States,41.91253,-88.13479,233.2
Carpentersville,United States,42.12114,-88.25786,273.2
Cary,United States,42.21197,-88.23814,250.8
Champaign,United States,40.11642,-88.24338,226.7
Chicago,United States,41.85003,-87.65005,179.0
Chicago Heights,United States,41.50615,-87.6356,199.5
Cicero,United States,41.84559,-87.75394,184.4
Country Club Hills,United States,41.56809,-87.72033,204.8
Crest Hill,United States,41.55475,-88.09867,193.7
Crystal Lake,United States,42.24113,-88.3162,277.6
Danville,United States,40.12448,-87.63002,183.1
Darien,United States,41.75198,-87.97395,228.4
DeKalb,United States,41.92947,-88.75036,268.1
Deerfield,United States,42.17114,-87.84451,208.4
Des Plaines,United States,42.03336,-87.8834,192.1
Dixon,United States,41.83892,-89.47955,209.3
Dolton,United States,41.63892,-87.60727,185.2
Downers Grove,United States,41.80892,-88.01117,226.7
East Moline,United States,41.50087,-90.4443,215.1
East Peoria,United States,40.66615,-89.5801,139.6
Elgin,United States,42.03725,-88.28119,226.7
Elk Grove Village,United States,42.00392,-87.97035,208.6
Elmhurst,United States,41.89947,-87.94034,209.6
Elmwood Park,United States,41.92114,-87.80923,195.8
Evanston,United States,42.04114,-87.69006,185.2
Evergreen Park,United States,41.72059,-87.70172,189.3
Frankfort,United States,41.49587,-87.84866,234.3
Franklin Park,United States,41.93531,-87.86562,194.5
Freeport,United States,42.29669,-89.62123,238.5
Galesburg,United States,40.94782,-90.37124,235.0
Geneva,United States,41.88753,-88.30535,215.6
Glen Ellyn,United States,41.87753,-88.06701,225.5
Glenview,United States,42.06975,-87.78784,198.3
Goodings Grove,United States,41.6292,-87.93089,230.7
Grayslake,United States,42.34447,-88.04175,239.6
Gurnee,United States,42.3703,-87.90202,205.4
Hanover Park,United States,41.99947,-88.14507,244.9
Harvey,United States,41.61003,-87.64671,185.3
Highland Park,United States,42.18169,-87.80034,211.7
Hinsdale,United States,41.80086,-87.93701,213.2
Hoffman Estates,United States,42.04281,-88.0798,239.7
Homer Glen,United States,41.60003,-87.93811,223.8
Homewood,United States,41.55726,-87.6656,200.6
Huntley,United States,42.16808,-88.42814,270.9
Joliet,United States,41.52519,-88.0834,165.2
Kankakee,United States,41.12003,-87.86115,199.3
La Grange,United States,41.80503,-87.86923,196.3
Lake Forest,United States,42.25863,-87.84063,210.7
Lake Zurich,United States,42.19697,-88.09341,268.0
Lake in the Hills,United States,42.18169,-88.33036,263.6
Lansing,United States,41.56476,-87.53893,191.7
Lemont,United States,41.67364,-88.00173,185.2
Libertyville,United States,42.28308,-87.95313,213.2
Lisle,United States,41.80114,-88.07479,205.4
Lockport,United States,41.58948,-88.05784,182.5
Lombard,United States,41.88003,-88.00784,217.9
Loves Park,United States,42.32002,-89.05816,220.9
Machesney Park,United States,42.34724,-89.039,225.2
Macomb,United States,40.45921,-90.6718,216.6
Matteson,United States,41.50392,-87.7131,214.7
Maywood,United States,41.8792,-87.84312,193.2
McHenry,United States,42.33335,-88.26675,244.5
Melrose Park,United States,41.90059,-87.85673,193.6
Mokena,United States,41.52614,-87.88922,215.9
Moline,United States,41.5067,-90.51513,177.1
Montgomery,United States,41.73058,-88.3459,194.8
Morton,United States,40.61282,-89.45926,217.2
Morton Grove,United States,42.04059,-87.78256,190.2
Mount Prospect,United States,42.06642,-87.93729,203.7
Mundelein,United States,42.26308,-88.00397,225.0
Naperville,United States,41.78586,-88.14729,214.9
New Lenox,United States,41.51198,-87.96561,203.2
Niles,United States,42.01892,-87.80284,193.5
Normal,United States,40.5142,-88.99063,245.5
North Aurora,United States,41.80614,-88.3273,206.7
North Chicago,United States,42.32558,-87.84118,200.1
North Peoria,United States,40.71754,-89.58426,193.7
Northbrook,United States,42.12753,-87.82895,197.8
Oak Forest,United States,41.60281,-87.74394,206.4
Oak Lawn,United States,41.71087,-87.75811,181.5
Oak Park,United States,41.88503,-87.7845,189.8
Orland Park,United States,41.63031,-87.85394,213.1
Oswego,United States,41.68281,-88.35146,196.8
Ottawa,United States,41.34559,-88.84258,145.8
Palatine,United States,42.1103,-88.03424,223.1
Palos Hills,United States,41.6967,-87.817,180.6
Park Forest,United States,41.49142,-87.67449,216.7
Park Ridge,United States,42.01114,-87.84062,196.6
Pekin,United States,40.56754,-89.64066,153.9
Peoria,United States,40.69365,-89.58899,151.5
Plainfield,United States,41.62697,-88.20395,186.8
Prospect Heights,United States,42.0953,-87.93757,203.2
Rock Island,United States,41.50948,-90.57875,175.4
Rockford,United States,42.27113,-89.094,223.4
Rolling Meadows,United States,42.08419,-88.01313,218.7
Romeoville,United States,41.64753,-88.08951,189.2
Roselle,United States,41.98475,-88.07979,233.7
Round Lake,United States,42.35336,-88.09341,244.0
Round Lake Beach,United States,42.37169,-88.09008,235.2
Saint Charles,United States,41.91419,-88.30869,223.7
Schaumburg,United States,42.03336,-88.08341,239.4
Shorewood,United States,41.52003,-88.20173,173.7
Skokie,United States,42.03336,-87.73339,186.2
South Elgin,United States,41.99419,-88.2923,218.4
South Holland,United States,41.60087,-87.60699,182.5
Sterling,United States,41.78864,-89.69622,204.3
Streamwood,United States,42.02558,-88.17841,246.5
Sycamore,United States,41.98892,-88.68675,268.6
Tinley Park,United States,41.57337,-87.78449,212.6
Urbana,United States,40.11059,-88.20727,228.3
Vernon Hills,United States,42.21947,-87.97952,223.4
Villa Park,United States,41.88975,-87.98895,211.3
Wasco,United States,41.93808,-88.40452,251.4
Washington,United States,40.70365,-89.40731,232.2
Waukegan,United States,42.36363,-87.84479,197.4
West Chicago,United States,41.88475,-88.20396,239.5
Westchester,United States,41.85059,-87.882,190.5
Westmont,United States,41.79586,-87.97562,225.7
Wheaton,United States,41.86614,-88.10701,230.6
Wheeling,United States,42.13919,-87.92896,198.3
Wilmette,United States,42.07225,-87.72284,195.6
Woodridge,United States,41.74697,-88.05034,221.7
Woodstock,United States,42.31474,-88.4487,288.9
Yorkville,United States,41.64114,-88.44729,186.2
Zion,United States,42.44613,-87.83285,196.5
Anderson,United States,40.10532,-85.68025,270.5
Crawfordsville,United States,40.04115,-86.87445,242.2
Crown Point,United States,41.41698,-87.36531,223.7
Dyer,United States,41.4942,-87.52171,194.2
East Chicago,United States,41.6392,-87.45476,178.2
Elkhart,United States,41.68199,-85.97667,230.1
Fort Wayne,United States,41.1306,-85.12886,246.9
Frankfort,United States,40.27948,-86.51084,259.9
Gary,United States,41.59337,-87.34643,181.0
Goshen,United States,41.58227,-85.83444,242.0
Granger,United States,41.75338,-86.11084,243.4
Griffith,United States,41.52837,-87.42365,192.3
Hammond,United States,41.58337,-87.50004,183.0
Highland,United States,41.55365,-87.45198,189.5
Hobart,United States,41.53226,-87.25504,190.5
Huntington,United States,40.8831,-85.49748,226.9
Kokomo,United States,40.48643,-86.1336,248.5
LaPorte,United States,41.6106,-86.72252,247.7
Lafayette,United States,40.4167,-86.87529,214.8
Lebanon,United States,40.04837,-86.46917,287.9
Logansport,United States,40.75448,-86.35667,196.6
Marion,United States,40.55837,-85.65914,246.9
Merrillville,United States,41.48281,-87.33281,198.8
Michigan City,United States,41.70754,-86.89503,190.5
Mishawaka,United States,41.66199,-86.15862,221.3
Muncie,United States,40.19338,-85.38636,292.5
Munster,United States,41.56448,-87.51254,184.2
Noblesville,United States,40.04559,-86.0086,233.1
Portage,United States,41.57587,-87.17615,192.8
Schererville,United States,41.47892,-87.45476,204.7
South Bend,United States,41.68338,-86.25001,212.3
Valparaiso,United States,41.47309,-87.06114,243.5
West Lafayette,United States,40.42587,-86.90807,185.3
Westfield,United States,40.04282,-86.12749,271.9
Abington,United States,42.10482,-70.94532,34.6
Acton,United States,42.48509,-71.43284,84.1
Agawam,United States,42.06954,-72.61481,26.1
Amesbury,United States,42.85842,-70.93005,14.5
Amherst Center,United States,42.37537,-72.51925,94.7
Arlington,United States,42.41537,-71.15644,25.8
Ashland,United States,42.26121,-71.4634,57.1
Attleboro,United States,41.94454,-71.28561,30.6
Auburn,United States,42.19454,-71.83563,185.8
Barnstable,United States,41.70011,-70.29947,10.9
Belmont,United States,42.39593,-71.17867,18.8
Beverly,United States,42.55843,-70.88005,8.1
Beverly Cove,United States,42.55343,-70.85366,8.6
Billerica,United States,42.55843,-71.26895,77.6
Boston,United States,42.35843,-71.05977,19.9
Braintree,United States,42.22232,-70.99949,21.4
Brockton,United States,42.08343,-71.01838,34.4
Brookline,United States,42.33176,-71.12116,8.7
Burlington,United States,42.50482,-71.19561,66.6
Cambridge,United States,42.3751,-71.10561,9.0
Canton,United States,42.15843,-71.14477,37.5
Chelmsford,United States,42.59981,-71.36728,79.7
Chelsea,United States,42.39176,-71.03283,14.5
Chicopee,United States,42.1487,-72.60787,29.4
Concord,United States,42.46037,-71.34895,41.0
Danvers,United States,42.57509,-70.93005,7.5
Dedham,United States,42.24177,-71.16616,33.6
Dracut,United States,42.67037,-71.30201,48.7
East Longmeadow,United States,42.06454,-72.51259,69.3
Easthampton,United States,42.26676,-72.66898,48.4
Easton,United States,42.02454,-71.12866,35.7
Everett,United States,42.40843,-71.05366,18.7
Fairhaven,United States,41.6376,-70.90365,6.5
Fall River,United States,41.70149,-71.15505,36.8
Fitchburg,United States,42.58342,-71.8023,140.1
Framingham,United States,42.27926,-71.41617,53.1
Framingham Center,United States,42.29732,-71.43701,78.9
Franklin,United States,42.08343,-71.39673,89.5
Gardner,United States,42.57509,-71.99813,322.6
Gloucester,United States,42.61593,-70.66199,21.5
Grafton,United States,42.20704,-71.68562,144.7
Greenfield,United States,42.58759,-72.59953,81.7
Hanover,United States,42.11316,-70.81199,13.5
Haverhill,United States,42.7762,-71.07728,13.9
Holden,United States,42.35176,-71.86341,249.6
Holyoke,United States,42.20426,-72.6162,59.9
Jamaica Plain,United States,42.30982,-71.12033,23.8
Lawrence,United States,42.70704,-71.16311,14.1
Leominster,United States,42.52509,-71.75979,121.2
Lexington,United States,42.44732,-71.2245,66.9
Longmeadow,United States,42.0501,-72.58287,48.9
Lowell,United States,42.63342,-71.31617,35.7
Ludlow,United States,42.16009,-72.47592,74.2
Lynn,United States,42.46676,-70.94949,9.1
Malden,United States,42.4251,-71.06616,3.6
Mansfield,United States,42.03343,-71.21894,50.1
Marblehead,United States,42.5001,-70.85783,18.2
Marlborough,United States,42.34593,-71.55229,120.0
Medford,United States,42.41843,-71.10616,5.3
Melrose,United States,42.45843,-71.06616,16.4
Methuen,United States,42.7262,-71.19089,36.9
Milford,United States,42.13982,-71.51617,79.1
Milton,United States,42.24954,-71.06616,39.5
Natick,United States,42.28343,-71.3495,52.7
Needham,United States,42.28343,-71.23283,51.4
New Bedford,United States,41.63622,-70.93421,29.6
Newburyport,United States,42.81259,-70.87728,10.5
Newton,United States,42.33704,-71.20922,30.9
North Chicopee,United States,42.18343,-72.59953,45.8
Northampton,United States,42.32509,-72.6412,68.9
Norton,United States,41.96677,-71.18699,32.6
Norwood,United States,42.19454,-71.1995,40.4
Palmer,United States,42.15843,-72.32869,108.7
Peabody,United States,42.52787,-70.92866,5.7
Pittsfield,United States,42.45008,-73.24538,302.4
Quincy,United States,42.25288,-71.00227,17.0
Randolph,United States,42.1626,-71.04116,66.2
Reading,United States,42.52565,-71.09533,27.9
Rockland,United States,42.13066,-70.91616,51.5
Salem,United States,42.51954,-70.89672,4.9
Saugus,United States,42.46482,-71.01005,7.9
Shrewsbury,United States,42.29593,-71.71285,197.1
Somerset,United States,41.76955,-71.12866,8.2
Somerville,United States,42.3876,-71.0995,32.8
South Boston,United States,42.33343,-71.04949,19.3
South Hadley,United States,42.25842,-72.57453,74.9
South Peabody,United States,42.50982,-70.94949,21.7
Southbridge,United States,42.0751,-72.03341,152.7
Springfield,United States,42.10148,-72.58981,26.0
Stoneham,United States,42.4801,-71.0995,47.8
Stoughton,United States,42.1251,-71.10227,71.4
Sudbury,United States,42.38343,-71.41617,61.3
Swansea,United States,41.74816,-71.18977,9.4
Taunton,United States,41.9001,-71.08977,4.7
Tewksbury,United States,42.61065,-71.23422,36.2
Wakefield,United States,42.50648,-71.07283,33.3
Waltham,United States,42.37649,-71.23561,20.8
Watertown,United States,42.37093,-71.18283,18.4
Wellesley,United States,42.29649,-71.29256,42.7
West Springfield,United States,42.10704,-72.62037,23.7
Westfield,United States,42.12509,-72.74954,42.1
Westford,United States,42.57926,-71.43784,121.3
Weymouth,United States,42.22093,-70.93977,38.6
Wilmington,United States,42.54648,-71.17367,32.5
Winchester,United States,42.45232,-71.137,8.2
Winthrop,United States,42.3751,-70.98283,11.6
Woburn,United States,42.47926,-71.15228,32.9
Worcester,United States,42.26259,-71.80229,147.3
Yarmouth,United States,41.70567,-70.22863,8.8
Auburn,United States,44.09785,-70.23117,56.3
Augusta,United States,44.31062,-69.77949,35.7
Bangor,United States,44.80118,-68.77781,33.4
Biddeford,United States,43.49258,-70.45338,20.6
Brunswick,United States,43.91452,-69.96533,20.8
Lewiston,United States,44.10035,-70.21478,64.7
Portland,United States,43.66147,-70.25533,13.9
Saco,United States,43.50092,-70.44283,23.1
South Portland,United States,43.64147,-70.24088,6.2
South Portland Gardens,United States,43.63897,-70.31533,18.7
Waterville,United States,44.55201,-69.63171,35.7
West Scarborough,United States,43.57036,-70.38783,18.0
Westbrook,United States,43.67703,-70.37116,21.7
Adrian,United States,41.89755,-84.03717,237.5
Allen Park,United States,42.25754,-83.21104,181.5
Allendale,United States,42.97225,-85.95365,198.8
Ann Arbor,United States,42.27756,-83.74088,267.8
Auburn Hills,United States,42.68753,-83.2341,290.2
Battle Creek,United States,42.3173,-85.17816,253.3
Bay City,United States,43.59447,-83.88886,180.8
Birmingham,United States,42.5467,-83.21132,237.3
Burton,United States,42.99947,-83.61634,237.6
Canton,United States,42.30865,-83.48216,206.4
Clinton,United States,42.58698,-82.91992,184.6
Dearborn,United States,42.32226,-83.17631,183.9
Dearborn Heights,United States,42.33698,-83.27326,188.7
Detroit,United States,42.33143,-83.04575,181.5
East Lansing,United States,42.73698,-84.48387,263.7
Eastpointe,United States,42.46837,-82.95547,187.0
Farmington Hills,United States,42.48531,-83.37716,255.3
Ferndale,United States,42.46059,-83.13465,198.4
Flint,United States,43.01253,-83.68746,227.6
Forest Hills,United States,42.95947,-85.48975,198.3
Garden City,United States,42.32559,-83.33104,194.4
Grand Rapids,United States,42.96336,-85.66809,199.5
Grandville,United States,42.90975,-85.76309,184.3
Grosse Pointe Woods,United States,42.44365,-82.90686,178.1
Hamtramck,United States,42.39282,-83.04964,191.4
Haslett,United States,42.74698,-84.40108,266.6
Hazel Park,United States,42.46254,-83.10409,193.7
Holland,United States,42.78752,-86.10893,187.3
Holt,United States,42.64059,-84.51525,272.1
Iron River,United States,46.09273,-88.64235,456.4
Jackson,United States,42.24587,-84.40135,283.8
Jenison,United States,42.90725,-85.79198,185.4
Kalamazoo,United States,42.29171,-85.58723,239.3
Kentwood,United States,42.86947,-85.64475,209.3
Lansing,United States,42.73253,-84.55553,261.0
Lincoln Park,United States,42.25059,-83.17854,179.2
Livonia,United States,42.36837,-83.35271,194.1
Madison Heights,United States,42.48587,-83.1052,192.5
Marquette,United States,46.54354,-87.39542,200.7
Midland,United States,43.61558,-84.24721,192.2
Monroe,United States,41.91643,-83.39771,182.2
Mount Clemens,United States,42.59726,-82.87798,181.2
Mount Pleasant,United States,43.59781,-84.76751,233.7
Muskegon,United States,43.23418,-86.24839,189.6
Norton Shores,United States,43.1689,-86.26395,187.2
Novi,United States,42.48059,-83.47549,278.0
Oak Park,United States,42.45948,-83.18271,203.6
Okemos,United States,42.72226,-84.42747,255.6
Owosso,United States,42.9978,-84.17664,221.5
Pontiac,United States,42.63892,-83.29105,279.4
Port Huron,United States,42.97086,-82.42491,184.2
Portage,United States,42.20115,-85.58,269.7
Redford,United States,42.38337,-83.2966,190.5
Rochester Hills,United States,42.65837,-83.14993,251.2
Romulus,United States,42.22226,-83.3966,202.3
Roseville,United States,42.49726,-82.93714,188.2
Royal Oak,United States,42.48948,-83.14465,206.6
Saginaw,United States,43.41947,-83.95081,177.2
Shelby,United States,42.67087,-83.03298,209.6
Southfield,United States,42.47337,-83.22187,208.7
Southgate,United States,42.21393,-83.19381,180.4
Saint Clair Shores,United States,42.49698,-82.88881,176.3
Sterling Heights,United States,42.58031,-83.0302,186.9
Taylor,United States,42.24087,-83.26965,187.2
Trenton,United States,42.13949,-83.17826,183.5
Troy,United States,42.60559,-83.14993,227.3
Walker,United States,43.00141,-85.76809,227.1
Warren,United States,42.47754,-83.0277,190.2
Waterford,United States,42.69303,-83.41181,298.4
Waverly,United States,42.7392,-84.62081,261.9
Wayne,United States,42.28143,-83.38632,202.8
Westland,United States,42.3242,-83.40021,202.5
Wyandotte,United States,42.21421,-83.14992,175.8
Wyoming,United States,42.91336,-85.70531,196.7
Ypsilanti,United States,42.24115,-83.61299,219.4
Albert Lea,United States,43.64801,-93.36827,381.5
Andover,United States,45.2333,-93.29134,268.9
Anoka,United States,45.19774,-93.38718,267.9
Apple Valley,United States,44.73191,-93.21772,289.5
Austin,United States,43.66663,-92.97464,369.9
Blaine,United States,45.1608,-93.23495,277.4
Bloomington,United States,44.8408,-93.29828,253.9
Brooklyn Center,United States,45.07608,-93.33273,260.8
Brooklyn Park,United States,45.09413,-93.35634,264.5
Buffalo,United States,45.17191,-93.87469,283.6
Burnsville,United States,44.76774,-93.27772,297.4
Champlin,United States,45.18885,-93.39745,255.8
Chanhassen,United States,44.86219,-93.53079,297.8
Chaska,United States,44.78941,-93.60218,223.1
Columbia Heights,United States,45.0408,-93.263,280.0
Coon Rapids,United States,45.11997,-93.28773,259.3
Cottage Grove,United States,44.82774,-92.94382,246.3
Crystal,United States,45.03274,-93.36023,271.7
Duluth,United States,46.78327,-92.10658,210.1
Eagan,United States,44.80413,-93.16689,290.3
Eden Prairie,United States,44.85469,-93.47079,265.6
Edina,United States,44.88969,-93.34995,277.2
Elk River,United States,45.30385,-93.56718,271.3
Faribault,United States,44.29496,-93.26883,305.7
Farmington,United States,44.64024,-93.14355,275.4
Forest Lake,United States,45.27886,-92.98522,277.7
Fridley,United States,45.08608,-93.26328,263.6
Golden Valley,United States,45.00969,-93.34912,260.6
Ham Lake,United States,45.25024,-93.24995,270.4
Hastings,United States,44.7433,-92.85243,219.6
Hibbing,United States,47.42715,-92.93769,453.8
Hopkins,United States,44.92496,-93.46273,311.6
Inver Grove Heights,United States,44.84802,-93.04272,268.4
Lakeville,United States,44.64969,-93.24272,297.9
Lino Lakes,United States,45.16024,-93.08883,268.6
Mankato,United States,44.15906,-94.00915,245.8
Maple Grove,United States,45.07246,-93.45579,286.2
Maplewood,United States,44.95302,-92.99522,293.4
Minneapolis,United States,44.97997,-93.26384,250.7
Minnetonka,United States,44.9133,-93.50329,271.4
Minnetonka Mills,United States,44.94107,-93.4419,285.9
Moorhead,United States,46.87386,-96.76951,274.8
New Brighton,United States,45.06552,-93.20189,270.0
New Hope,United States,45.03802,-93.38662,280.9
Northfield,United States,44.4583,-93.1616,275.5
Oakdale,United States,44.96302,-92.96494,329.7
Owatonna,United States,44.08385,-93.22604,350.7
Plymouth,United States,45.01052,-93.45551,295.9
Prior Lake,United States,44.7133,-93.42273,287.0
Ramsey,United States,45.2611,-93.45,261.5
Red Wing,United States,44.56247,-92.5338,229.5
Richfield,United States,44.8833,-93.283,253.6
Rochester,United States,44.02163,-92.4699,314.7
Rosemount,United States,44.73941,-93.12577,293.3
Roseville,United States,45.00608,-93.15661,292.0
Saint Cloud,United States,45.5608,-94.16249,323.2
Saint Louis Park,United States,44.9483,-93.34801,271.4
Saint Michael,United States,45.20996,-93.66496,291.4
Saint Paul,United States,44.94441,-93.09327,242.7
Sartell,United States,45.62163,-94.20694,313.7
Savage,United States,44.77913,-93.33634,219.3
Shakopee,United States,44.79802,-93.5269,230.2
Shoreview,United States,45.07913,-93.14717,292.1
South Saint Paul,United States,44.89274,-93.03494,217.3
Stillwater,United States,45.05636,-92.80604,217.5
West Coon Rapids,United States,45.15969,-93.34967,257.8
West Saint Paul,United States,44.91608,-93.10161,313.9
White Bear Lake,United States,45.08469,-93.00994,286.8
Willmar,United States,45.12191,-95.04334,347.8
Winona,United States,44.04996,-91.63932,201.2
Woodbury,United States,44.92386,-92.95938,323.3
Kirksville,United States,40.19475,-92.58325,300.4
Fargo,United States,46.87719,-96.7898,277.2
Grand Forks,United States,47.92526,-97.03285,255.8
Jamestown,United States,46.91054,-98.70844,430.3
West Fargo,United States,46.87497,-96.90036,273.0
Bellevue,United States,41.13667,-95.89084,314.8
Columbus,United States,41.42973,-97.36838,441.7
Fremont,United States,41.43333,-96.49808,364.6
Grand Island,United States,40.92501,-98.34201,570.6
Hastings,United States,40.58612,-98.38839,588.9
Kearney,United States,40.69946,-99.08148,658.3
La Vista,United States,41.18389,-96.03113,339.0
Lincoln,United States,40.8,-96.66696,365.6
Norfolk,United States,42.02834,-97.417,464.1
Omaha,United States,41.25861,-95.93779,332.3
Papillion,United States,41.15444,-96.04224,308.3
Bedford,United States,42.94647,-71.5159,93.6
Concord,United States,43.20814,-71.53757,85.3
Derry,United States,42.88064,-71.32729,85.2
Derry Village,United States,42.89175,-71.31201,76.0
Dover,United States,43.19786,-70.87367,15.6
East Concord,United States,43.24202,-71.53813,96.4
Keene,United States,42.93369,-72.27814,148.1
Laconia,United States,43.52785,-71.47035,152.9
Manchester,United States,42.99564,-71.45479,78.6
Merrimack,United States,42.86509,-71.4934,47.5
Nashua,United States,42.76537,-71.46757,51.7
Portsmouth,United States,43.07176,-70.76255,7.0
Rochester,United States,43.30453,-70.97562,65.2
Salem,United States,42.78842,-71.20089,39.6
Asbury Park,United States,40.22039,-74.01208,5.1
Avenel,United States,40.58038,-74.28515,24.7
Bayonne,United States,40.66871,-74.11431,8.8
Belleville,United States,40.79371,-74.15014,16.6
Bergenfield,United States,40.9276,-73.99736,23.3
Bloomfield,United States,40.80677,-74.18542,46.6
Carteret,United States,40.57733,-74.2282,3.6
Cliffside Park,United States,40.82149,-73.98764,86.0
Clifton,United States,40.85843,-74.16376,55.2
Colonia,United States,40.57455,-74.30209,23.8
Cranford,United States,40.65844,-74.29959,19.0
Dover,United States,40.88399,-74.5621,181.5
Dumont,United States,40.94065,-73.99681,25.3
East Brunswick,United States,40.42788,-74.41598,36.7
East Orange,United States,40.76732,-74.20487,43.8
Edison,United States,40.51872,-74.4121,27.3
Elizabeth,United States,40.66399,-74.2107,6.4
Elmwood Park,United States,40.90399,-74.11848,17.1
Englewood,United States,40.89288,-73.97264,21.7
Ewing,United States,40.26983,-74.79988,48.0
Fair Lawn,United States,40.94038,-74.13181,29.9
Fords,United States,40.52927,-74.31598,34.3
Fort Lee,United States,40.85093,-73.97014,92.1
Garfield,United States,40.88149,-74.1132,11.2
Hackensack,United States,40.88593,-74.04347,5.7
Hawthorne,United States,40.94926,-74.15375,24.4
Hillside,United States,40.70121,-74.23015,28.1
Hoboken,United States,40.74399,-74.03236,7.8
Hopatcong,United States,40.93288,-74.65933,312.6
Hopatcong Hills,United States,40.94399,-74.67072,344.3
Irvington,United States,40.73232,-74.23487,48.0
Iselin,United States,40.57538,-74.32237,17.8
Jersey City,United States,40.72816,-74.07764,11.0
Kearny,United States,40.76843,-74.14542,32.6
Lakewood,United States,40.09789,-74.21764,25.4
Linden,United States,40.62205,-74.24459,5.3
Livingston,United States,40.79593,-74.31487,98.6
Lodi,United States,40.88232,-74.0832,11.1
Long Branch,United States,40.30428,-73.99236,3.0
Lyndhurst,United States,40.81204,-74.12431,11.0
Madison,United States,40.75982,-74.4171,80.2
Mahwah,United States,41.08871,-74.14376,101.2
Maplewood,United States,40.73121,-74.27348,29.1
Marlboro,United States,40.31539,-74.24626,54.8
Montclair,United States,40.82593,-74.20903,98.7
Morristown,United States,40.79677,-74.48154,116.1
New Brunswick,United States,40.48622,-74.45182,23.7
New Milford,United States,40.9351,-74.01903,6.9
Newark,United States,40.73566,-74.17237,9.1
North Arlington,United States,40.78843,-74.1332,42.2
North Bergen,United States,40.80427,-74.01208,65.5
North Plainfield,United States,40.6301,-74.42737,37.3
Nutley,United States,40.82232,-74.15987,41.8
Old Bridge,United States,40.41483,-74.36543,5.6
Orange,United States,40.77066,-74.23265,52.1
Palisades Park,United States,40.84816,-73.99764,31.5
Paramus,United States,40.94454,-74.07542,22.7
Parsippany,United States,40.85788,-74.42599,101.4
Passaic,United States,40.85677,-74.12848,39.5
Paterson,United States,40.91677,-74.17181,30.6
Perth Amboy,United States,40.50677,-74.26542,18.5
Piscataway,United States,40.49927,-74.39904,27.4
Plainfield,United States,40.63371,-74.40737,35.0
Point Pleasant,United States,40.08317,-74.06819,6.4
Rahway,United States,40.60816,-74.27765,5.9
Ridgewood,United States,40.97926,-74.11653,34.7
Roselle,United States,40.65223,-74.25882,11.7
Rutherford,United States,40.82649,-74.10681,29.9
Sayreville,United States,40.45927,-74.36098,20.2
Sayreville Junction,United States,40.46538,-74.33043,28.1
Scotch Plains,United States,40.65538,-74.38987,47.5
Secaucus,United States,40.78955,-74.05653,7.0
Somerset,United States,40.4976,-74.48849,26.0
South Old Bridge,United States,40.40816,-74.35432,7.0
South Orange,United States,40.74899,-74.26126,41.1
South Plainfield,United States,40.57927,-74.41154,21.3
South River,United States,40.44649,-74.38598,26.8
Summit,United States,40.74149,-74.35959,57.2
Teaneck,United States,40.8976,-74.01597,35.1
Tinton Falls,United States,40.30428,-74.10042,10.5
Trenton,United States,40.21705,-74.74294,19.5
Union,United States,40.6976,-74.2632,30.0
Union City,United States,40.77955,-74.02375,55.3
Wayne,United States,40.92538,-74.27654,51.1
West Milford,United States,41.13121,-74.36737,211.9
West New York,United States,40.78788,-74.01431,55.2
West Orange,United States,40.79871,-74.23904,133.7
Westfield,United States,40.65899,-74.34737,37.1
Willingboro,United States,40.02789,-74.86905,9.2
Woodbridge,United States,40.5576,-74.28459,9.1
Wyckoff,United States,41.00954,-74.17292,111.0
Albany,United States,42.65258,-73.75623,41.3
Amherst,United States,42.97839,-78.79976,181.9
Amsterdam,United States,42.93869,-74.18819,108.9
Auburn,United States,42.93173,-76.56605,213.1
Baldwin,United States,40.65649,-73.6093,5.9
Batavia,United States,42.99812,-78.18752,271.9
Bay Shore,United States,40.7251,-73.24539,5.8
Beacon,United States,41.50482,-73.96958,43.8
Bellmore,United States,40.66871,-73.52707,7.1
Bensonhurst,United States,40.60177,-73.99403,7.0
Bethpage,United States,40.74427,-73.48207,32.9
Binghamton,United States,42.09869,-75.91797,265.0
Brentwood,United States,40.78121,-73.24623,22.0
Brighton,United States,43.14756,-77.55055,137.1
The Bronx,United States,40.84985,-73.86641,21.7
Brooklyn,United States,40.6501,-73.94958,21.8
Buffalo,United States,42.88645,-78.87837,182.4
Centereach,United States,40.85843,-73.09955,29.4
Central Islip,United States,40.79065,-73.20178,26.0
Cheektowaga,United States,42.90339,-78.75475,197.1
Cohoes,United States,42.77424,-73.70012,30.4
Commack,United States,40.84288,-73.29289,39.4
Coney Island,United States,40.57788,-73.99403,1.7
Copiague,United States,40.68149,-73.39984,7.1
Coram,United States,40.86871,-73.00149,27.3
Cortland,United States,42.60118,-76.18048,344.4
Deer Park,United States,40.76177,-73.32929,21.3
Depew,United States,42.90395,-78.69225,207.8
Dix Hills,United States,40.80482,-73.33623,55.5
East Meadow,United States,40.71399,-73.55902,23.2
East Massapequa,United States,40.67343,-73.43651,4.3
East New York,United States,40.66677,-73.88236,6.4
East Northport,United States,40.87676,-73.32456,67.7
East Patchogue,United States,40.76704,-72.99622,5.7
East Setauket,United States,40.94149,-73.10594,18.2
Eastchester,United States,40.8876,-73.83291,14.8
Eggertsville,United States,42.96339,-78.80392,198.5
Elmira,United States,42.0898,-76.80773,268.1
Elmont,United States,40.70094,-73.71291,12.0
Farmingville,United States,40.83121,-73.02955,32.5
Floral Park,United States,40.72371,-73.70485,30.6
Franklin Square,United States,40.70732,-73.67596,21.5
Freeport,United States,40.6576,-73.58318,6.3
Garden City,United States,40.72677,-73.6343,27.1
Glen Cove,United States,40.86232,-73.63374,6.5
Gloversville,United States,43.05285,-74.34375,254.1
Greenburgh,United States,41.03287,-73.84291,52.4
Harrison,United States,40.96899,-73.71263,21.9
Hauppauge,United States,40.82565,-73.20261,18.6
Hempstead,United States,40.70621,-73.61874,17.1
Hicksville,United States,40.76843,-73.52513,45.6
Holbrook,United States,40.81232,-73.07844,33.8
Holtsville,United States,40.81538,-73.04511,31.6
Huntington,United States,40.86815,-73.42568,23.1
Huntington Station,United States,40.85343,-73.41151,63.0
Irondequoit,United States,43.2134,-77.57972,114.9
Islip,United States,40.72982,-73.21039,3.5
Ithaca,United States,42.44063,-76.49661,129.5
Jamaica,United States,40.69149,-73.80569,11.7
Jamestown,United States,42.097,-79.23533,419.9
Johnson City,United States,42.11563,-75.95881,266.4
Kenmore,United States,42.96589,-78.87004,187.2
Kings Park,United States,40.88621,-73.25734,53.1
Kingston,United States,41.92704,-73.99736,59.6
Kiryas Joel,United States,41.34204,-74.16792,213.4
Lackawanna,United States,42.82561,-78.82337,189.8
Lake Ronkonkoma,United States,40.8351,-73.13122,22.1
Levittown,United States,40.72593,-73.51429,24.5
Lindenhurst,United States,40.68677,-73.37345,6.1
Lockport,United States,43.17061,-78.69031,187.3
Long Beach,United States,40.58844,-73.65791,3.2
Long Island City,United States,40.74482,-73.94875,3.0
Lynbrook,United States,40.65483,-73.6718,11.1
Mamaroneck,United States,40.94871,-73.73263,2.0
Manhattan,United States,40.78343,-73.96625,39.7
Massapequa,United States,40.68066,-73.47429,6.9
Massapequa Park,United States,40.68038,-73.45512,9.0
Mastic,United States,40.80204,-72.84094,8.3
Medford,United States,40.8176,-73.00011,27.5
Melville,United States,40.79343,-73.41512,37.9
Merrick,United States,40.66288,-73.55152,6.2
Middletown,United States,41.44593,-74.42293,171.8
Mineola,United States,40.74927,-73.64068,32.5
Monsey,United States,41.11121,-74.06848,165.8
Mount Vernon,United States,40.9126,-73.83708,40.4
Nanuet,United States,41.08871,-74.01347,95.6
New City,United States,41.1476,-73.98931,48.5
New Rochelle,United States,40.91149,-73.78235,29.1
New York City,United States,40.71427,-74.00597,35.4
Newburgh,United States,41.50343,-74.01042,46.7
Niagara Falls,United States,43.0945,-79.05671,187.9
North Amityville,United States,40.6976,-73.42512,9.8
North Babylon,United States,40.71649,-73.32179,4.9
North Bay Shore,United States,40.73621,-73.26262,12.3
North Bellmore,United States,40.69149,-73.53346,14.3
North Massapequa,United States,40.70093,-73.46207,14.2
North Tonawanda,United States,43.03867,-78.8642,174.3
North Valley Stream,United States,40.6851,-73.7018,12.3
Oceanside,United States,40.63871,-73.64013,4.0
Ossining,United States,41.16287,-73.86152,55.0
Oswego,United States,43.45535,-76.5105,90.6
Pearl River,United States,41.05899,-74.02181,76.3
Peekskill,United States,41.29009,-73.92042,43.3
Plainview,United States,40.77649,-73.46735,44.1
Plattsburgh,United States,44.69949,-73.45291,42.4
Port Chester,United States,41.00176,-73.66568,16.8
Port Washington,United States,40.82566,-73.69819,31.1
Poughkeepsie,United States,41.70037,-73.92097,60.4
Borough of Queens,United States,40.68149,-73.83652,10.3
Rochester,United States,43.15478,-77.61556,152.3
Rockville Centre,United States,40.65871,-73.64124,9.7
Rome,United States,43.21285,-75.45573,137.6
Ronkonkoma,United States,40.81538,-73.11233,32.8
Roosevelt,United States,40.67871,-73.58902,11.5
Rotterdam,United States,42.78702,-73.97096,101.1
Rye,United States,40.98065,-73.68374,7.5
Saratoga Springs,United States,43.08313,-73.78457,95.4
Sayville,United States,40.73593,-73.08206,5.3
Scarsdale,United States,41.0051,-73.78458,70.0
Schenectady,United States,42.81424,-73.93957,77.5
Seaford,United States,40.66593,-73.48818,4.1
Selden,United States,40.86649,-73.03566,26.1
Shirley,United States,40.80149,-72.8676,15.6
Smithtown,United States,40.85593,-73.20067,18.5
Spring Valley,United States,41.11315,-74.04375,136.3
Staten Island,United States,40.56233,-74.13986,23.5
Syosset,United States,40.82621,-73.50207,63.6
Syracuse,United States,43.04812,-76.14742,125.4
Tonawanda,United States,43.02033,-78.88031,175.7
Troy,United States,42.72841,-73.69179,13.2
Uniondale,United States,40.70038,-73.59291,16.3
Utica,United States,43.1009,-75.23266,137.6
Valley Stream,United States,40.66427,-73.70846,7.3
Wantagh,United States,40.68371,-73.51013,7.1
Watertown,United States,43.97478,-75.91076,143.2
West Albany,United States,42.68313,-73.77845,59.8
West Babylon,United States,40.71816,-73.35429,11.7
West Hempstead,United States,40.70482,-73.65013,22.2
West Islip,United States,40.70621,-73.30623,6.0
West Seneca,United States,42.85006,-78.79975,180.3
Westbury,United States,40.75566,-73.58763,34.1
White Plains,United States,41.03399,-73.76291,68.2
Woodmere,United States,40.63205,-73.71263,8.7
Yonkers,United States,40.93121,-73.89875,30.8
Akron,United States,41.08144,-81.51901,295.9
Alliance,United States,40.91534,-81.10593,352.8
Ashland,United States,40.86867,-82.31822,325.3
Ashtabula,United States,41.86505,-80.78981,208.5
Aurora,United States,41.31755,-81.34539,342.4
Austintown,United States,41.10172,-80.76452,344.5
Avon,United States,41.45171,-82.03542,203.7
Avon Center,United States,41.45976,-82.01959,209.2
Avon Lake,United States,41.50532,-82.0282,181.0
Barberton,United States,41.01283,-81.60512,294.9
Bay Village,United States,41.48477,-81.92208,193.5
Berea,United States,41.36616,-81.8543,235.5
Boardman,United States,41.02423,-80.66285,339.3
Bowling Green,United States,41.37477,-83.65132,214.7
Broadview Heights,United States,41.31394,-81.68513,361.4
Brook Park,United States,41.39838,-81.80458,244.0
Brunswick,United States,41.23811,-81.8418,357.6
Canton,United States,40.79895,-81.37845,322.7
Cleveland,United States,41.4995,-81.69541,196.5
Cuyahoga Falls,United States,41.13394,-81.48456,312.8
Defiance,United States,41.28449,-84.35578,205.6
Delaware,United States,40.29867,-83.06797,264.7
Dublin,United States,40.09923,-83.11408,251.4
East Cleveland,United States,41.53311,-81.57901,209.2
Eastlake,United States,41.65394,-81.45039,189.9
Elyria,United States,41.36838,-82.10765,224.2
Euclid,United States,41.5931,-81.52679,188.2
Fairview Park,United States,41.44144,-81.8643,228.9
Findlay,United States,41.04422,-83.64993,235.0
Fremont,United States,41.35033,-83.12186,191.5
Gahanna,United States,40.01923,-82.87934,243.6
Garfield Heights,United States,41.417,-81.60596,289.2
Green,United States,40.94589,-81.48317,348.1
Hilliard,United States,40.0334,-83.15825,284.4
Hudson,United States,41.24006,-81.44067,324.0
Kent,United States,41.15367,-81.35789,328.9
Lakewood,United States,41.48199,-81.79819,211.7
Lima,United States,40.74255,-84.10523,268.2
Lorain,United States,41.45282,-82.18237,186.1
Mansfield,United States,40.75839,-82.51545,376.8
Maple Heights,United States,41.41533,-81.56596,274.8
Marion,United States,40.58867,-83.12852,300.6
Marysville,United States,40.23645,-83.36714,302.9
Massillon,United States,40.79672,-81.52151,293.6
Mayfield Heights,United States,41.51922,-81.4579,330.5
Medina,United States,41.13839,-81.86375,330.6
Mentor,United States,41.66616,-81.33955,210.3
Middleburg Heights,United States,41.36144,-81.81291,259.7
Mount Vernon,United States,40.3934,-82.48572,309.8
New Philadelphia,United States,40.48979,-81.44567,274.6
Newark,United States,40.05812,-82.40126,254.4
Niles,United States,41.18284,-80.76536,269.1
North Canton,United States,40.87589,-81.40234,352.8
North Olmsted,United States,41.4156,-81.92347,232.2
North Ridgeville,United States,41.38949,-82.01903,220.6
North Royalton,United States,41.31366,-81.72457,364.8
Norwalk,United States,41.24255,-82.61573,223.8
Oregon,United States,41.64366,-83.48688,185.2
Painesville,United States,41.72449,-81.24566,205.3
Parma,United States,41.40477,-81.72291,261.6
Parma Heights,United States,41.39005,-81.75958,260.8
Perrysburg,United States,41.557,-83.62716,191.8
Piqua,United States,40.14477,-84.24244,269.0
Rocky River,United States,41.4756,-81.8393,210.1
Sandusky,United States,41.44894,-82.70796,180.9
Shaker Heights,United States,41.47394,-81.53707,317.8
Sidney,United States,40.28422,-84.1555,292.8
Solon,United States,41.38978,-81.44123,315.1
South Euclid,United States,41.52311,-81.51846,292.4
Steubenville,United States,40.36979,-80.63396,317.0
Stow,United States,41.1595,-81.44039,329.5
Streetsboro,United States,41.23922,-81.34594,343.4
Strongsville,United States,41.3145,-81.83569,283.3
Sylvania,United States,41.71894,-83.71299,199.7
Tallmadge,United States,41.10145,-81.44178,338.0
Tiffin,United States,41.1145,-83.17797,228.5
Toledo,United States,41.66394,-83.55521,188.0
Troy,United States,40.0395,-84.20328,252.6
Twinsburg,United States,41.31256,-81.44011,303.7
Wadsworth,United States,41.02561,-81.72985,356.6
Warren,United States,41.23756,-80.81842,270.3
Westerville,United States,40.12617,-82.92907,266.0
Westlake,United States,41.45532,-81.91792,208.6
Willoughby,United States,41.63977,-81.4065,201.8
Wooster,United States,40.80517,-81.93646,299.5
Youngstown,United States,41.09978,-80.64952,263.8
Allentown,United States,40.60843,-75.49018,108.1
Allison Park,United States,40.55951,-79.95867,270.2
Altoona,United States,40.51868,-78.39474,355.6
Back Mountain,United States,41.33591,-75.99631,389.2
Baldwin,United States,40.33813,-79.97894,348.0
Bethel Park,United States,40.32757,-80.0395,363.5
Bethlehem,United States,40.62593,-75.37046,108.4
Carlisle,United States,40.20148,-77.18887,144.4
Easton,United States,40.68843,-75.22073,99.7
Erie,United States,42.12922,-80.08506,200.2
Harrisburg,United States,40.2737,-76.88442,108.7
Hazleton,United States,40.95842,-75.97465,499.1
Hermitage,United States,41.23339,-80.44868,328.0
Johnstown,United States,40.32674,-78.92197,355.1
King of Prussia,United States,40.08927,-75.39602,59.9
Lancaster,United States,40.03788,-76.30551,120.4
Lansdale,United States,40.2415,-75.28379,110.9
Lebanon,United States,40.34093,-76.41135,143.5
Levittown,United States,40.15511,-74.82877,8.7
Limerick,United States,40.23093,-75.52212,90.9
McKeesport,United States,40.34785,-79.86422,232.8
Monroeville,United States,40.42118,-79.7881,364.9
Mount Lebanon,United States,40.35535,-80.0495,319.7
Mountain Top,United States,40.10677,-75.95272,280.5
Murrysville,United States,40.4284,-79.69755,276.9
New Castle,United States,41.00367,-80.34701,254.0
Norristown,United States,40.1215,-75.3399,49.0
Penn Hills,United States,40.50118,-79.83922,279.1
Phoenixville,United States,40.13038,-75.51491,43.4
Pittsburgh,United States,40.44062,-79.99589,236.3
Plum,United States,40.50035,-79.74949,345.1
Pottstown,United States,40.24537,-75.64963,48.6
Radnor,United States,40.04622,-75.35991,127.2
Reading,United States,40.33565,-75.92687,83.0
Scranton,United States,41.40916,-75.6649,230.2
State College,United States,40.79339,-77.86,353.8
Upper Saint Clair,United States,40.3359,-80.08339,326.6
Wayne,United States,40.044,-75.38769,120.9
West Mifflin,United States,40.3634,-79.86644,332.3
Whitehall Township,United States,40.66676,-75.49991,117.2
Wilkes-Barre,United States,41.24591,-75.88131,167.0
Wilkinsburg,United States,40.44174,-79.88199,286.2
Williamsport,United States,41.24119,-77.00108,160.5
Willow Grove,United States,40.144,-75.11573,82.1
Barrington,United States,41.74066,-71.30866,6.5
Bristol,United States,41.67705,-71.26616,22.7
Central Falls,United States,41.89066,-71.39228,24.0
Coventry,United States,41.7001,-71.68284,131.6
Cranston,United States,41.77982,-71.43728,20.4
Cumberland,United States,41.96677,-71.43284,79.3
East Providence,United States,41.81371,-71.37005,15.1
Middletown,United States,41.54566,-71.29144,44.9
Newport,United States,41.4901,-71.31283,8.2
North Kingstown,United States,41.5501,-71.46617,17.3
North Providence,United States,41.8501,-71.46617,47.5
Pawtucket,United States,41.87871,-71.38256,12.8
Portsmouth,United States,41.60232,-71.25033,39.2
Providence,United States,41.82399,-71.41283,12.6
Smithfield,United States,41.92204,-71.54951,79.2
Warwick,United States,41.7001,-71.41617,6.5
West Warwick,United States,41.69689,-71.52194,37.8
Westerly,United States,41.3776,-71.82729,11.6
Woonsocket,United States,42.00288,-71.51478,53.3
Aberdeen,United States,45.4647,-98.48648,397.8
Brookings,United States,44.31136,-96.79839,492.9
Mitchell,United States,43.70943,-98.0298,400.2
Sioux Falls,United States,43.54997,-96.70033,449.1
Watertown,United States,44.89941,-97.11507,531.2
Burlington,United States,44.47588,-73.21207,63.2
Colchester,United States,44.54394,-73.14791,80.0
Rutland,United States,43.61062,-72.97261,197.0
South Burlington,United States,44.46699,-73.17096,95.8
Appleton,United States,44.26193,-88.41538,241.5
Ashwaubenon,United States,44.48221,-88.0701,183.3
Beaver Dam,United States,43.45777,-88.83733,266.4
Beloit,United States,42.50835,-89.03178,229.2
Brookfield,United States,43.06057,-88.10648,251.2
Caledonia,United States,42.8078,-87.92425,222.6
Cudahy,United States,42.95974,-87.86147,219.7
De Pere,United States,44.44888,-88.06038,186.8
Eau Claire,United States,44.81135,-91.49849,239.7
Fitchburg,United States,42.96083,-89.46984,310.6
Fond du Lac,United States,43.775,-88.43883,232.4
Franklin,United States,42.88863,-88.03842,246.0
Germantown,United States,43.22862,-88.11037,263.0
Green Bay,United States,44.51916,-88.01983,182.5
Greenfield,United States,42.9614,-88.01259,239.0
Howard,United States,44.5436,-88.08816,186.6
Janesville,United States,42.68279,-89.01872,256.7
Kaukauna,United States,44.27804,-88.27205,201.3
Kenosha,United States,42.58474,-87.82119,179.7
La Crosse,United States,43.80136,-91.23958,204.5
Madison,United States,43.07305,-89.40123,278.6
Manitowoc,United States,44.08861,-87.65758,184.0
Marshfield,United States,44.66885,-90.1718,391.6
Menasha,United States,44.20221,-88.4465,231.2
Menomonee Falls,United States,43.1789,-88.11731,261.9
Menomonie,United States,44.87552,-91.91934,274.1
Mequon,United States,43.2364,-87.98453,201.3
Middleton,United States,43.09722,-89.50429,286.2
Milwaukee,United States,43.0389,-87.90647,184.0
Muskego,United States,42.90585,-88.13898,244.3
Neenah,United States,44.18582,-88.46261,229.1
New Berlin,United States,42.9764,-88.10842,279.6
North La Crosse,United States,43.84635,-91.24819,197.1
Oak Creek,United States,42.88585,-87.86314,213.5
Oconomowoc,United States,43.11167,-88.49927,264.8
Onalaska,United States,43.88441,-91.23514,216.6
Oshkosh,United States,44.02471,-88.54261,234.4
Pleasant Prairie,United States,42.55308,-87.93341,210.8
Racine,United States,42.72613,-87.78285,191.2
Sheboygan,United States,43.75083,-87.71453,191.5
South Milwaukee,United States,42.91057,-87.86064,203.3
Stevens Point,United States,44.52358,-89.57456,330.6
Sun Prairie,United States,43.1836,-89.21373,290.3
Superior,United States,46.72077,-92.10408,192.8
Watertown,United States,43.19472,-88.72899,261.2
Waukesha,United States,43.01168,-88.23148,250.7
Wausau,United States,44.95914,-89.63012,373.4
Wauwatosa,United States,43.04946,-88.00759,203.4
West Allis,United States,43.01668,-88.00703,222.3
West Bend,United States,43.42528,-88.18343,278.2
Wisconsin Rapids,United States,44.38358,-89.81735,310.8
Weirton,United States,40.41896,-80.58952,229.7
Weirton Heights,United States,40.4084,-80.53924,364.7
Wheeling,United States,40.06396,-80.72091,203.3
Ansonia,United States,41.34621,-73.079,21.7
Bridgeport,United States,41.16704,-73.20483,10.2
Bristol,United States,41.67176,-72.94927,94.7
Branford,United States,41.27954,-72.8151,16.0
Cheshire,United States,41.49899,-72.90066,75.8
Fillmore,United States,34.39916,-118.91815,140.5
Buckeye,United States,33.37032,-112.58378,263.3
Bullhead City,United States,35.14778,-114.5683,170.0
Casa Grande,United States,32.8795,-111.75735,425.3
Casas Adobes,United States,32.32341,-110.9951,734.8
Catalina Foothills,United States,32.29785,-110.9187,781.6
Chandler,United States,33.30616,-111.84125,370.9
Douglas,United States,31.34473,-109.54678,1221.3
Drexel Heights,United States,32.14119,-111.02843,769.7
El Mirage,United States,33.61309,-112.3246,347.4
Eloy,United States,32.7559,-111.55484,473.1
Flagstaff,United States,35.19807,-111.65127,2106.4
Florence,United States,33.03145,-111.38734,454.6
Flowing Wells,United States,32.29396,-111.00982,692.3
Fortuna Foothills,United States,32.65783,-114.41189,102.0
Fountain Hills,United States,33.61171,-111.71736,491.9
Gilbert,United States,33.35283,-111.78903,377.0
Glendale,United States,33.53865,-112.18599,351.1
Goodyear,United States,33.43532,-112.35821,294.7
Green Valley,United States,31.85425,-110.9937,885.7
Kingman,United States,35.18944,-114.05301,1024.2
Lake Havasu City,United States,34.4839,-114.32245,225.8
Marana,United States,32.43674,-111.22538,605.6
Maricopa,United States,33.05811,-112.04764,356.6
Mesa,United States,33.41253,-111.83189,379.8
Nogales,United States,31.34038,-110.93425,1169.9
Oro Valley,United States,32.39091,-110.96649,775.4
Payson,United States,34.23087,-111.32514,1498.4
Peoria,United States,33.5806,-112.23738,346.8
Phoenix,United States,33.44838,-112.07404,342.2
Prescott,United States,34.54002,-112.4685,1639.0
Prescott Valley,United States,34.61002,-112.31572,1528.1
Queen Creek,United States,33.24866,-111.6343,427.2
Rio Rico,United States,31.47148,-110.97648,1060.5
Sahuarita,United States,31.95758,-110.95565,823.9
San Luis,United States,32.487,-114.78218,37.8
Scottsdale,United States,33.50921,-111.89903,384.4
Sierra Vista,United States,31.55454,-110.30369,1414.0
Sun City,United States,33.59754,-112.27182,346.6
Sun City West,United States,33.66198,-112.34127,376.5
Surprise,United States,33.63059,-112.33322,357.9
Tanque Verde,United States,32.25174,-110.73731,806.4
Tempe,United States,33.41477,-111.90931,359.5
Tempe Junction,United States,33.41421,-111.94348,354.1
Tucson,United States,32.22174,-110.92648,755.8
Yuma,United States,32.72532,-114.6244,42.9
Adelanto,United States,34.58277,-117.40922,876.2
Agoura,United States,34.14306,-118.73787,277.9
Agoura Hills,United States,34.13639,-118.77453,513.6
Alameda,United States,37.76521,-122.24164,10.0
Albany,United States,37.88687,-122.29775,14.2
Alhambra,United States,34.09529,-118.12701,150.5
Aliso Viejo,United States,33.56504,-117.72712,124.4
Altadena,United States,34.18973,-118.13118,414.0
Alum Rock,United States,37.36605,-121.82718,46.0
American Canyon,United States,38.17492,-122.2608,12.1
Anaheim,United States,33.83529,-117.9145,52.4
Antelope,United States,38.70824,-121.32995,48.3
Antioch,United States,38.00492,-121.80579,12.2
Apple Valley,United States,34.50083,-117.18588,897.2
Arcadia,United States,34.13973,-118.03534,146.5
Arroyo Grande,United States,35.11859,-120.59073,35.6
Artesia,United States,33.86585,-118.08312,15.1
Arvin,United States,35.20913,-118.82843,135.3
Ashland,United States,37.69465,-122.11385,14.6
Atascadero,United States,35.48942,-120.67073,266.4
Atwater,United States,37.34772,-120.60908,48.1
Avenal,United States,36.00412,-120.12903,246.0
Avocado Heights,United States,34.03612,-117.99118,102.7
Azusa,United States,34.13362,-117.90756,186.6
Bakersfield,United States,35.37329,-119.01871,124.5
Baldwin Park,United States,34.08529,-117.9609,114.8
Banning,United States,33.92557,-116.87641,715.7
Barstow,United States,34.89859,-117.02282,663.6
Barstow Heights,United States,34.86971,-117.05615,779.0
Bay Point,United States,38.02909,-121.96163,26.8
Beaumont,United States,33.92946,-116.97725,794.9
Bell,United States,33.97751,-118.18702,42.8
Bell Gardens,United States,33.96529,-118.15146,37.0
Bellflower,United States,33.88168,-118.11701,20.8
Belmont,United States,37.52021,-122.2758,10.4
Benicia,United States,38.04937,-122.15858,7.9
Berkeley,United States,37.87159,-122.27275,58.2
Beverly Hills,United States,34.07362,-118.40036,81.8
Bloomington,United States,34.07029,-117.39588,335.9
Blythe,United States,33.6103,-114.59635,82.0
Bostonia,United States,32.80755,-116.93642,149.0
Boyle Heights,United States,34.0339,-118.20535,103.5
Brawley,United States,32.97866,-115.53027,-33.2
Brea,United States,33.91668,-117.90006,110.1
Brentwood,United States,37.93187,-121.69579,23.2
Buena Park,United States,33.86751,-117.99812,22.4
Burbank,United States,34.18084,-118.30897,193.1
Burlingame,United States,37.5841,-122.36608,13.2
Calabasas,United States,34.15778,-118.63842,283.7
Calexico,United States,32.67895,-115.49888,1.6
Camarillo,United States,34.21639,-119.0376,54.7
Cameron Park,United States,38.66879,-120.98716,359.2
Campbell,United States,37.28717,-121.94996,58.7
Canoga Park,United States,34.20112,-118.59814,242.5
Carlsbad,United States,33.15809,-117.35059,17.1
Carmichael,United States,38.61713,-121.32828,40.5
Carson,United States,33.83141,-118.28202,12.7
Castaic,United States,34.48888,-118.62287,374.0
Castro Valley,United States,37.6941,-122.08635,49.1
Cathedral City,United States,33.77974,-116.46529,100.1
Ceres,United States,37.59493,-120.95771,26.5
Cerritos,United States,33.85835,-118.06479,16.1
Chatsworth,United States,34.25723,-118.6012,298.1
Chico,United States,39.72849,-121.83748,64.5
Chino,United States,34.01223,-117.68894,221.6
Chino Hills,United States,33.9938,-117.75888,262.7
Chowchilla,United States,37.123,-120.26018,72.6
Chula Vista,United States,32.64005,-117.0842,18.2
Citrus Heights,United States,38.70712,-121.28106,49.3
Claremont,United States,34.09668,-117.71978,359.1
Clearlake,United States,38.95823,-122.62637,437.1
Clovis,United States,36.82523,-119.70292,110.1
Coachella,United States,33.6803,-116.17389,-21.0
Colton,United States,34.0739,-117.31365,305.1
Compton,United States,33.89585,-118.22007,18.9
Concord,United States,37.97798,-122.03107,24.1
Corcoran,United States,36.09801,-119.5604,60.9
Corona,United States,33.87529,-117.56644,209.4
Coronado,United States,32.68589,-117.18309,6.8
Costa Mesa,United States,33.64113,-117.91867,31.7
Covina,United States,34.09001,-117.89034,169.1
Cudahy,United States,33.96057,-118.18535,37.4
Culver City,United States,34.02112,-118.39647,30.3
Cupertino,United States,37.323,-122.03218,69.3
Cypress,United States,33.81696,-118.03729,10.1
Daly City,United States,37.70577,-122.46192,120.9
Dana Point,United States,33.46697,-117.69811,44.7
Danville,United States,37.82159,-121.99996,110.6
Davis,United States,38.54491,-121.74052,14.2
Delano,United States,35.76884,-119.24705,97.1
Desert Hot Springs,United States,33.96173,-116.50353,328.6
Diamond Bar,United States,34.02862,-117.81034,211.7
Dinuba,United States,36.54328,-119.38707,105.0
Dixon,United States,38.44546,-121.8233,21.0
Downey,United States,33.94001,-118.13257,36.7
Duarte,United States,34.13945,-117.97729,156.8
Dublin,United States,37.70215,-121.93579,110.1
East Rancho Dominguez,United States,33.89807,-118.19535,21.2
East Hemet,United States,33.74002,-116.93891,514.2
East Los Angeles,United States,34.0239,-118.17202,60.8
East Palo Alto,United States,37.46883,-122.14108,3.9
El Cajon,United States,32.79477,-116.96253,133.7
El Centro,United States,32.792,-115.56305,-13.1
El Cerrito,United States,37.91576,-122.31164,20.5
El Dorado Hills,United States,38.68574,-121.08217,231.6
El Monte,United States,34.06862,-118.02757,87.6
El Segundo,United States,33.91918,-118.41647,36.6
Elk Grove,United States,38.4088,-121.37162,14.6
Encinitas,United States,33.03699,-117.29198,23.7
Escondido,United States,33.11921,-117.08642,197.4
Fair Oaks,United States,38.64463,-121.27217,50.2
Fairfield,United States,38.24936,-122.03997,6.2
Fallbrook,United States,33.37642,-117.25115,208.1
Florin,United States,38.49602,-121.40884,8.9
Folsom,United States,38.67796,-121.17606,71.6
Fontana,United States,34.09223,-117.43505,376.4
Foothill Farms,United States,38.67877,-121.35114,37.5
Foster City,United States,37.55855,-122.27108,1.9
Fountain Valley,United States,33.70918,-117.95367,9.9
Fremont,United States,37.54827,-121.98857,16.8
Fresno,United States,36.74773,-119.77237,95.5
Fullerton,United States,33.87029,-117.92534,51.2
Galt,United States,38.25464,-121.29995,15.8
Garden Grove,United States,33.77391,-117.94145,26.4
Gardena,United States,33.88835,-118.30896,13.9
Gilroy,United States,37.00578,-121.56828,58.7
Glen Avon,United States,34.01168,-117.48477,229.7
Glendale,United States,34.14251,-118.25508,158.9
Glendora,United States,34.13612,-117.86534,237.7
Goleta,United States,34.43583,-119.82764,6.3
Granite Bay,United States,38.76323,-121.16384,129.5
Greenfield,United States,36.3208,-121.24381,87.2
Hacienda Heights,United States,33.99307,-117.96868,136.2
Hanford,United States,36.32745,-119.64568,75.0
Hawthorne,United States,33.9164,-118.35257,21.7
Hayward,United States,37.66882,-122.0808,31.2
Hemet,United States,33.74761,-116.97307,485.4
Hercules,United States,38.01714,-122.28858,20.2
Hermosa Beach,United States,33.86224,-118.39952,9.5
Hesperia,United States,34.42639,-117.30088,971.0
Highland,United States,34.12834,-117.20865,400.0
Hollister,United States,36.85245,-121.4016,87.7
Hollywood,United States,34.09834,-118.32674,114.0
Huntington Beach,United States,33.6603,-117.99923,11.4
Huntington Park,United States,33.98168,-118.22507,54.0
Imperial Beach,United States,32.58394,-117.11308,5.0
Indio,United States,33.7207,-116.21677,-3.4
Inglewood,United States,33.96168,-118.35313,41.5
Irvine,United States,37.68187,-121.76801,152.0
Lodi,United States,38.1302,-121.27245,15.0
Loma Linda,United States,34.04835,-117.26115,354.0
Lomita,United States,33.79224,-118.31507,33.9
Lompoc,United States,34.63915,-120.45794,32.5
Long Beach,United States,33.76696,-118.18923,11.4
Los Altos,United States,37.38522,-122.11413,47.4
Los Angeles,United States,34.05223,-118.24368,85.4
Los Banos,United States,37.05828,-120.84992,35.5
Los Gatos,United States,37.22661,-121.97468,105.4
Lynwood,United States,33.93029,-118.21146,26.4
Madera,United States,36.96134,-120.06072,82.4
Manhattan Beach,United States,33.88474,-118.41091,21.9
Manteca,United States,37.79743,-121.21605,15.1
Marina,United States,36.6844,-121.80217,11.1
Martinez,United States,38.01937,-122.13413,7.5
Maywood,United States,33.98668,-118.18535,46.4
Mead Valley,United States,33.83335,-117.29615,503.7
Menifee,United States,33.72835,-117.14642,451.8
Menlo Park,United States,37.45383,-122.18219,26.3
Merced,United States,37.30216,-120.48297,56.4
Millbrae,United States,37.59855,-122.38719,10.5
Milpitas,United States,37.42827,-121.90662,4.2
Mira Loma,United States,33.99251,-117.51644,219.2
Mission Viejo,United States,33.60002,-117.672,125.9
Modesto,United States,37.6391,-120.99688,28.7
Monrovia,United States,34.14806,-117.99895,176.8
Montclair,United States,34.07751,-117.68978,324.0
Montebello,United States,34.00946,-118.10535,63.3
Monterey,United States,36.60024,-121.89468,8.6
Monterey Park,United States,34.06251,-118.12285,117.6
Moorpark,United States,34.28556,-118.88204,159.0
Moraga,United States,37.83493,-122.12969,150.3
Moreno Valley,United States,33.93752,-117.23059,498.3
Morgan Hill,United States,37.1305,-121.65439,105.2
Mountain View,United States,37.38605,-122.08385,31.7
Murrieta,United States,33.55391,-117.21392,333.3
Napa,United States,38.29714,-122.28553,8.9
National City,United States,32.67811,-117.0992,20.6
Newark,United States,37.52966,-122.04024,4.0
Newport Beach,United States,33.61891,-117.92895,9.1
Nipomo,United States,35.04275,-120.476,101.2
Norco,United States,33.93113,-117.54866,193.0
North Glendale,United States,34.16056,-118.26452,162.0
North Highlands,United States,38.68574,-121.37217,28.3
North Hollywood,United States,34.17223,-118.37897,196.6
Northridge,United States,34.22834,-118.53675,246.3
Norwalk,United States,33.90224,-118.08173,27.6
Novato,United States,38.10742,-122.5697,5.3
Oakdale,United States,37.76659,-120.84715,48.1
Oakland,United States,37.80437,-122.2708,21.4
Oakley,United States,37.99742,-121.71245,6.3
Oceanside,United States,33.19587,-117.37948,24.1
Oildale,United States,35.41968,-119.01955,142.3
Ontario,United States,34.06334,-117.65089,304.8
Orange,United States,33.78779,-117.85311,59.8
Orangevale,United States,38.67851,-121.22578,72.1
Orcutt,United States,34.86526,-120.436,107.1
Orinda,United States,37.87715,-122.17969,150.2
Oroville,United States,39.51394,-121.55776,49.3
Oxnard,United States,34.1975,-119.17705,18.4
Oxnard Shores,United States,34.19084,-119.2415,6.2
Pacifica,United States,37.61383,-122.48692,23.1
Pacific Grove,United States,36.61774,-121.91662,47.4
Palm Desert,United States,33.72255,-116.37697,67.3
Palm Springs,United States,33.8303,-116.54529,144.7
Palmdale,United States,34.57943,-118.11646,812.6
Palo Alto,United States,37.44188,-122.14302,6.5
Paradise,United States,39.75961,-121.62192,539.7
Paramount,United States,33.88946,-118.15979,22.0
Pasadena,United States,34.14778,-118.14452,265.0
Paso Robles,United States,35.62664,-120.691,227.9
Patterson,United States,37.4716,-121.12966,30.3
Perris,United States,33.78252,-117.22865,443.9
Petaluma,United States,38.23242,-122.63665,4.2
Pico Rivera,United States,33.98307,-118.09673,50.2
Pinole,United States,38.00437,-122.29886,29.9
Pittsburg,United States,38.02798,-121.88468,9.9
Placentia,United States,33.87224,-117.87034,78.5
Pleasant Hill,United States,37.94798,-122.0608,19.7
Pleasanton,United States,37.66243,-121.87468,106.7
Pomona,United States,34.05529,-117.75228,259.8
Port Hueneme,United States,34.14778,-119.19511,4.3
Porterville,United States,36.06523,-119.01677,140.9
Poway,United States,32.96282,-117.03586,155.1
Prunedale,United States,36.77579,-121.66967,25.3
Ramona,United States,33.04171,-116.86808,437.2
Rancho Cordova,United States,38.58907,-121.30273,26.8
Rancho Cucamonga,United States,34.1064,-117.59311,369.0
Rancho Mirage,United States,33.73974,-116.41279,80.5
Rancho Palos Verdes,United States,33.74446,-118.38702,68.4
Rancho San Diego,United States,32.74727,-116.9353,110.5
Rancho Santa Margarita,United States,33.64086,-117.6031,284.1
Redlands,United States,34.05557,-117.18254,417.9
Redondo Beach,United States,33.84918,-118.38841,17.8
Redwood City,United States,37.48522,-122.23635,4.1
Reedley,United States,36.59634,-119.4504,108.0
Rialto,United States,34.1064,-117.37032,384.6
Richmond,United States,37.93576,-122.34775,11.9
Ridgecrest,United States,35.62246,-117.6709,699.3
Rio Linda,United States,38.69101,-121.44857,17.1
Riverbank,United States,37.73604,-120.93549,43.5
Riverside,United States,33.95335,-117.39616,253.0
Rocklin,United States,38.79073,-121.23578,74.7
Rohnert Park,United States,38.33964,-122.7011,31.9
Rosamond,United States,34.86414,-118.16341,713.7
Rosemead,United States,34.08057,-118.07285,96.4
Rosemont,United States,38.55185,-121.36467,16.1
Roseville,United States,38.75212,-121.28801,48.8
Rowland Heights,United States,33.97612,-117.90534,161.7
Rubidoux,United States,33.99613,-117.4056,235.1
Sacramento,United States,38.58157,-121.4944,10.6
Salinas,United States,36.67774,-121.6555,17.3
San Bernardino,United States,34.10834,-117.28977,321.2
San Bruno,United States,37.63049,-122.41108,6.7
San Carlos,United States,37.50716,-122.26052,9.8
San Clemente,United States,33.42697,-117.61199,69.9
San Diego,United States,32.71533,-117.15726,24.5
San Dimas,United States,34.10668,-117.80673,292.9
San Fernando,United States,34.28195,-118.43897,326.2
San Francisco,United States,37.77493,-122.41942,12.1
San Gabriel,United States,34.09611,-118.10583,129.5
San Jacinto,United States,33.78391,-116.95864,478.0
San Jose,United States,37.33939,-121.89496,24.1
San Juan Capistrano,United States,33.50169,-117.66255,38.0
San Leandro,United States,37.72493,-122.15608,20.8
San Lorenzo,United States,37.68104,-122.12441,9.8
San Luis Obispo,United States,35.28275,-120.65962,68.8
San Marcos,United States,33.14337,-117.16614,176.5
San Mateo,United States,37.56299,-122.32553,14.2
San Pablo,United States,37.96215,-122.34553,15.5
San Pedro,United States,33.73585,-118.29229,35.7
San Rafael,United States,37.97353,-122.53109,15.1
San Ramon,United States,37.77993,-121.97802,149.4
Sanger,United States,36.70801,-119.55597,112.3
Santa Ana,United States,33.74557,-117.86783,34.2
Santa Barbara,United States,34.42083,-119.69819,11.8
Santa Clara,United States,37.35411,-121.95524,20.0
Santa Clarita,United States,34.39166,-118.54259,367.7
Santa Cruz,United States,36.97412,-122.0308,5.3
Santa Fe Springs,United States,33.94724,-118.08535,45.2
Santa Maria,United States,34.95303,-120.43572,65.5
Santa Monica,United States,34.01945,-118.49119,33.7
Santa Paula,United States,34.35417,-119.05927,84.8
Santa Rosa,United States,38.44047,-122.71443,49.8
Santee,United States,32.83838,-116.97392,107.8
Saratoga,United States,37.26383,-122.02301,124.2
Seal Beach,United States,33.74141,-118.10479,6.5
Seaside,United States,36.61107,-121.85162,6.5
Selma,United States,36.57078,-119.61208,94.3
Shafter,United States,35.50051,-119.27178,106.1
Sherman Oaks,United States,34.15112,-118.44925,203.1
Simi Valley,United States,34.26945,-118.78148,234.6
Soledad,United States,36.42469,-121.32632,59.2
South El Monte,United States,34.05195,-118.04673,76.5
South Gate,United States,33.95474,-118.21202,34.1
South Lake Tahoe,United States,38.93324,-119.98435,1898.1
South Pasadena,United States,34.11612,-118.15035,202.4
South San Francisco,United States,37.65466,-122.40775,2.4
South San Jose Hills,United States,34.01279,-117.90478,128.6
South Whittier,United States,33.95015,-118.03917,45.4
South Yuba City,United States,39.11656,-121.63913,17.2
Spring Valley,United States,32.74477,-116.99892,117.4
Stanton,United States,33.80252,-117.99312,22.1
Stockton,United States,37.9577,-121.29078,4.2
Suisun,United States,38.23825,-122.04024,5.4
Sun City,United States,33.70919,-117.19726,435.0
Sunnyvale,United States,37.36883,-122.03635,36.1
Temecula,United States,33.49364,-117.14836,309.5
Temple City,United States,34.10723,-118.05785,122.9
Thousand Oaks,United States,34.17056,-118.83759,272.0
Torrance,United States,33.83585,-118.34063,26.3
Tracy,United States,37.73987,-121.42618,15.8
Truckee,United States,39.32796,-120.18325,1769.3
Tulare,United States,36.20773,-119.34734,86.1
Turlock,United States,37.49466,-120.84659,33.5
Tustin,United States,33.74585,-117.82617,42.9
North Tustin,United States,33.76446,-117.79394,77.7
Twentynine Palms,United States,34.13556,-116.05417,606.0
Ukiah,United States,39.15017,-123.20778,193.3
Union City,United States,37.59577,-122.01913,19.5
Universal City,United States,34.1389,-118.35341,233.5
Upland,United States,37.90631,-122.06496,53.7
Walnut Park,United States,33.96807,-118.22507,45.2
Watsonville,United States,36.91023,-121.75689,10.2
West Carson,United States,33.82168,-118.29257,12.7
West Covina,United States,34.06862,-117.93895,118.8
West Hollywood,United States,34.09001,-118.36174,87.3
West Puente Valley,United States,34.05168,-117.9684,98.6
West Sacramento,United States,38.58046,-121.53023,5.7
Westminster,United States,33.75918,-118.00673,11.2
Westmont,United States,33.9414,-118.3023,67.2
Whittier,United States,33.97918,-118.03284,112.7
Wildomar,United States,33.59891,-117.28004,385.4
Willowbrook,United States,33.91696,-118.25507,31.7
Windsor,United States,38.54713,-122.81638,33.8
Winter Gardens,United States,32.83116,-116.93336,203.1
Woodland,United States,38.67852,-121.7733,20.4
Woodland Hills,United States,34.16834,-118.60592,272.1
Yorba Linda,United States,33.88863,-117.81311,115.5
Yuba City,United States,39.14045,-121.61691,17.1
Yucaipa,United States,34.03363,-117.04309,799.0
Yucca Valley,United States,34.11417,-116.43224,1025.1
Arvada,United States,39.80276,-105.08748,1629.6
Aurora,United States,39.72943,-104.83192,1648.2
Brighton,United States,39.98526,-104.82053,1520.4
Broomfield,United States,39.92054,-105.08665,1642.6
Cañon City,United States,38.44098,-105.24245,1632.6
Castle Rock,United States,39.37221,-104.85609,1898.6
Castlewood,United States,39.58471,-104.90109,1745.8
Centennial,United States,39.57916,-104.87692,1779.6
Cimarron Hills,United States,38.85861,-104.69886,1962.2
Clifton,United States,39.09193,-108.44898,1438.9
Colorado Springs,United States,38.83388,-104.82136,1831.3
Columbine,United States,39.58777,-105.06943,1688.5
Commerce City,United States,39.80832,-104.93387,1575.1
Denver,United States,39.73915,-104.9847,1610.5
Durango,United States,37.27528,-107.88007,1995.9
Englewood,United States,39.64777,-104.98776,1638.3
Fountain,United States,38.68222,-104.70081,1689.8
Golden,United States,39.75554,-105.2211,1733.1
Grand Junction,United States,39.06387,-108.55065,1398.6
Highlands Ranch,United States,39.55388,-104.96943,1736.5
Ken Caryl,United States,39.57582,-105.11221,1755.0
Lafayette,United States,39.9936,-105.08971,1588.8
Lakewood,United States,39.70471,-105.08137,1682.3
Littleton,United States,39.61332,-105.01665,1634.2
Louisville,United States,39.97776,-105.13193,1628.3
Montrose,United States,38.47832,-107.87617,1773.9
Northglenn,United States,39.88554,-104.9872,1641.3
Parker,United States,39.5186,-104.76136,1792.7
Pueblo,United States,38.25445,-104.60914,1424.1
Pueblo West,United States,38.35,-104.72275,1543.9
Sherrelwood,United States,39.83776,-105.00137,1611.9
Southglenn,United States,39.58721,-104.95276,1703.4
Thornton,United States,39.86804,-104.97192,1629.8
Westminster,United States,39.83665,-105.0372,1640.1
Wheat Ridge,United States,39.7661,-105.07721,1664.9
Dodge City,United States,37.7528,-100.01708,761.2
Garden City,United States,37.97169,-100.87266,866.0
Liberal,United States,37.04308,-100.921,864.3
Alamogordo,United States,32.89953,-105.96027,1322.6
Albuquerque,United States,35.08449,-106.65114,1514.8
Carlsbad,United States,32.42067,-104.22884,948.6
Clovis,United States,34.4048,-103.20523,1301.2
Farmington,United States,36.72806,-108.21869,1614.1
Gallup,United States,35.52808,-108.74258,1986.8
Hobbs,United States,32.70261,-103.13604,1103.8
Las Cruces,United States,32.31232,-106.77834,1192.2
Rio Rancho,United States,35.23338,-106.66447,1607.9
Roswell,United States,33.39437,-104.52491,1091.4
Santa Fe,United States,35.68698,-105.9378,2135.1
South Valley,United States,35.01005,-106.67808,1499.6
Boulder City,United States,35.97859,-114.83249,763.7
Carson City,United States,39.1638,-119.7674,1430.2
Enterprise,United States,36.02525,-115.24194,777.0
Fernley,United States,39.60797,-119.25183,1266.7
Henderson,United States,36.0397,-114.98194,569.9
Las Vegas,United States,36.17497,-115.13722,607.6
Mesquite,United States,36.80553,-114.06719,488.4
North Las Vegas,United States,36.19886,-115.1175,569.5
Pahrump,United States,36.20829,-115.98391,822.6
Paradise,United States,36.09719,-115.14666,626.7
Reno,United States,39.52963,-119.8138,1374.2
Spanish Springs,United States,39.64908,-119.70741,1376.9
Sparks,United States,39.53491,-119.75269,1343.3
Spring Valley,United States,36.10803,-115.245,720.7
Sun Valley,United States,39.5963,-119.77602,1437.3
Sunrise Manor,United States,36.21108,-115.07306,557.6
Whitney,United States,36.09831,-115.0363,501.5
Winchester,United States,36.12997,-115.11889,583.9
Amarillo,United States,35.222,-101.8313,1119.2
Big Spring,United States,32.2504,-101.47874,744.6
Del Rio,United States,29.36273,-100.89676,294.6
Eagle Pass,United States,28.70914,-100.49952,224.5
El Paso,United States,31.75872,-106.48693,1137.2
Hereford,United States,34.81521,-102.39932,1165.8
Horizon City,United States,31.69261,-106.20748,1225.8
Lubbock,United States,33.57786,-101.85517,976.3
Midland,United States,31.99735,-102.07791,850.7
Odessa,United States,31.84568,-102.36764,883.5
Pampa,United States,35.53616,-100.95987,987.6
Plainview,United States,34.18479,-101.70684,1026.0
San Angelo,United States,31.46377,-100.43704,563.7
Socorro,United States,31.65456,-106.30331,1114.6
Socorro Mission Number 1 Colonia,United States,31.63622,-106.29054,1112.5
West Odessa,United States,31.84235,-102.49876,903.1
Cedar City,United States,37.67748,-113.06189,1784.5
Saint George,United States,37.10415,-113.58412,822.3
Washington,United States,37.13054,-113.50829,849.4
Wasco,United States,35.59412,-119.34095,98.9
Anthem,United States,33.86726,-112.14682,567.2
Apache Junction,United States,33.41505,-111.54958,524.3
Avondale,United States,33.4356,-112.3496,295.7
Juneau,United States,58.30194,-134.41972,5.3
Arcata,United States,40.86652,-124.08284,8.5
Bayside,United States,40.84235,-124.06367,7.7
Eureka,United States,40.80207,-124.16367,13.5
McKinleyville,United States,40.94652,-124.10062,41.8
Redding,United States,40.58654,-122.39168,172.9
Susanville,United States,40.41628,-120.65301,1282.7
Boulder,United States,40.01499,-105.27055,1620.4
Erie,United States,40.05026,-105.04998,1532.9
Evans,United States,40.37637,-104.69219,1417.2
Fort Collins,United States,40.58526,-105.08442,1525.3
Greeley,United States,40.42331,-104.70913,1425.9
Longmont,United States,40.16721,-105.10193,1518.7
Loveland,United States,40.39776,-105.07498,1520.2
Windsor,United States,40.47748,-104.90136,1461.0
Boise,United States,43.6135,-116.20345,825.6
Caldwell,United States,43.66294,-116.68736,723.7
Coeur d'Alene,United States,47.67768,-116.78047,669.2
Eagle,United States,43.69544,-116.35401,780.7
Idaho Falls,United States,43.46658,-112.03414,1433.1
Kuna,United States,43.49183,-116.42012,823.0
Lewiston,United States,46.41655,-117.01766,226.1
Lewiston Orchards,United States,46.38044,-116.97543,439.2
Meridian,United States,43.61211,-116.39151,795.1
Moscow,United States,46.73239,-117.00017,787.7
Nampa,United States,43.54072,-116.56346,768.6
Pocatello,United States,42.8713,-112.44553,1360.1
Post Falls,United States,47.71796,-116.95159,662.5
Rexburg,United States,43.82602,-111.78969,1482.6
Twin Falls,United States,42.56297,-114.46087,1136.4
Billings,United States,45.78329,-108.50069,950.5
Bozeman,United States,45.67965,-111.03856,1472.2
Butte,United States,46.00382,-112.53474,1687.6
Great Falls,United States,47.50024,-111.30081,1017.6
Helena,United States,46.59271,-112.03611,1234.7
Kalispell,United States,48.19579,-114.31291,902.4
Missoula,United States,46.87215,-113.994,980.1
Bismarck,United States,46.80833,-100.78374,521.4
Dickinson,United States,46.87918,-102.78962,736.1
Mandan,United States,46.82666,-100.88958,504.2
Minot,United States,48.23251,-101.29627,491.2
North Platte,United States,41.12389,-100.76542,856.1
Scottsbluff,United States,41.86663,-103.66717,1184.6
Elko,United States,40.83242,-115.76312,1547.3
Albany,United States,44.63651,-123.10593,64.9
Aloha,United States,45.49428,-122.86705,64.5
Altamont,United States,42.20681,-121.73722,1259.5
Ashland,United States,42.19458,-122.70948,590.3
Beaverton,United States,45.48706,-122.80371,58.2
Bend,United States,44.05817,-121.31531,1104.7
Bethany,United States,45.55789,-122.8676,54.7
Canby,United States,45.2629,-122.69259,45.1
Central Point,United States,42.37596,-122.91643,386.8
Coos Bay,United States,43.3665,-124.21789,4.2
Corvallis,United States,44.56457,-123.26204,72.3
Eugene,United States,44.05207,-123.08675,131.2
Forest Grove,United States,45.51984,-123.11066,60.5
Four Corners,United States,44.9279,-122.98371,66.9
Grants Pass,United States,42.43933,-123.33067,286.9
Gresham,United States,45.49818,-122.43148,96.8
Hayesville,United States,44.98595,-122.98287,55.0
Hermiston,United States,45.84041,-119.28946,142.1
Hillsboro,United States,45.52289,-122.98983,60.4
Keizer,United States,44.99012,-123.02621,42.4
Klamath Falls,United States,42.22487,-121.78167,1254.4
Lake Oswego,United States,45.42067,-122.67065,49.6
Lebanon,United States,44.53651,-122.90703,107.6
Lents,United States,45.47984,-122.56731,65.2
McMinnville,United States,45.21012,-123.19872,48.1
Medford,United States,42.32652,-122.87559,421.8
Milwaukie,United States,45.44623,-122.63926,12.5
Newberg,United States,45.30012,-122.97316,57.9
Oak Grove,United States,45.41679,-122.64009,55.0
Oregon City,United States,45.35734,-122.60676,46.0
Pendleton,United States,45.67207,-118.7886,326.7
Portland,United States,45.52345,-122.67621,15.6
Redmond,United States,44.27262,-121.17392,914.6
Roseburg,United States,43.2165,-123.34174,144.5
Salem,United States,44.9429,-123.0351,48.0
Sherwood,United States,45.35651,-122.8401,60.4
Springfield,United States,44.04624,-123.02203,140.9
Tigard,United States,45.43123,-122.77149,48.3
Troutdale,United States,45.53929,-122.38731,39.5
Tualatin,United States,45.38401,-122.76399,37.4
West Linn,United States,45.36568,-122.61231,37.2
Wilsonville,United States,45.29984,-122.77371,44.3
Woodburn,United States,45.14373,-122.85537,56.6
Rapid City,United States,44.08054,-103.23101,993.2
Bountiful,United States,40.88939,-111.88077,1333.7
Brigham City,United States,41.51021,-112.0155,1353.8
Centerville,United States,40.918,-111.87216,1335.2
Clearfield,United States,41.11078,-112.02605,1361.9
Clinton,United States,41.13967,-112.0505,1338.8
Cottonwood Heights,United States,40.61967,-111.81021,1472.1
Draper,United States,40.52467,-111.86382,1372.7
Eagle Mountain,United States,40.31412,-112.00688,1489.2
East Millcreek,United States,40.69995,-111.81049,1456.2
Farmington,United States,40.9805,-111.88744,1316.1
Herriman,United States,40.51411,-112.03299,1506.5
Highland,United States,40.42548,-111.79447,1485.2
Holladay,United States,40.66884,-111.82466,1362.0
Kaysville,United States,41.03522,-111.93855,1329.0
Kearns,United States,40.65995,-111.99633,1381.9
Layton,United States,41.06022,-111.97105,1325.7
Lehi,United States,40.39162,-111.85077,1393.4
Logan,United States,41.73549,-111.83439,1382.0
Magna,United States,40.70911,-112.10161,1304.5
Midvale,United States,40.61106,-111.89994,1336.1
Millcreek,United States,40.68689,-111.87549,1307.2
Murray,United States,40.66689,-111.88799,1313.2
North Ogden,United States,41.30716,-111.96022,1369.7
North Salt Lake,United States,40.84856,-111.90688,1321.9
Ogden,United States,41.223,-111.97383,1311.9
Orem,United States,40.2969,-111.69465,1455.1
Payson,United States,40.0444,-111.73215,1421.2
Pleasant Grove,United States,40.36412,-111.73854,1410.4
Provo,United States,40.23384,-111.65853,1388.1
Riverton,United States,40.52189,-111.9391,1351.9
Roy,United States,41.16161,-112.02633,1384.6
Salt Lake City,United States,40.76078,-111.89105,1299.3
Sandy City,United States,40.59161,-111.8841,1361.5
Sandy Hills,United States,40.58106,-111.85077,1455.2
Saratoga Springs,United States,40.34912,-111.90466,1368.2
South Jordan Heights,United States,40.56384,-111.94938,1378.5
South Jordan,United States,40.56217,-111.92966,1354.3
South Ogden,United States,41.19189,-111.97133,1358.7
South Salt Lake,United States,40.71884,-111.88827,1297.2
Spanish Fork,United States,40.11496,-111.65492,1395.1
Springville,United States,40.16523,-111.61075,1396.8
Syracuse,United States,41.08939,-112.06467,1306.2
Taylorsville,United States,40.66772,-111.93883,1310.3
Tooele,United States,40.53078,-112.29828,1540.4
West Jordan,United States,40.60967,-111.9391,1332.6
West Valley City,United States,40.69161,-112.00105,1313.0
Aberdeen,United States,46.97537,-123.81572,2.7
Anacortes,United States,48.5126,-122.61267,4.5
Arlington,United States,48.19871,-122.12514,31.0
Auburn,United States,47.30732,-122.22845,28.4
Battle Ground,United States,45.78095,-122.53343,90.6
Bellevue,United States,47.61038,-122.20068,26.4
Bellingham,United States,48.75955,-122.48822,21.6
Bonney Lake,United States,47.17705,-122.18651,171.5
Bothell,United States,47.76232,-122.2054,22.9
Bremerton,United States,47.56732,-122.63264,11.1
Burien,United States,47.47038,-122.34679,114.1
Camas,United States,45.58706,-122.39954,25.8
Centralia,United States,46.71621,-122.9543,56.3
Cottage Lake,United States,47.74427,-122.07735,64.3
Covington,United States,47.35818,-122.12216,112.3
Des Moines,United States,47.40177,-122.32429,25.5
Edmonds,United States,47.81065,-122.37736,21.2
Ellensburg,United States,46.99651,-120.54785,472.4
Everett,United States,47.97898,-122.20208,27.4
Fairwood,United States,47.44843,-122.15734,158.9
Federal Way,United States,47.32232,-122.31262,141.3
Five Corners,United States,45.68456,-122.5751,61.1
Frederickson,United States,47.09621,-122.35873,117.5
Graham,United States,47.05288,-122.29428,184.3
Hazel Dell,United States,45.67151,-122.66288,61.8
Issaquah,United States,47.5301,-122.03262,31.3
Kenmore,United States,47.75732,-122.24401,9.0
Kennewick,United States,46.21125,-119.13723,123.8
Kent,United States,47.38093,-122.23484,12.4
Kirkland,United States,47.68149,-122.20874,45.9
Lacey,United States,47.03426,-122.82319,60.2
Lake Stevens,United States,48.0151,-122.06374,64.0
Lakewood,United States,47.17176,-122.51846,77.7
Longview,United States,46.13817,-122.93817,5.0
Lynnwood,United States,47.82093,-122.31513,118.8
Maple Valley,United States,47.39272,-122.04641,124.7
Martha Lake,United States,47.85093,-122.2393,140.7
Marysville,United States,48.05176,-122.17708,6.7
Mercer Island,United States,47.57065,-122.22207,99.3
Mill Creek,United States,47.8601,-122.2043,124.7
Monroe,United States,47.85538,-121.97096,21.7
Moses Lake,United States,47.13014,-119.27808,324.9
Mount Vernon,United States,48.42122,-122.33405,30.1
Mountlake Terrace,United States,47.78815,-122.30874,136.0
Mukilteo,United States,47.94454,-122.30458,33.6
North Creek,United States,47.81954,-122.17624,101.8
Oak Harbor,United States,48.29316,-122.64322,26.4
Olympia,United States,47.03787,-122.9007,29.9
Opportunity,United States,47.64995,-117.23991,614.9
Orchards,United States,45.66651,-122.56093,68.2
Parkland,United States,47.15538,-122.43401,115.2
Pasco,United States,46.23958,-119.10057,116.0
Port Angeles,United States,48.11815,-123.43074,21.7
Pullman,United States,46.73127,-117.17962,715.8
Puyallup,United States,47.18538,-122.2929,10.5
Redmond,United States,47.67399,-122.12151,11.8
Renton,United States,47.48288,-122.21707,13.0
Richland,United States,46.28569,-119.28446,115.6
Salmon Creek,United States,45.71067,-122.64899,27.9
Sammamish,United States,47.64177,-122.0804,13.0
SeaTac,United States,47.44846,-122.29217,128.8
Seattle,United States,47.60621,-122.33207,56.4
Shoreline,United States,47.75565,-122.34152,143.4
Silverdale,United States,47.64454,-122.69487,4.5
South Hill,United States,47.14121,-122.27012,161.3
Spanaway,United States,47.10399,-122.43457,113.0
Spokane,United States,47.65966,-117.42908,540.0
Spokane Valley,United States,47.67323,-117.23937,611.7
Sunnyside,United States,46.32374,-120.00865,226.8
Tacoma,United States,47.25288,-122.44429,75.8
Tukwila,United States,47.47399,-122.26096,43.0
Tumwater,United States,47.00732,-122.90931,51.5
University Place,United States,47.23565,-122.5504,59.1
Vancouver,United States,45.63873,-122.66149,55.1
Walla Walla,United States,46.06458,-118.34302,287.4
Wenatchee,United States,47.42346,-120.31035,203.7
West Lake Sammamish,United States,47.5776,-122.10123,6.6
West Lake Stevens,United States,47.99343,-122.1018,109.4
Bainbridge Island,United States,47.62621,-122.52124,27.5
Yakima,United States,46.60207,-120.5059,326.4
Casper,United States,42.86663,-106.31308,1556.2
Cheyenne,United States,41.13998,-104.82025,1856.6
Gillette,United States,44.29109,-105.50222,1395.8
Laramie,United States,41.31137,-105.5911,2187.4
Rock Springs,United States,41.58746,-109.2029,1947.5
Sheridan,United States,44.79719,-106.95618,1146.5
American Fork,United States,40.3769,-111.79576,1405.3
Kahului,United States,20.88953,-156.47432,4.7
Kailua,United States,21.40241,-157.74054,3.3
Kāne‘ohe,United States,21.39994,-157.79895,44.8
Kīhei,United States,20.76462,-156.44578,24.7
Makakilo City,United States,21.34694,-158.08583,129.6
Mililani Town,United States,21.45,-158.00111,194.8
Pearl City,United States,21.39734,-157.97516,32.1
Wahiawā,United States,21.50279,-158.02464,286.4
Wailuku,United States,20.89133,-156.50604,74.3
Waipahu,United States,21.38667,-158.00917,22.4
‘Ewa Gentry,United States,21.33999,-158.03039,10.3
Hilo,United States,19.72991,-155.09073,23.5
Honolulu,United States,21.30694,-157.85833,11.4
Eagle River,United States,61.32139,-149.56778,96.7
Fairbanks,United States,64.83778,-147.71639,136.3
Anchorage,United States,61.21806,-149.90028,35.2
Badger,United States,64.8,-147.53333,139.2
Milton,United States,34.13216,-84.30067,289.2
Johns Creek,United States,34.02893,-84.19858,287.6
Cutler Bay,United States,25.5783,-80.3377,4.7
Alafaya,United States,28.5641,-81.2114,27.0
Fort Bragg,United States,35.139,-79.00603,98.8
City of Milford (balance),United States,41.22374,-73.06164,17.8
Butte-Silver Bow (Balance),United States,45.90194,-112.65708,1777.2
City of Sammamish,United States,47.60444,-122.03768,139.3
Silver Firs,United States,47.86602,-122.1551,153.7
Vineyard,United States,38.46449,-121.34692,25.4
Wallingford Center,United States,41.44987,-72.81892,35.1
Bel Air North,United States,39.55429,-76.37309,130.6
Bel Air South,United States,39.50506,-76.31977,91.2
Setauket-East Setauket,United States,40.93064,-73.10179,20.5
Tonawanda,United States,42.98499,-78.87798,187.8
Fort Leonard Wood,United States,37.70573,-92.15717,332.6
West Bloomfield Township,United States,42.56891,-83.38356,299.3
East Lake-Orient Park,United States,27.98269,-82.37878,10.4
Four Corners,United States,28.33287,-81.64738,34.6
Greater Northdale,United States,28.10545,-82.52594,16.6
Candler-McAfee,United States,33.72672,-84.27246,280.7
University,United States,28.07389,-82.43902,15.0
Vero Beach South,United States,27.61638,-80.41308,7.7
Kendall West,United States,25.7065,-80.4388,3.1
Palm River-Clair Mel,United States,27.92386,-82.37939,4.7
Arden-Arcade,United States,38.6025,-121.37854,12.2
Bryn Mawr-Skyway,United States,47.4943,-122.24092,120.3
Casa de Oro-Mount Helix,United States,32.76397,-116.96877,253.6
Florence-Graham,United States,33.96772,-118.24438,43.4
Fort Hood,United States,31.13489,-97.77561,274.0
Inglewood-Finn Hill,United States,47.72049,-122.23167,120.1
La Crescenta-Montrose,United States,34.23216,-118.23529,558.1
East Hill-Meridian,United States,47.41052,-122.17369,153.8
Security-Widefield,United States,38.74728,-104.71439,1782.5
Union Hill-Novelty Hill,United States,47.67887,-122.02833,161.9
West Whittier-Los Nietos,United States,33.976,-118.06909,48.3
Summerlin South,United States,36.11708,-115.33001,870.6
Makakilo,United States,21.35237,-158.08655,182.7
Schofield Barracks,United States,21.49837,-158.06515,278.2
San Tan Valley,United States,33.1911,-111.528,461.6
Enchanted Hills,United States,35.33676,-106.59296,1613.0
West Hills,United States,34.19731,-118.64398,267.0
Oak Hill,United States,38.9258,-77.40156,106.2
Bridgewater,United States,40.60079,-74.64815,48.3
Warren Township,United States,40.60822,-74.51803,92.2
Fairfield Heights,United States,39.82861,-86.38224,266.4
Randolph,United States,40.84829,-74.58148,299.3
Hot Springs National Park,United States,34.51342,-93.05429,190.3
Dixiana,United States,33.74021,-86.64938,213.5
Cranberry Township,United States,40.68496,-80.10714,318.3
Silver Lake,United States,34.08668,-118.27023,110.9
Echo Park,United States,34.07808,-118.26066,127.2
Young,Uruguay,-32.69844,-57.62693,87.6
Trinidad,Uruguay,-33.5165,-56.89957,140.5
Trinidad,Uruguay,-33.53889,-56.88861,136.2
Treinta y Tres,Uruguay,-33.23333,-54.38333,50.4
Tacuarembó,Uruguay,-31.71694,-55.98111,135.3
Santa Lucía,Uruguay,-34.45333,-56.39056,24.1
San José de Mayo,Uruguay,-34.3375,-56.71361,51.3
San Carlos,Uruguay,-34.79123,-54.91824,27.9
Salto,Uruguay,-31.38333,-57.96667,19.1
Rocha,Uruguay,-34.48333,-54.33333,24.8
Rivera,Uruguay,-30.90534,-55.55076,193.3
Progreso,Uruguay,-34.66737,-56.21758,57.6
Paysandú,Uruguay,-32.32139,-58.07556,51.0
Paso de Carrasco,Uruguay,-34.86028,-56.05222,8.3
Pando,Uruguay,-34.71716,-55.9584,24.0
Montevideo,Uruguay,-34.90328,-56.18816,36.9
Minas,Uruguay,-34.37589,-55.23771,132.9
Mercedes,Uruguay,-33.2524,-58.03047,27.2
Melo,Uruguay,-32.37028,-54.1675,114.5
Maldonado,Uruguay,-34.9,-54.95,28.8
Las Piedras,Uruguay,-34.7302,-56.21915,70.3
La Paz,Uruguay,-34.76031,-56.2259,55.1
Fray Bentos,Uruguay,-33.12194,-58.30306,23.5
Florida,Uruguay,-34.09556,-56.21417,72.8
Durazno,Uruguay,-33.38056,-56.52361,97.6
Dolores,Uruguay,-33.53009,-58.21701,21.7
Delta del Tigre,Uruguay,-34.76488,-56.3645,3.3
Colonia del Sacramento,Uruguay,-34.46262,-57.83976,28.5
Carmelo,Uruguay,-34.00023,-58.28402,11.8
Canelones,Uruguay,-34.52278,-56.27778,19.9
Artigas,Uruguay,-30.4,-56.46667,113.8
Nukus,Uzbekistan,42.45306,59.61028,75.6
Khŭjayli,Uzbekistan,42.40043,59.46005,75.8
Oltinko’l,Uzbekistan,43.06874,58.90372,61.4
Zomin,Uzbekistan,39.96056,68.39583,646.0
Urgut,Uzbekistan,39.40222,67.24306,1016.9
Tirmiz,Uzbekistan,37.22417,67.27833,303.4
Sho’rchi,Uzbekistan,37.99944,67.7875,448.8
Shahrisabz,Uzbekistan,39.05778,66.83417,631.4
Samarqand,Uzbekistan,39.65417,66.95972,717.1
Qarshi,Uzbekistan,38.86056,65.78905,384.1
Muborak,Uzbekistan,39.25528,65.15278,287.2
Kitob,Uzbekistan,39.08425,66.83318,622.2
Kattaqo’rg’on,Uzbekistan,39.89889,66.25611,486.4
Koson,Uzbekistan,39.0375,65.585,346.0
Karakul’,Uzbekistan,39.53333,63.83333,198.5
Kogon,Uzbekistan,39.72278,64.55167,223.6
G’uzor,Uzbekistan,38.62083,66.24806,521.0
Galaosiyo,Uzbekistan,39.85778,64.44833,227.7
Juma,Uzbekistan,39.71611,66.66417,625.9
Denov,Uzbekistan,38.26667,67.9,521.8
Chiroqchi,Uzbekistan,39.03361,66.57222,524.8
Chelak,Uzbekistan,39.92028,66.86111,602.5
Bulung’ur,Uzbekistan,39.76472,67.27139,756.4
Bukhara,Uzbekistan,39.77472,64.42861,228.5
Beshkent,Uzbekistan,38.82139,65.65306,353.3
Boysun,Uzbekistan,38.20611,67.19861,1238.1
Oqtosh,Uzbekistan,39.92139,65.92528,463.1
Zafar,Uzbekistan,40.98333,68.9,307.4
Yaypan,Uzbekistan,40.37583,70.81556,441.0
Yangiyŭl,Uzbekistan,41.11202,69.0471,346.5
Yangiyer,Uzbekistan,40.275,68.8225,312.6
Yangirabot,Uzbekistan,40.02539,65.96095,417.8
Yangiqo‘rg‘on,Uzbekistan,41.18722,71.73333,746.1
Yangiobod,Uzbekistan,41.11919,70.09406,1309.7
Wobkent,Uzbekistan,40.03028,64.515,245.9
Uychi,Uzbekistan,41.08073,71.92331,478.9
Urganch,Uzbekistan,41.55,60.63333,100.1
Dashtobod,Uzbekistan,40.12694,68.49444,400.1
Uchqŭrghon Shahri,Uzbekistan,41.11371,72.07915,492.6
Tŭytepa,Uzbekistan,41.0321,69.36253,393.1
Tŭragŭrghon,Uzbekistan,40.99984,71.51162,552.1
Toshloq,Uzbekistan,40.47722,71.76778,488.4
Tashkent,Uzbekistan,41.26465,69.21627,425.0
Toshbuloq,Uzbekistan,40.92339,71.57215,410.3
Sirdaryo,Uzbekistan,40.84361,68.66167,263.3
Showot,Uzbekistan,41.65583,60.3025,93.4
Shofirkon,Uzbekistan,40.12,64.50139,243.2
Salor,Uzbekistan,41.37222,69.38167,512.6
Qŭshkŭpir,Uzbekistan,41.535,60.34556,94.0
Qo‘qon,Uzbekistan,40.52861,70.9425,411.3
Piskent,Uzbekistan,40.89722,69.35056,415.8
Payshanba,Uzbekistan,40.00778,66.23694,467.6
Parkent,Uzbekistan,41.29444,69.67639,753.8
Pop,Uzbekistan,40.87361,71.10889,437.3
Paxtakor,Uzbekistan,40.31528,67.95444,306.6
Olmaliq,Uzbekistan,40.84472,69.59833,567.1
Ohangaron,Uzbekistan,40.90639,69.63833,564.6
Nurota,Uzbekistan,40.56139,65.68861,495.0
Novyy Turtkul’,Uzbekistan,41.55,61.01667,105.5
Navoiy,Uzbekistan,40.08444,65.37917,390.0
Namangan,Uzbekistan,40.9983,71.67257,440.1
Marg‘ilon,Uzbekistan,40.47111,71.72472,490.1
Manghit,Uzbekistan,42.11556,60.05972,85.5
Asaka,Uzbekistan,40.64153,72.23868,497.9
Quvasoy,Uzbekistan,40.29721,71.98026,813.4
Qŭrghontepa,Uzbekistan,40.73192,72.76177,706.9
Kirguli,Uzbekistan,40.43553,71.76721,545.7
Qibray,Uzbekistan,41.38972,69.465,532.7
Khŭjaobod,Uzbekistan,40.66886,72.56002,669.9
Khiwa,Uzbekistan,41.37833,60.36389,96.5
Haqqulobod,Uzbekistan,40.91667,72.11667,435.8
Kosonsoy,Uzbekistan,41.25611,71.55083,898.7
Jizzax,Uzbekistan,40.11583,67.84222,381.7
Iskandar,Uzbekistan,41.55389,69.70083,659.9
Hazorasp,Uzbekistan,41.31944,61.07417,107.5
Gurlan,Uzbekistan,41.84472,60.39194,90.0
Guliston,Uzbekistan,40.48972,68.78417,275.3
Ghijduwon,Uzbekistan,40.1,64.68333,260.8
G‘azalkent,Uzbekistan,41.55806,69.77083,702.4
Gagarin,Uzbekistan,40.66194,68.17222,267.4
Fergana,Uzbekistan,40.38421,71.78432,578.9
Dŭstlik,Uzbekistan,40.52472,68.03583,275.2
Chust Shahri,Uzbekistan,41.00936,71.2287,688.4
Chirchiq,Uzbekistan,41.46889,69.58222,601.9
Chinoz,Uzbekistan,40.93639,68.76972,266.0
Chortoq,Uzbekistan,41.06656,71.85527,484.0
Bŭka,Uzbekistan,40.81083,69.19861,343.3
Beshariq,Uzbekistan,40.43583,70.61028,391.1
Beruniy,Uzbekistan,41.69111,60.7525,99.4
Bektemir,Uzbekistan,41.20972,69.33417,420.2
Bekobod,Uzbekistan,40.22083,69.26972,303.5
Angren,Uzbekistan,41.01667,70.14361,929.9
Andijon,Uzbekistan,40.78206,72.34424,493.8
Oltiariq,Uzbekistan,40.39194,71.47417,459.5
Quva,Uzbekistan,40.52204,72.07292,495.3
Navoiy Shahri,Uzbekistan,40.09294,65.3712,381.5
Vatican City,Vatican,41.90236,12.45332,37.6
Kingstown,Saint Vincent and the Grenadines,13.15872,-61.22475,14.2
Kingstown Park,Saint Vincent and the Grenadines,13.15833,-61.235,5.3
La Asunción,Venezuela,11.03333,-63.86278,39.0
Anaco,Venezuela,9.43889,-64.47278,217.8
Alto Barinas,Venezuela,8.5931,-70.2261,189.2
Zaraza,Venezuela,9.35029,-65.32452,75.8
Yaritagua,Venezuela,10.08,-69.12611,378.9
Villa de Cura,Venezuela,10.03863,-67.48938,518.7
Villa Bruzual,Venezuela,9.33278,-69.12083,131.4
Valle de La Pascua,Venezuela,9.21554,-66.00734,189.0
Valera,Venezuela,9.31778,-70.60361,521.5
Valencia,Venezuela,10.16202,-68.00765,457.8
Upata,Venezuela,8.00861,-62.39889,359.7
Turmero,Venezuela,10.22856,-67.47421,473.5
Tucupita,Venezuela,9.06222,-62.05102,2.5
Trujillo,Venezuela,9.37084,-70.43473,756.5
Tinaquillo,Venezuela,9.91861,-68.30472,424.2
Táriba,Venezuela,7.8188,-72.22427,879.5
Santa Teresa,Venezuela,10.23409,-66.66308,139.7
Santa Rita,Venezuela,10.53642,-71.51104,8.7
Santa Elena de Uairén,Venezuela,4.60226,-61.11025,867.7
San Mateo,Venezuela,10.21302,-67.42365,493.6
San Juan de los Morros,Venezuela,9.91152,-67.35381,429.8
San Juan de Colón,Venezuela,8.03125,-72.26053,808.6
San José de Guanipa,Venezuela,8.88724,-64.16512,258.2
San Joaquín,Venezuela,10.263,-67.78579,436.4
San Felipe,Venezuela,10.33991,-68.74247,276.9
San Cristóbal,Venezuela,7.76694,-72.225,900.7
San Carlos del Zulia,Venezuela,9.00003,-71.91352,4.4
San Carlos,Venezuela,9.66124,-68.58268,151.8
San Antonio del Táchira,Venezuela,7.81454,-72.4431,429.7
San Antonio de Los Altos,Venezuela,10.38853,-66.95179,1397.7
Rubio,Venezuela,7.70131,-72.35569,831.4
La Villa del Rosario,Venezuela,10.3258,-72.31343,82.8
Quíbor,Venezuela,9.92866,-69.6201,690.2
Punto Fijo,Venezuela,11.6956,-70.19957,22.6
Punta Cardón,Venezuela,11.65806,-70.215,27.0
Puerto La Cruz,Venezuela,10.21667,-64.61667,23.6
Puerto Cabello,Venezuela,10.47306,-68.0125,5.2
Puerto Ayacucho,Venezuela,5.66389,-67.62361,74.2
Porlamar,Venezuela,10.95796,-63.84906,4.1
Petare,Venezuela,10.47226,-66.80155,902.9
Palo Negro,Venezuela,10.17389,-67.54194,436.1
Ocumare del Tuy,Venezuela,10.11649,-66.77609,189.0
Nirgua,Venezuela,10.15526,-68.5663,784.5
Mucumpiz,Venezuela,8.41667,-71.13333,2219.9
Morón,Venezuela,10.48889,-68.20028,12.7
Mérida,Venezuela,8.59524,-71.1434,1593.8
Mariara,Venezuela,10.29644,-67.71813,466.1
Maracay,Venezuela,10.24694,-67.59583,446.1
Maracaibo,Venezuela,10.63167,-71.64056,15.4
Maiquetía,Venezuela,10.59621,-66.95485,32.8
Machiques,Venezuela,10.06077,-72.55212,100.4
Los Teques,Venezuela,10.34447,-67.04325,1176.3
Los Rastrojos,Venezuela,10.02588,-69.24166,444.6
Los Dos Caminos,Venezuela,10.49389,-66.82863,873.8
La Victoria,Venezuela,10.21844,-67.33017,569.2
Las Tejerías,Venezuela,10.25237,-67.18472,487.6
Lagunillas,Venezuela,10.13008,-71.25946,-2.4
La Guaira,Venezuela,10.59901,-66.9346,19.3
Juan Griego,Venezuela,11.08172,-63.96549,3.4
Güiria,Venezuela,10.57806,-62.29771,8.6
Güigüe,Venezuela,10.08528,-67.77917,440.7
Guatire,Venezuela,10.4762,-66.54266,343.0
Guarenas,Venezuela,10.46736,-66.60663,359.9
Guanare,Venezuela,9.04183,-69.74206,161.8
Guacara,Venezuela,10.22609,-67.877,440.0
El Vigía,Venezuela,8.61366,-71.65284,113.3
El Tocuyo,Venezuela,9.78734,-69.7937,617.2
El Tigre,Venezuela,8.88752,-64.24544,291.7
El Limón,Venezuela,10.30589,-67.63212,490.6
El Hatillo,Venezuela,10.42994,-66.8161,1347.5
Ejido,Venezuela,8.54665,-71.24087,1140.4
Cumaná,Venezuela,10.45397,-64.18256,3.9
Cúa,Venezuela,10.15892,-66.88575,228.4
Coro,Venezuela,11.4045,-69.67344,22.8
Ciudad Guayana,Venezuela,8.35122,-62.64102,100.5
Ciudad Bolívar,Venezuela,8.12923,-63.54086,41.9
Chivacoa,Venezuela,10.16028,-68.895,301.2
Charallave,Venezuela,10.24247,-66.85723,305.8
Chacao,Venezuela,10.49598,-66.85347,888.8
Tacarigua,Venezuela,10.08621,-67.91982,423.1
Caucagüito,Venezuela,10.48666,-66.73799,718.3
Catia La Mar,Venezuela,10.60383,-67.03034,19.2
Carúpano,Venezuela,10.66781,-63.25849,11.3
Carrizal,Venezuela,10.34985,-66.98632,1319.3
Carora,Venezuela,10.17554,-70.08275,417.4
Caracas,Venezuela,10.48801,-66.87919,887.8
Caraballeda,Venezuela,10.61119,-66.85215,57.8
Cantaura,Venezuela,9.30571,-64.35841,258.6
Calabozo,Venezuela,8.92416,-67.42929,99.7
Cagua,Venezuela,10.18634,-67.45935,461.4
Cabimas,Venezuela,10.38828,-71.43993,6.4
Baruta,Venezuela,10.43398,-66.87662,1000.2
Barquisimeto,Venezuela,10.07389,-69.32278,572.6
Barinitas,Venezuela,8.76222,-70.41111,539.5
Barinas,Venezuela,8.62261,-70.20749,184.7
Barcelona,Venezuela,10.13333,-64.7,4.9
Araure,Venezuela,9.56009,-69.21475,195.6
Altagracia de Orituco,Venezuela,9.86005,-66.38139,346.6
Acarigua,Venezuela,9.55451,-69.19564,183.7
Maturín,Venezuela,9.74569,-63.18323,67.5
La Fría,Venezuela,8.21523,-72.24888,124.5
El Cafetal,Venezuela,10.46941,-66.83063,929.9
Caucaguita,Venezuela,10.35782,-66.80252,992.7
La Dolorita,Venezuela,10.4883,-66.78608,1032.8
Guasdualito,Venezuela,7.24241,-70.73235,130.6
San Fernando Apure,Venezuela,7.88782,-67.47236,44.9
Road Town,British Virgin Islands,18.42693,-64.62079,7.9
Tortola,British Virgin Islands,18.43882,-64.60382,303.1
Charlotte Amalie,U.S. Virgin Islands,18.3419,-64.9307,9.5
Saint Croix,U.S. Virgin Islands,17.72751,-64.74698,38.0
Yên Vinh,Vietnam,18.66667,105.66667,9.6
Yên Bái,Vietnam,21.72288,104.9113,52.8
Vũng Tàu,Vietnam,10.34599,107.08426,10.2
Vị Thanh,Vietnam,9.78449,105.47012,3.3
Vĩnh Yên,Vietnam,21.30891,105.60489,21.9
Vĩnh Long,Vietnam,10.25369,105.9722,7.0
Vinh,Vietnam,18.67337,105.69232,11.0
Việt Trì,Vietnam,21.32274,105.40198,23.1
Thành Phố Uông Bí,Vietnam,21.03433,106.77049,10.3
Tuy Hòa,Vietnam,13.09546,109.32094,6.2
Thành Phố Tuyên Quang,Vietnam,21.82356,105.21424,34.5
Trà Vinh,Vietnam,9.94719,106.34225,6.3
Thủ Dầu Một,Vietnam,10.9804,106.6519,16.3
Ho Chi Minh City,Vietnam,10.82302,106.62965,5.3
Thanh Hóa,Vietnam,19.8,105.76667,4.7
Thành Phố Thái Nguyên,Vietnam,21.59422,105.84817,35.2
Thành Phố Thái Bình,Vietnam,20.45,106.34002,7.7
Tây Ninh,Vietnam,11.31004,106.09828,22.4
Tân An,Vietnam,10.53589,106.41366,4.9
Tam Kỳ,Vietnam,15.57364,108.47403,10.6
Sơn Tây,Vietnam,21.14053,105.50686,14.7
Sơn La,Vietnam,21.3256,103.91882,606.5
Sông Cầu,Vietnam,13.4556,109.22348,5.7
Sóc Trăng,Vietnam,9.59995,105.97193,7.7
Sa Pá,Vietnam,22.34023,103.84415,1525.3
Sadek,Vietnam,10.29085,105.75635,5.9
Rạch Giá,Vietnam,10.01245,105.08091,4.5
Qui Nhon,Vietnam,13.77648,109.22367,5.0
Quảng Ngãi,Vietnam,15.12047,108.79232,10.6
Pleiku,Vietnam,13.98333,108,763.7
Thành Phố Phủ Lý,Vietnam,20.54531,105.91221,7.7
Phú Khương,Vietnam,11.28333,106.13333,14.4
Phan Thiết,Vietnam,10.92889,108.10208,7.0
Phan Rang-Tháp Chàm,Vietnam,11.56432,108.98858,8.4
Thành Phố Ninh Bình,Vietnam,20.25809,105.97965,7.5
Nha Trang,Vietnam,12.24507,109.19432,9.0
Thành Phố Nam Định,Vietnam,20.43389,106.17729,6.6
Mỹ Tho,Vietnam,10.36004,106.35996,8.6
Móng Cái,Vietnam,21.52471,107.96619,8.4
Long Xuyên,Vietnam,10.38639,105.43518,7.5
Lào Cai,Vietnam,22.48556,103.97066,89.8
Thành Phố Lạng Sơn,Vietnam,21.85264,106.76101,264.2
La Gi,Vietnam,10.65993,107.77206,6.5
Kon Tum,Vietnam,14.35451,108.00759,543.9
Hưng Yên,Vietnam,20.64637,106.05112,11.4
Huế,Vietnam,16.4619,107.59546,4.9
Thành Phố Hạ Long,Vietnam,20.95045,107.07336,7.3
Hội An,Vietnam,15.87944,108.335,6.8
Thành Phố Hòa Bình,Vietnam,20.81717,105.33759,31.8
Hà Tĩnh,Vietnam,18.34282,105.90569,4.3
Hà Tiên,Vietnam,10.3831,104.48753,4.4
Hanoi,Vietnam,21.0245,105.84117,13.5
Haiphong,Vietnam,20.86481,106.68345,6.2
Thành Phố Hải Dương,Vietnam,20.94099,106.33302,5.7
Thành Phố Hà Giang,Vietnam,22.82333,104.98357,109.8
Hà Đông,Vietnam,20.97136,105.77876,12.3
Don Luan,Vietnam,11.53495,106.88324,94.7
Kwang Binh,Vietnam,17.46885,106.62226,4.7
Ðông Hà,Vietnam,16.81625,107.10031,21.6
Dien Bien Phu,Vietnam,21.38602,103.02301,485.0
Da Nang,Vietnam,16.06778,108.22083,10.1
Ðà Lạt,Vietnam,11.94646,108.44193,1483.1
Củ Chi,Vietnam,10.97333,106.49325,17.2
Cho Dok,Vietnam,10.7,105.11667,4.2
Cát Bà,Vietnam,20.72779,107.04819,14.2
Cao Lãnh,Vietnam,10.46017,105.63294,6.7
Thành Phố Cao Bằng,Vietnam,22.66568,106.25786,195.7
Cần Thơ,Vietnam,10.03711,105.78825,5.4
Cần Giờ,Vietnam,10.41115,106.95474,4.5
Cần Giuộc,Vietnam,10.60857,106.67135,4.2
Cam Ranh,Vietnam,11.92144,109.15913,11.6
Cẩm Phả Mines,Vietnam,21.01667,107.3,196.6
Cà Mau,Vietnam,9.17682,105.15242,5.1
Buôn Ma Thuột,Vietnam,12.66747,108.03775,458.9
Bỉm Sơn,Vietnam,20.07806,105.86028,5.1
Biên Hòa,Vietnam,10.94469,106.82432,5.6
Bến Tre,Vietnam,10.24147,106.37585,3.4
Bảo Lộc,Vietnam,11.54798,107.80772,841.6
Bắc Ninh,Vietnam,21.18608,106.07631,6.4
Thành phố Bạc Liêu,Vietnam,9.29414,105.72776,4.2
Bắc Giang,Vietnam,21.27307,106.1946,12.3
Bắc Kạn,Vietnam,22.14701,105.83481,148.6
Đinh Văn,Vietnam,11.78624,108.24282,845.1
Port-Vila,Vanuatu,-17.73381,168.32188,59.8
Mata-Utu,Wallis and Futuna,-13.28163,-176.17453,10.1
Apia,Samoa,-13.83333,-171.76666,4.5
Zvečan,Kosovo,42.9075,20.84028,547.0
Vushtrri,Kosovo,42.82306,20.9675,526.3
Vitina,Kosovo,42.32139,21.35833,498.1
Ferizaj,Kosovo,42.37056,21.15528,579.3
Suva Reka,Kosovo,42.35861,20.825,388.2
Shtime,Kosovo,42.43306,21.03972,571.3
Prizren,Kosovo,42.21389,20.73972,417.8
Pristina,Kosovo,42.67272,21.16688,598.8
Podujeva,Kosovo,42.91056,21.19306,615.1
Pejë,Kosovo,42.65913,20.28828,511.3
Orahovac,Kosovo,42.39944,20.65472,392.9
Llazicë,Kosovo,42.55528,20.76333,634.6
Leposaviq,Kosovo,43.10389,20.80278,472.7
Mitrovicë,Kosovo,42.88333,20.86667,514.6
Kosovo Polje,Kosovo,42.66394,21.09611,560.6
Istok,Kosovo,42.78083,20.4875,466.6
Gjilan,Kosovo,42.46045,21.46986,511.9
Glogovac,Kosovo,42.62833,20.89389,582.9
Dragash,Kosovo,42.0265,20.65333,1053.7
Deçan,Kosovo,42.54018,20.28793,610.6
Gjakovë,Kosovo,42.38028,20.43083,364.6
Zinjibār,Yemen,13.12871,45.38073,18.0
Zabīd,Yemen,14.1951,43.31518,110.8
Yarīm,Yemen,14.29804,44.37795,2627.0
Ta‘izz,Yemen,13.57952,44.02091,1315.5
Sayyān,Yemen,15.17177,44.32442,2476.3
Sanaa,Yemen,15.35472,44.20667,2256.3
Saḩar,Yemen,15.31586,44.30858,2372.8
Sa'dah,Yemen,16.94021,43.76393,1873.4
Ma'rib,Yemen,15.46253,45.32581,1092.3
Laḩij,Yemen,13.05667,44.88194,137.1
Ibb,Yemen,13.96667,44.18333,1933.2
Ḩajjah,Yemen,15.69425,43.60582,1792.1
Dhī as Sufāl,Yemen,13.83446,44.11469,1860.5
Dhamār,Yemen,14.54274,44.40514,2417.9
Bayt al Faqīh,Yemen,14.51635,43.32446,153.5
Bājil,Yemen,15.05835,43.28506,189.1
Ataq,Yemen,14.53767,46.83187,1145.2
‘Amrān,Yemen,15.6594,43.94385,2239.0
Al Mukallā,Yemen,14.54248,49.12424,35.7
Al Ḩudaydah,Yemen,14.79781,42.95452,7.6
Al Ḩazm,Yemen,16.16406,44.77692,1110.0
Al Bayḑā’,Yemen,13.98523,45.57272,1996.4
Aden,Yemen,12.77944,45.03667,17.3
Mamoudzou,Mayotte,-12.78234,45.22878,21.2
Dzaoudzi,Mayotte,-12.78339,45.25693,23.5
Koungou,Mayotte,-12.73361,45.20417,32.0
Roodepoort,South Africa,-26.1625,27.8725,1731.3
Zeerust,South Africa,-25.53695,26.07512,1205.9
Wolmaransstad,South Africa,-27.1974,25.98311,1352.0
White River,South Africa,-25.33177,31.01166,938.3
Witbank,South Africa,-25.87133,29.23323,1625.4
Westonaria,South Africa,-26.31905,27.6486,1589.2
Wesselsbron,South Africa,-27.8549,26.36583,1314.5
Welkom,South Africa,-27.97742,26.73506,1376.8
Warrenton,South Africa,-28.11396,24.84753,1184.3
Warmbaths,South Africa,-24.88333,28.28333,1129.0
Vryheid,South Africa,-27.76952,30.79165,1168.8
Vryburg,South Africa,-26.95659,24.7284,1196.2
Volksrust,South Africa,-27.36541,29.88175,1661.8
Virginia,South Africa,-28.10391,26.86593,1321.2
Viljoenskroon,South Africa,-27.20841,26.94855,1339.7
Vereeniging,South Africa,-26.67313,27.92615,1441.7
Vanderbijlpark,South Africa,-26.71171,27.83795,1483.2
Upington,South Africa,-28.44776,21.25612,804.2
Mthatha,South Africa,-31.58893,28.78443,687.5
Umkomaas,South Africa,-30.20674,30.79776,34.8
Ulundi,South Africa,-28.33523,31.41617,483.0
Uitenhage,South Africa,-33.75757,25.3971,100.4
Tzaneen,South Africa,-23.83322,30.16351,712.0
Thohoyandou,South Africa,-22.94564,30.48497,720.6
Theunissen,South Africa,-28.41098,26.70107,1400.9
Thaba Nchu,South Africa,-29.20932,26.83898,1524.8
Tembisa,South Africa,-25.99636,28.2268,1573.5
Stutterheim,South Africa,-32.57076,27.42396,841.2
Stilfontein,South Africa,-26.84493,26.76829,1351.2
Stanger,South Africa,-29.32816,31.28954,102.4
Standerton,South Africa,-26.93366,29.24152,1564.1
Springs,South Africa,-26.25,28.4,1627.4
Soweto,South Africa,-26.26781,27.85849,1628.5
Somerset East,South Africa,-32.72173,25.58804,747.6
Siyabuswa,South Africa,-25.11319,29.04454,930.9
Senekal,South Africa,-28.31971,27.62082,1426.6
Secunda,South Africa,-26.55,29.16667,1590.2
Scottburgh,South Africa,-30.28666,30.75316,46.6
Schweizer-Reneke,South Africa,-27.18871,25.32931,1304.7
Sasolburg,South Africa,-26.81358,27.81695,1469.7
Rustenburg,South Africa,-25.66756,27.24208,1166.3
Richmond,South Africa,-29.87196,30.27235,887.4
Richards Bay,South Africa,-28.78301,32.03768,4.9
Reitz,South Africa,-27.80138,28.42726,1635.7
Randfontein,South Africa,-26.1844,27.70203,1714.1
Queenstown,South Africa,-31.89756,26.87533,1075.5
Queensdale,South Africa,-31.87101,26.97862,1198.0
Pretoria,South Africa,-25.74486,28.18783,1325.3
Mokopane,South Africa,-24.19436,29.00974,1113.4
Potchefstroom,South Africa,-26.71667,27.1,1329.9
Port Shepstone,South Africa,-30.74137,30.45499,32.2
Port Elizabeth,South Africa,-33.91799,25.57007,36.7
Port Alfred,South Africa,-33.59057,26.89104,22.7
Plettenberg Bay,South Africa,-34.05274,23.3716,76.4
Piet Retief,South Africa,-27.00706,30.81323,1248.0
Polokwane,South Africa,-23.90449,29.46885,1311.1
Pietermaritzburg,South Africa,-29.61679,30.39278,643.7
Phuthaditjhaba,South Africa,-28.52423,28.81582,1666.9
Phalaborwa,South Africa,-23.94299,31.14107,430.1
Parys,South Africa,-26.9033,27.45727,1391.3
Pampierstad,South Africa,-27.78324,24.68768,1075.0
Oudtshoorn,South Africa,-33.60047,22.19955,313.9
Orkney,South Africa,-26.98023,26.67272,1309.1
Modimolle,South Africa,-24.7,28.4,1170.2
Nkowakowa,South Africa,-23.88782,30.28708,573.7
Nigel,South Africa,-26.43138,28.47713,1559.8
Newcastle,South Africa,-27.75796,29.9318,1192.7
Nelspruit,South Africa,-25.47448,30.97033,674.7
Mpumalanga,South Africa,-29.81292,30.63646,709.0
Mpophomeni,South Africa,-29.56822,30.18618,1103.6
Mossel Bay,South Africa,-34.18307,22.14605,38.6
Mondlo,South Africa,-27.98299,30.71769,1148.4
Mmabatho,South Africa,-25.85,25.63333,1278.4
Middelburg,South Africa,-31.49285,25.00633,1245.9
Middelburg,South Africa,-25.77507,29.46482,1474.2
Messina,South Africa,-22.35131,30.0396,534.7
Margate,South Africa,-30.8636,30.37052,23.5
Mabopane,South Africa,-25.49768,28.10065,1223.1
Lydenburg,South Africa,-25.09598,30.44393,1366.3
Louis Trichardt,South Africa,-23.04385,29.90319,952.8
Lichtenburg,South Africa,-26.152,26.15968,1477.7
Lebowakgomo,South Africa,-24.2,29.5,1157.7
Lady Frere,South Africa,-31.70312,27.2329,1016.3
Ladybrand,South Africa,-29.19448,27.45739,1583.1
Kutloanong,South Africa,-27.83333,26.75,1326.8
Kruisfontein,South Africa,-34.00333,24.73142,224.5
Krugersdorp,South Africa,-26.08577,27.77515,1718.2
Kroonstad,South Africa,-27.65036,27.23488,1393.5
Kriel,South Africa,-26.27391,29.2253,1547.4
Komatipoort,South Africa,-25.43321,31.95478,153.6
Kokstad,South Africa,-30.54723,29.42412,1312.4
Knysna,South Africa,-34.03627,23.04713,6.7
Klerksdorp,South Africa,-26.85213,26.66672,1309.7
Kimberley,South Africa,-28.73226,24.76232,1219.8
Johannesburg,South Africa,-26.20227,28.04363,1747.4
Howick,South Africa,-29.47795,30.23057,1046.7
Hennenman,South Africa,-27.97654,27.02423,1394.3
Hendrina,South Africa,-26.15881,29.71528,1680.5
Heilbron,South Africa,-27.28115,27.9709,1534.9
Heidelberg,South Africa,-26.50476,28.35921,1520.7
Harrismith,South Africa,-28.27276,29.12946,1639.5
Grahamstown,South Africa,-33.30422,26.53276,550.3
Graaff-Reinet,South Africa,-32.25215,24.53075,751.5
Giyani,South Africa,-23.30246,30.71868,479.5
George,South Africa,-33.963,22.46173,229.7
Ga-Rankuwa,South Africa,-25.61692,27.99471,1242.7
Fort Beaufort,South Africa,-32.77477,26.63376,441.4
Fochville,South Africa,-26.48862,27.49387,1473.7
eSikhawini,South Africa,-28.87097,31.89961,11.9
Ermelo,South Africa,-26.53333,29.98333,1695.5
Empangeni,South Africa,-28.76197,31.89329,102.9
eMbalenhle,South Africa,-26.53333,29.06667,1570.4
East London,South Africa,-33.01529,27.91162,42.7
Durban,South Africa,-29.8579,31.0292,12.0
Dundee,South Africa,-28.16678,30.23371,1255.8
Duiwelskloof,South Africa,-23.69339,30.14002,867.8
Driefontein,South Africa,-27.0177,30.44979,1340.6
Delmas,South Africa,-26.1466,28.68322,1552.1
De Aar,South Africa,-30.64966,24.0123,1242.9
Cullinan,South Africa,-25.67088,28.52364,1448.4
Cradock,South Africa,-32.16422,25.61918,892.5
Christiana,South Africa,-27.91402,25.16111,1200.6
Carletonville,South Africa,-26.36094,27.39767,1522.5
Butterworth,South Africa,-32.33083,28.14981,540.8
Bronkhorstspruit,South Africa,-25.81015,28.74248,1393.9
Brits,South Africa,-25.63473,27.78022,1119.5
Brakpan,South Africa,-26.23656,28.36938,1627.3
Botshabelo,South Africa,-29.27016,26.7052,1400.3
Bothaville,South Africa,-27.3887,26.61701,1269.4
Boksburg,South Africa,-26.21197,28.25958,1614.1
Bloemhof,South Africa,-27.64685,25.60697,1228.3
Bloemfontein,South Africa,-29.12107,26.214,1393.5
Bhisho,South Africa,-32.84721,27.44218,531.7
Bethlehem,South Africa,-28.23078,28.30707,1629.4
Bethal,South Africa,-26.45794,29.46553,1652.2
Benoni,South Africa,-26.18848,28.32078,1640.0
Beaufort West,South Africa,-32.35671,22.58295,845.6
Barberton,South Africa,-25.78842,31.05319,852.8
Ballitoville,South Africa,-29.53897,31.21439,46.6
Balfour,South Africa,-26.66331,28.59016,1617.1
Allanridge,South Africa,-27.75431,26.64382,1318.4
Aliwal North,South Africa,-30.69366,26.71141,1319.5
Ekangala,South Africa,-25.69619,28.74918,1499.5
Midrand,South Africa,-25.98953,28.12843,1558.7
Centurion,South Africa,-25.85891,28.18577,1431.9
Worcester,South Africa,-33.64651,19.44852,232.2
Stellenbosch,South Africa,-33.93462,18.86676,117.8
Saldanha,South Africa,-33.01167,17.9442,22.2
Paarl,South Africa,-33.73378,18.97523,106.4
Malmesbury,South Africa,-33.4608,18.72714,131.3
Lansdowne,South Africa,-33.98735,18.49746,19.6
Kraaifontein,South Africa,-33.84808,18.71723,100.6
Hermanus,South Africa,-34.4187,19.23446,24.2
Grabouw,South Africa,-34.15152,19.01509,325.7
Ceres,South Africa,-33.36889,19.31095,454.5
Cape Town,South Africa,-33.92584,18.42322,28.4
Atlantis,South Africa,-33.56668,18.48335,174.0
Rondebosch,South Africa,-33.96333,18.47639,23.0
Retreat,South Africa,-34.05515,18.47617,10.0
Diepsloot,South Africa,-25.93312,28.01213,1406.8
Nchelenge,Zambia,-9.34506,28.73396,928.2
Mbala,Zambia,-8.84024,31.36587,1617.5
Kawambwa,Zambia,-9.7915,29.07913,1338.2
Siavonga,Zambia,-16.53818,28.70876,524.6
Sesheke,Zambia,-17.47593,24.29684,947.8
Samfya,Zambia,-11.36491,29.55652,1181.1
Petauke,Zambia,-14.24264,31.3253,1022.4
Ndola,Zambia,-12.95867,28.63659,1306.9
Mumbwa,Zambia,-14.98293,27.0619,1182.7
Mufulira,Zambia,-12.54982,28.24071,1285.1
Mpika,Zambia,-11.83431,31.45287,1427.5
Monze,Zambia,-16.28333,27.48333,1121.1
Mongu,Zambia,-15.24835,23.12741,1016.0
Mazabuka,Zambia,-15.85601,27.748,1049.0
Mansa,Zambia,-11.19976,28.89431,1211.1
Lusaka,Zambia,-15.40669,28.28713,1276.0
Luanshya,Zambia,-13.13667,28.41661,1234.6
Livingstone,Zambia,-17.84194,25.85425,962.9
Kitwe,Zambia,-12.80243,28.21323,1222.3
Kasama,Zambia,-10.21289,31.18084,1387.2
Kapiri Mposhi,Zambia,-13.97147,28.66985,1264.6
Kansanshi,Zambia,-12.09514,26.42727,1388.5
Kalulushi,Zambia,-12.84151,28.09479,1300.7
Kafue,Zambia,-15.76911,28.18136,992.5
Kabwe,Zambia,-14.4469,28.44644,1186.2
Choma,Zambia,-16.80648,26.95305,1322.4
Chipata,Zambia,-13.63333,32.65,1146.4
Chingola,Zambia,-12.52897,27.88382,1360.6
Chililabombwe,Zambia,-12.36475,27.82286,1312.7
Zvishavane,Zimbabwe,-20.32674,30.06648,986.2
Victoria Falls,Zimbabwe,-17.93285,25.83066,955.0
Shurugwi,Zimbabwe,-19.67016,30.00589,1476.5
Rusape,Zimbabwe,-18.52785,32.12843,1414.1
Redcliff,Zimbabwe,-19.03333,29.78333,1227.7
Norton,Zimbabwe,-17.88333,30.7,1361.9
Mutare,Zimbabwe,-18.9707,32.67086,1117.8
Masvingo,Zimbabwe,-20.06373,30.82766,1083.9
Marondera,Zimbabwe,-18.18527,31.55193,1666.6
Kwekwe,Zimbabwe,-18.92809,29.81486,1199.4
Karoi,Zimbabwe,-16.80993,29.69247,1256.7
Kariba,Zimbabwe,-16.51667,28.8,672.0
Kadoma,Zimbabwe,-18.33328,29.91534,1167.8
Hwange,Zimbabwe,-18.36446,26.49877,765.8
Harare,Zimbabwe,-17.82772,31.05337,1478.0
Gweru,Zimbabwe,-19.45,29.81667,1407.9
Gokwe,Zimbabwe,-18.20476,28.9349,1231.3
Chiredzi,Zimbabwe,-21.05,31.66667,427.1
Chipinge,Zimbabwe,-20.18833,32.62365,1101.6
Chinhoyi,Zimbabwe,-17.36667,30.2,1151.9
Chegutu,Zimbabwe,-18.13021,30.14074,1183.6
Bulawayo,Zimbabwe,-20.15,28.58333,1347.9
Bindura,Zimbabwe,-17.30192,31.33056,1115.3
Beitbridge,Zimbabwe,-22.21667,30,457.6
Epworth,Zimbabwe,-17.89,31.1475,1505.9
Chitungwiza,Zimbabwe,-18.01274,31.07555,1431.1
